instruction_id,source_id,cohort,feed_teams,bookmaker_teams,direct_url_evidence,kickoff,sport,competition,market_fingerprint,gender,age,squad_tier,reserve,academy,home_name_evidence,away_name_evidence,ocr_reread,old_stage,old_verdict,new_offline_verdict,reason
on-f60790912f832e069a602cfc,1475314653:69072,operational,"[""Orchies"", ""Lyon""]","[""Orchies"", ""LYONSO""]","{""status"": ""AGREE"", ""requested"": ""26747386"", ""observed"": null, ""independently_observed"": false, ""direct_link_capture"": true, ""basis"": ""recorded direct-link navigation plus captured unique event page""}","{""status"": ""AGREE"", ""feed"": ""2026-09-25T18:00:00+00:00"", ""page"": ""2026-09-25T19:00:00+01:00"", ""difference_seconds"": 0.0, ""tolerance_seconds"": 120}","{""status"": ""AGREE"", ""feed"": ""basketball"", ""page"": ""basketball""}","{""status"": ""AGREE"", ""feed"": ""nationale 1"", ""page"": ""france nationale 1"", ""approved_mapping"": false, ""reason"": ""compatible label""}","{""status"": ""AGREE"", ""alert_market_fingerprint"": {""market"": ""SPREAD"", ""side"": ""AWAY"", ""line"": ""+1.5"", ""period"": ""FULL_GAME"", ""prices"": {""HOME"": ""1.83"", ""AWAY"": ""1.83""}}, ""page_market_fingerprint"": {""market"": ""SPREAD"", ""side"": ""AWAY"", ""line"": ""+1.5"", ""prices"": {""HOME"": ""1.83"", ""AWAY"": ""1.83""}, ""period"": ""FULL_GAME""}, ""fingerprint_match"": ""MATCHES""}","{""home"": {""status"": ""UNKNOWN"", ""feed"": null, ""page"": null, ""supplied_by_competition"": false}, ""away"": {""status"": ""UNKNOWN"", ""feed"": null, ""page"": null, ""supplied_by_competition"": false}}","{""home"": {""status"": ""UNKNOWN"", ""feed"": null, ""page"": null, ""supplied_by_competition"": false}, ""away"": {""status"": ""UNKNOWN"", ""feed"": null, ""page"": null, ""supplied_by_competition"": false}}","{""home"": {""status"": ""UNKNOWN"", ""feed"": null, ""page"": null, ""supplied_by_competition"": false}, ""away"": {""status"": ""UNKNOWN"", ""feed"": null, ""page"": null, ""supplied_by_competition"": false}}","{""home"": {""status"": ""UNKNOWN"", ""feed"": null, ""page"": null, ""supplied_by_competition"": false}, ""away"": {""status"": ""UNKNOWN"", ""feed"": null, ""page"": null, ""supplied_by_competition"": false}}","{""home"": {""status"": ""UNKNOWN"", ""feed"": null, ""page"": null, ""supplied_by_competition"": false}, ""away"": {""status"": ""UNKNOWN"", ""feed"": null, ""page"": null, ""supplied_by_competition"": false}}","{""feed"": {""name"": ""Orchies"", ""source"": ""structured"", ""confidence"": null, ""original_name"": ""Orchies"", ""reread_used"": false, ""dimensions"": {""gender"": null, ""age_group"": null, ""squad_tier"": null, ""reserve"": null, ""academy"": null}}, ""page"": {""name"": ""Orchies"", ""source"": ""ocr"", ""confidence"": null, ""original_name"": ""Orchies"", ""reread_used"": false, ""dimensions"": {""gender"": null, ""age_group"": null, ""squad_tier"": null, ""reserve"": null, ""academy"": null}}, ""kind"": ""EXACT"", ""compatible"": true, ""strong"": true, ""shared_distinctive_tokens"": [""orchies""], ""similarity"": 1.0}","{""feed"": {""name"": ""Lyon"", ""source"": ""structured"", ""confidence"": null, ""original_name"": ""Lyon"", ""reread_used"": false, ""dimensions"": {""gender"": null, ""age_group"": null, ""squad_tier"": null, ""reserve"": null, ""academy"": null}}, ""page"": {""name"": ""LYONSO"", ""source"": ""ocr"", ""confidence"": null, ""original_name"": ""LYONSO"", ""reread_used"": false, ""dimensions"": {""gender"": null, ""age_group"": null, ""squad_tier"": null, ""reserve"": null, ""academy"": null}}, ""kind"": ""UNRELATED"", ""compatible"": false, ""strong"": false, ""shared_distinctive_tokens"": [], ""similarity"": 0.0}","{""home"": {""original"": {""name"": ""Orchies"", ""source"": ""ocr"", ""confidence"": null}, ""used"": false}, ""away"": {""original"": {""name"": ""LYONSO"", ""source"": ""ocr"", ""confidence"": null}, ""used"": false}}",WRONG_EVENT,MISMATCH,AMBIGUOUS,"{""conflicts"": [], ""needs_recheck"": [], ""missing"": [""names_incomplete_or_unrelated""]}"
on-7e7371a77917caeec0115220,1475314653:69081,operational,"[""Saga Ballooners"", ""Hiroshima Dragonflies""]","[""Saga Ballooners"", ""Hiroshima Dragonflies V""]","{""status"": ""AGREE"", ""requested"": ""26737826"", ""observed"": null, ""independently_observed"": false, ""direct_link_capture"": true, ""basis"": ""recorded direct-link navigation plus captured unique event page""}","{""status"": ""AGREE"", ""feed"": ""2026-09-25T09:45:00+00:00"", ""page"": ""2026-09-25T10:45:00+01:00"", ""difference_seconds"": 0.0, ""tolerance_seconds"": 120}","{""status"": ""AGREE"", ""feed"": ""basketball"", ""page"": ""basketball""}","{""status"": ""AGREE"", ""feed"": ""b league"", ""page"": ""japan b league"", ""approved_mapping"": false, ""reason"": ""compatible label""}","{""status"": ""CONFLICT"", ""alert_market_fingerprint"": {""market"": ""TOTALS"", ""side"": ""OVER"", ""line"": ""166"", ""period"": ""FULL_GAME"", ""prices"": {""OVER"": ""2.00"", ""UNDER"": ""1.71""}}, ""page_market_fingerprint"": {""market"": ""TOTALS"", ""side"": ""OVER"", ""line"": ""164.5"", ""prices"": {""OVER"": ""1.83"", ""UNDER"": ""1.83""}, ""period"": ""FULL_GAME""}, ""fingerprint_match"": ""CONFLICT"", ""reason"": ""Line/price snapshot differs without corroborating history""}","{""home"": {""status"": ""UNKNOWN"", ""feed"": null, ""page"": null, ""supplied_by_competition"": false}, ""away"": {""status"": ""UNKNOWN"", ""feed"": null, ""page"": null, ""supplied_by_competition"": false}}","{""home"": {""status"": ""UNKNOWN"", ""feed"": null, ""page"": null, ""supplied_by_competition"": false}, ""away"": {""status"": ""UNKNOWN"", ""feed"": null, ""page"": null, ""supplied_by_competition"": false}}","{""home"": {""status"": ""UNKNOWN"", ""feed"": null, ""page"": null, ""supplied_by_competition"": false}, ""away"": {""status"": ""UNKNOWN"", ""feed"": null, ""page"": null, ""supplied_by_competition"": false}}","{""home"": {""status"": ""UNKNOWN"", ""feed"": null, ""page"": null, ""supplied_by_competition"": false}, ""away"": {""status"": ""UNKNOWN"", ""feed"": null, ""page"": null, ""supplied_by_competition"": false}}","{""home"": {""status"": ""UNKNOWN"", ""feed"": null, ""page"": null, ""supplied_by_competition"": false}, ""away"": {""status"": ""UNKNOWN"", ""feed"": null, ""page"": null, ""supplied_by_competition"": false}}","{""feed"": {""name"": ""Saga Ballooners"", ""source"": ""structured"", ""confidence"": null, ""original_name"": ""Saga Ballooners"", ""reread_used"": false, ""dimensions"": {""gender"": null, ""age_group"": null, ""squad_tier"": null, ""reserve"": null, ""academy"": null}}, ""page"": {""name"": ""Saga Ballooners"", ""source"": ""ocr"", ""confidence"": null, ""original_name"": ""Saga Ballooners"", ""reread_used"": false, ""dimensions"": {""gender"": null, ""age_group"": null, ""squad_tier"": null, ""reserve"": null, ""academy"": null}}, ""kind"": ""EXACT"", ""compatible"": true, ""strong"": true, ""shared_distinctive_tokens"": [""ballooners"", ""saga""], ""similarity"": 1.0}","{""feed"": {""name"": ""Hiroshima Dragonflies"", ""source"": ""structured"", ""confidence"": null, ""original_name"": ""Hiroshima Dragonflies"", ""reread_used"": false, ""dimensions"": {""gender"": null, ""age_group"": null, ""squad_tier"": null, ""reserve"": null, ""academy"": null}}, ""page"": {""name"": ""Hiroshima Dragonflies V"", ""source"": ""ocr"", ""confidence"": null, ""original_name"": ""Hiroshima Dragonflies V"", ""reread_used"": false, ""dimensions"": {""gender"": null, ""age_group"": null, ""squad_tier"": null, ""reserve"": null, ""academy"": null}}, ""kind"": ""TOKEN_CONTAINMENT"", ""compatible"": true, ""strong"": true, ""shared_distinctive_tokens"": [""dragonflies"", ""hiroshima""], ""similarity"": 0.9302}","{""home"": {""original"": {""name"": ""Saga Ballooners"", ""source"": ""ocr"", ""confidence"": null}, ""used"": false}, ""away"": {""original"": {""name"": ""Hiroshima Dragonflies V"", ""source"": ""ocr"", ""confidence"": null}, ""used"": false}}",TARGET_NOT_FOUND,EXACT,CONFLICT,"{""conflicts"": [""market_fingerprint""], ""needs_recheck"": [], ""missing"": []}"
on-c7e5d94c9f015affa329186c,1475314653:69084,operational,"[""Explosivas de Moca"", ""Leonas De Ponce""]","[""Explosivas de Moca (W)"", ""Leonas de Ponce (W)""]","{""status"": ""AGREE"", ""requested"": ""26809995"", ""observed"": null, ""independently_observed"": false, ""direct_link_capture"": true, ""basis"": ""recorded direct-link navigation plus captured unique event page""}","{""status"": ""AGREE"", ""feed"": ""2026-09-26T00:00:00+00:00"", ""page"": ""2026-09-26T01:00:00+01:00"", ""difference_seconds"": 0.0, ""tolerance_seconds"": 120}","{""status"": ""AGREE"", ""feed"": ""basketball"", ""page"": ""basketball""}","{""status"": ""AGREE"", ""feed"": ""superior nacional women"", ""page"": ""puerto rico superior nacional women"", ""approved_mapping"": false, ""reason"": ""compatible label""}","{""status"": ""AGREE"", ""alert_market_fingerprint"": {""market"": ""SPREAD"", ""side"": ""AWAY"", ""line"": ""+5.5"", ""period"": ""FULL_GAME"", ""prices"": {""HOME"": ""1.80"", ""AWAY"": ""1.86""}}, ""page_market_fingerprint"": {""market"": ""SPREAD"", ""side"": ""AWAY"", ""line"": ""+5.5"", ""prices"": {""HOME"": ""1.80"", ""AWAY"": ""1.86""}, ""period"": ""FULL_GAME""}, ""fingerprint_match"": ""MATCHES""}","{""home"": {""status"": ""AGREE"", ""feed"": ""women"", ""page"": ""women"", ""supplied_by_competition"": true}, ""away"": {""status"": ""AGREE"", ""feed"": ""women"", ""page"": ""women"", ""supplied_by_competition"": true}}","{""home"": {""status"": ""UNKNOWN"", ""feed"": null, ""page"": null, ""supplied_by_competition"": false}, ""away"": {""status"": ""UNKNOWN"", ""feed"": null, ""page"": null, ""supplied_by_competition"": false}}","{""home"": {""status"": ""UNKNOWN"", ""feed"": null, ""page"": null, ""supplied_by_competition"": false}, ""away"": {""status"": ""UNKNOWN"", ""feed"": null, ""page"": null, ""supplied_by_competition"": false}}","{""home"": {""status"": ""UNKNOWN"", ""feed"": null, ""page"": null, ""supplied_by_competition"": false}, ""away"": {""status"": ""UNKNOWN"", ""feed"": null, ""page"": null, ""supplied_by_competition"": false}}","{""home"": {""status"": ""UNKNOWN"", ""feed"": null, ""page"": null, ""supplied_by_competition"": false}, ""away"": {""status"": ""UNKNOWN"", ""feed"": null, ""page"": null, ""supplied_by_competition"": false}}","{""feed"": {""name"": ""Explosivas de Moca"", ""source"": ""structured"", ""confidence"": null, ""original_name"": ""Explosivas de Moca"", ""reread_used"": false, ""dimensions"": {""gender"": null, ""age_group"": null, ""squad_tier"": null, ""reserve"": null, ""academy"": null}}, ""page"": {""name"": ""Explosivas de Moca (W)"", ""source"": ""ocr"", ""confidence"": null, ""original_name"": ""Explosivas de Moca (W)"", ""reread_used"": false, ""dimensions"": {""gender"": ""women"", ""age_group"": null, ""squad_tier"": null, ""reserve"": null, ""academy"": null}}, ""kind"": ""CANONICAL_MATCH"", ""compatible"": true, ""strong"": true, ""shared_distinctive_tokens"": [""explosivas"", ""moca""], ""similarity"": 1.0}","{""feed"": {""name"": ""Leonas De Ponce"", ""source"": ""structured"", ""confidence"": null, ""original_name"": ""Leonas De Ponce"", ""reread_used"": false, ""dimensions"": {""gender"": null, ""age_group"": null, ""squad_tier"": null, ""reserve"": null, ""academy"": null}}, ""page"": {""name"": ""Leonas de Ponce (W)"", ""source"": ""ocr"", ""confidence"": null, ""original_name"": ""Leonas de Ponce (W)"", ""reread_used"": false, ""dimensions"": {""gender"": ""women"", ""age_group"": null, ""squad_tier"": null, ""reserve"": null, ""academy"": null}}, ""kind"": ""CANONICAL_MATCH"", ""compatible"": true, ""strong"": true, ""shared_distinctive_tokens"": [""leonas"", ""ponce""], ""similarity"": 1.0}","{""home"": {""original"": {""name"": ""Explosivas de Moca (W)"", ""source"": ""ocr"", ""confidence"": null}, ""used"": false}, ""away"": {""original"": {""name"": ""Leonas de Ponce (W)"", ""source"": ""ocr"", ""confidence"": null}, ""used"": false}}",WRONG_EVENT,MISMATCH,DIRECT_URL_CONFIRMED_NAME_VARIANT,"{""conflicts"": [], ""needs_recheck"": [], ""missing"": []}"
on-3df5c41a1856a1ab0a12fc25,1475314653:69252,operational,"[""Boras Basket"", ""Nassjo Basket""]","[""Boras Basket"", ""Nassjo Basket v""]","{""status"": ""AGREE"", ""requested"": ""26741037"", ""observed"": null, ""independently_observed"": false, ""direct_link_capture"": true, ""basis"": ""recorded direct-link navigation plus captured unique event page""}","{""status"": ""AGREE"", ""feed"": ""2026-09-25T17:04:00+00:00"", ""page"": ""2026-09-25T18:04:00+01:00"", ""difference_seconds"": 0.0, ""tolerance_seconds"": 120}","{""status"": ""AGREE"", ""feed"": ""basketball"", ""page"": ""basketball""}","{""status"": ""AGREE"", ""feed"": ""basketligan"", ""page"": ""sweden basketligan"", ""approved_mapping"": false, ""reason"": ""compatible label""}","{""status"": ""CONFLICT"", ""alert_market_fingerprint"": {""market"": ""SPREAD"", ""side"": ""AWAY"", ""line"": ""+14"", ""period"": ""FULL_GAME"", ""prices"": {""HOME"": ""1.66"", ""AWAY"": ""2.10""}}, ""page_market_fingerprint"": {""market"": ""SPREAD"", ""side"": ""AWAY"", ""line"": ""+14.5"", ""prices"": {""HOME"": ""1.83"", ""AWAY"": ""1.83""}, ""period"": ""FULL_GAME""}, ""fingerprint_match"": ""CONFLICT"", ""reason"": ""Line/price snapshot differs without corroborating history""}","{""home"": {""status"": ""UNKNOWN"", ""feed"": null, ""page"": null, ""supplied_by_competition"": false}, ""away"": {""status"": ""UNKNOWN"", ""feed"": null, ""page"": null, ""supplied_by_competition"": false}}","{""home"": {""status"": ""UNKNOWN"", ""feed"": null, ""page"": null, ""supplied_by_competition"": false}, ""away"": {""status"": ""UNKNOWN"", ""feed"": null, ""page"": null, ""supplied_by_competition"": false}}","{""home"": {""status"": ""UNKNOWN"", ""feed"": null, ""page"": null, ""supplied_by_competition"": false}, ""away"": {""status"": ""UNKNOWN"", ""feed"": null, ""page"": null, ""supplied_by_competition"": false}}","{""home"": {""status"": ""UNKNOWN"", ""feed"": null, ""page"": null, ""supplied_by_competition"": false}, ""away"": {""status"": ""UNKNOWN"", ""feed"": null, ""page"": null, ""supplied_by_competition"": false}}","{""home"": {""status"": ""UNKNOWN"", ""feed"": null, ""page"": null, ""supplied_by_competition"": false}, ""away"": {""status"": ""UNKNOWN"", ""feed"": null, ""page"": null, ""supplied_by_competition"": false}}","{""feed"": {""name"": ""Boras Basket"", ""source"": ""structured"", ""confidence"": null, ""original_name"": ""Boras Basket"", ""reread_used"": false, ""dimensions"": {""gender"": null, ""age_group"": null, ""squad_tier"": null, ""reserve"": null, ""academy"": null}}, ""page"": {""name"": ""Boras Basket"", ""source"": ""ocr"", ""confidence"": null, ""original_name"": ""Boras Basket"", ""reread_used"": false, ""dimensions"": {""gender"": null, ""age_group"": null, ""squad_tier"": null, ""reserve"": null, ""academy"": null}}, ""kind"": ""EXACT"", ""compatible"": true, ""strong"": true, ""shared_distinctive_tokens"": [""boras""], ""similarity"": 1.0}","{""feed"": {""name"": ""Nassjo Basket"", ""source"": ""structured"", ""confidence"": null, ""original_name"": ""Nassjo Basket"", ""reread_used"": false, ""dimensions"": {""gender"": null, ""age_group"": null, ""squad_tier"": null, ""reserve"": null, ""academy"": null}}, ""page"": {""name"": ""Nassjo Basket v"", ""source"": ""ocr"", ""confidence"": null, ""original_name"": ""Nassjo Basket v"", ""reread_used"": false, ""dimensions"": {""gender"": null, ""age_group"": null, ""squad_tier"": null, ""reserve"": null, ""academy"": null}}, ""kind"": ""TOKEN_CONTAINMENT"", ""compatible"": true, ""strong"": true, ""shared_distinctive_tokens"": [""nassjo""], ""similarity"": 0.8846}","{""home"": {""original"": {""name"": ""Boras Basket"", ""source"": ""ocr"", ""confidence"": null}, ""used"": false}, ""away"": {""original"": {""name"": ""Nassjo Basket v"", ""source"": ""ocr"", ""confidence"": null}, ""used"": false}}",TARGET_NOT_FOUND,EXACT,CONFLICT,"{""conflicts"": [""market_fingerprint""], ""needs_recheck"": [], ""missing"": []}"
on-d0c9a4033e16c9ee01fb4d41,1475314653:69271,operational,"[""Rytas Vilnius"", ""Atletico Boca Juniors""]","[""Rytas"", ""Boca Juniors""]","{""status"": ""AGREE"", ""requested"": ""26824005"", ""observed"": null, ""independently_observed"": false, ""direct_link_capture"": true, ""basis"": ""recorded direct-link navigation plus captured unique event page""}","{""status"": ""AGREE"", ""feed"": ""2026-09-26T11:30:00+00:00"", ""page"": ""2026-09-26T12:30:00+01:00"", ""difference_seconds"": 0.0, ""tolerance_seconds"": 120}","{""status"": ""AGREE"", ""feed"": ""basketball"", ""page"": ""basketball""}","{""status"": ""AGREE"", ""feed"": ""intercontinental cup"", ""page"": ""fiba intercontinental cup"", ""approved_mapping"": false, ""reason"": ""compatible label""}","{""status"": ""CONFLICT"", ""alert_market_fingerprint"": {""market"": ""TOTALS"", ""side"": ""OVER"", ""line"": ""167.5"", ""period"": ""FULL_GAME"", ""prices"": {""OVER"": ""1.83"", ""UNDER"": ""1.83""}}, ""page_market_fingerprint"": {""market"": ""TOTALS"", ""side"": ""OVER"", ""line"": ""171.5"", ""prices"": {""OVER"": ""1.80"", ""UNDER"": ""1.86""}, ""period"": ""FULL_GAME""}, ""fingerprint_match"": ""CONFLICT"", ""reason"": ""Line/price snapshot differs without corroborating history""}","{""home"": {""status"": ""UNKNOWN"", ""feed"": null, ""page"": null, ""supplied_by_competition"": false}, ""away"": {""status"": ""UNKNOWN"", ""feed"": null, ""page"": null, ""supplied_by_competition"": false}}","{""home"": {""status"": ""UNKNOWN"", ""feed"": null, ""page"": null, ""supplied_by_competition"": false}, ""away"": {""status"": ""UNKNOWN"", ""feed"": null, ""page"": null, ""supplied_by_competition"": false}}","{""home"": {""status"": ""UNKNOWN"", ""feed"": null, ""page"": null, ""supplied_by_competition"": false}, ""away"": {""status"": ""UNKNOWN"", ""feed"": null, ""page"": null, ""supplied_by_competition"": false}}","{""home"": {""status"": ""UNKNOWN"", ""feed"": null, ""page"": null, ""supplied_by_competition"": false}, ""away"": {""status"": ""UNKNOWN"", ""feed"": null, ""page"": null, ""supplied_by_competition"": false}}","{""home"": {""status"": ""UNKNOWN"", ""feed"": null, ""page"": null, ""supplied_by_competition"": false}, ""away"": {""status"": ""UNKNOWN"", ""feed"": null, ""page"": null, ""supplied_by_competition"": false}}","{""feed"": {""name"": ""Rytas Vilnius"", ""source"": ""structured"", ""confidence"": null, ""original_name"": ""Rytas Vilnius"", ""reread_used"": false, ""dimensions"": {""gender"": null, ""age_group"": null, ""squad_tier"": null, ""reserve"": null, ""academy"": null}}, ""page"": {""name"": ""Rytas"", ""source"": ""ocr"", ""confidence"": null, ""original_name"": ""Rytas"", ""reread_used"": false, ""dimensions"": {""gender"": null, ""age_group"": null, ""squad_tier"": null, ""reserve"": null, ""academy"": null}}, ""kind"": ""TOKEN_CONTAINMENT"", ""compatible"": true, ""strong"": false, ""shared_distinctive_tokens"": [""rytas""], ""similarity"": 0.5}","{""feed"": {""name"": ""Atletico Boca Juniors"", ""source"": ""structured"", ""confidence"": null, ""original_name"": ""Atletico Boca Juniors"", ""reread_used"": false, ""dimensions"": {""gender"": null, ""age_group"": null, ""squad_tier"": null, ""reserve"": null, ""academy"": null}}, ""page"": {""name"": ""Boca Juniors"", ""source"": ""ocr"", ""confidence"": null, ""original_name"": ""Boca Juniors"", ""reread_used"": false, ""dimensions"": {""gender"": null, ""age_group"": null, ""squad_tier"": null, ""reserve"": null, ""academy"": null}}, ""kind"": ""CANONICAL_MATCH"", ""compatible"": true, ""strong"": true, ""shared_distinctive_tokens"": [""boca"", ""juniors""], ""similarity"": 1.0}","{""home"": {""original"": {""name"": ""Rytas"", ""source"": ""ocr"", ""confidence"": null}, ""used"": false}, ""away"": {""original"": {""name"": ""Boca Juniors"", ""source"": ""ocr"", ""confidence"": null}, ""used"": false}}",ALIAS_REQUIRED,AMBIGUOUS,CONFLICT,"{""conflicts"": [""market_fingerprint""], ""needs_recheck"": [], ""missing"": []}"
on-205de8454e182f2de4fd9052,1475314653:69293,operational,"[""Poitiers"", ""Evreux""]","[""Poitiers"", ""Evreux""]","{""status"": ""AGREE"", ""requested"": ""26738533"", ""observed"": null, ""independently_observed"": false, ""direct_link_capture"": true, ""basis"": ""recorded direct-link navigation plus captured unique event page""}","{""status"": ""AGREE"", ""feed"": ""2026-09-25T18:00:00+00:00"", ""page"": ""2026-09-25T19:00:00+01:00"", ""difference_seconds"": 0.0, ""tolerance_seconds"": 120}","{""status"": ""AGREE"", ""feed"": ""basketball"", ""page"": ""basketball""}","{""status"": ""UNKNOWN"", ""feed"": ""championnat pro b"", ""page"": ""france ligue b"", ""approved_mapping"": false, ""reason"": ""unmapped label or conflicting independent evidence""}","{""status"": ""CONFLICT"", ""alert_market_fingerprint"": {""market"": ""SPREAD"", ""side"": ""AWAY"", ""line"": ""+8.5"", ""period"": ""FULL_GAME"", ""prices"": {""HOME"": ""1.64"", ""AWAY"": ""2.12""}}, ""page_market_fingerprint"": {""market"": ""SPREAD"", ""side"": ""AWAY"", ""line"": ""+5.5"", ""prices"": {""HOME"": ""1.83"", ""AWAY"": ""1.83""}, ""period"": ""FULL_GAME""}, ""fingerprint_match"": ""CONFLICT"", ""reason"": ""Line/price snapshot differs without corroborating history""}","{""home"": {""status"": ""UNKNOWN"", ""feed"": null, ""page"": null, ""supplied_by_competition"": false}, ""away"": {""status"": ""UNKNOWN"", ""feed"": null, ""page"": null, ""supplied_by_competition"": false}}","{""home"": {""status"": ""UNKNOWN"", ""feed"": null, ""page"": null, ""supplied_by_competition"": false}, ""away"": {""status"": ""UNKNOWN"", ""feed"": null, ""page"": null, ""supplied_by_competition"": false}}","{""home"": {""status"": ""UNKNOWN"", ""feed"": null, ""page"": null, ""supplied_by_competition"": false}, ""away"": {""status"": ""UNKNOWN"", ""feed"": null, ""page"": null, ""supplied_by_competition"": false}}","{""home"": {""status"": ""UNKNOWN"", ""feed"": null, ""page"": null, ""supplied_by_competition"": false}, ""away"": {""status"": ""UNKNOWN"", ""feed"": null, ""page"": null, ""supplied_by_competition"": false}}","{""home"": {""status"": ""UNKNOWN"", ""feed"": null, ""page"": null, ""supplied_by_competition"": false}, ""away"": {""status"": ""UNKNOWN"", ""feed"": null, ""page"": null, ""supplied_by_competition"": false}}","{""feed"": {""name"": ""Poitiers"", ""source"": ""structured"", ""confidence"": null, ""original_name"": ""Poitiers"", ""reread_used"": false, ""dimensions"": {""gender"": null, ""age_group"": null, ""squad_tier"": null, ""reserve"": null, ""academy"": null}}, ""page"": {""name"": ""Poitiers"", ""source"": ""ocr"", ""confidence"": null, ""original_name"": ""Poitiers"", ""reread_used"": false, ""dimensions"": {""gender"": null, ""age_group"": null, ""squad_tier"": null, ""reserve"": null, ""academy"": null}}, ""kind"": ""EXACT"", ""compatible"": true, ""strong"": true, ""shared_distinctive_tokens"": [""poitiers""], ""similarity"": 1.0}","{""feed"": {""name"": ""Evreux"", ""source"": ""structured"", ""confidence"": null, ""original_name"": ""Evreux"", ""reread_used"": false, ""dimensions"": {""gender"": null, ""age_group"": null, ""squad_tier"": null, ""reserve"": null, ""academy"": null}}, ""page"": {""name"": ""Evreux"", ""source"": ""ocr"", ""confidence"": null, ""original_name"": ""Evreux"", ""reread_used"": false, ""dimensions"": {""gender"": null, ""age_group"": null, ""squad_tier"": null, ""reserve"": null, ""academy"": null}}, ""kind"": ""EXACT"", ""compatible"": true, ""strong"": true, ""shared_distinctive_tokens"": [""evreux""], ""similarity"": 1.0}","{""home"": {""original"": {""name"": ""Poitiers"", ""source"": ""ocr"", ""confidence"": null}, ""used"": false}, ""away"": {""original"": {""name"": ""Evreux"", ""source"": ""ocr"", ""confidence"": null}, ""used"": false}}",TARGET_NOT_FOUND,EXACT,CONFLICT,"{""conflicts"": [""market_fingerprint""], ""needs_recheck"": [], ""missing"": [""competition""]}"
on-628da5f5c4b471eb1ef7f49c,1475314653:69297,operational,"[""Seoul SK Knights"", ""Wonju Dongbu Promy""]","[""Seoul Knights"", ""Wonju Promy v""]","{""status"": ""AGREE"", ""requested"": ""26817976"", ""observed"": null, ""independently_observed"": false, ""direct_link_capture"": true, ""basis"": ""recorded direct-link navigation plus captured unique event page""}","{""status"": ""AGREE"", ""feed"": ""2026-09-26T05:00:00+00:00"", ""page"": ""2026-09-26T06:00:00+01:00"", ""difference_seconds"": 0.0, ""tolerance_seconds"": 120}","{""status"": ""AGREE"", ""feed"": ""basketball"", ""page"": ""basketball""}","{""status"": ""AGREE"", ""feed"": ""club friendlies"", ""page"": ""club friendlies"", ""approved_mapping"": false, ""reason"": ""compatible label""}","{""status"": ""CONFLICT"", ""alert_market_fingerprint"": {""market"": ""SPREAD"", ""side"": ""AWAY"", ""line"": ""-5.5"", ""period"": ""FULL_GAME"", ""prices"": {""HOME"": ""1.83"", ""AWAY"": ""1.83""}}, ""page_market_fingerprint"": {""market"": ""SPREAD"", ""side"": ""AWAY"", ""line"": ""-7.5"", ""prices"": {""HOME"": ""1.83"", ""AWAY"": ""1.83""}, ""period"": ""FULL_GAME""}, ""fingerprint_match"": ""CONFLICT"", ""reason"": ""Line/price snapshot differs without corroborating history""}","{""home"": {""status"": ""UNKNOWN"", ""feed"": null, ""page"": null, ""supplied_by_competition"": false}, ""away"": {""status"": ""UNKNOWN"", ""feed"": null, ""page"": null, ""supplied_by_competition"": false}}","{""home"": {""status"": ""UNKNOWN"", ""feed"": null, ""page"": null, ""supplied_by_competition"": false}, ""away"": {""status"": ""UNKNOWN"", ""feed"": null, ""page"": null, ""supplied_by_competition"": false}}","{""home"": {""status"": ""UNKNOWN"", ""feed"": null, ""page"": null, ""supplied_by_competition"": false}, ""away"": {""status"": ""UNKNOWN"", ""feed"": null, ""page"": null, ""supplied_by_competition"": false}}","{""home"": {""status"": ""UNKNOWN"", ""feed"": null, ""page"": null, ""supplied_by_competition"": false}, ""away"": {""status"": ""UNKNOWN"", ""feed"": null, ""page"": null, ""supplied_by_competition"": false}}","{""home"": {""status"": ""UNKNOWN"", ""feed"": null, ""page"": null, ""supplied_by_competition"": false}, ""away"": {""status"": ""UNKNOWN"", ""feed"": null, ""page"": null, ""supplied_by_competition"": false}}","{""feed"": {""name"": ""Seoul SK Knights"", ""source"": ""structured"", ""confidence"": null, ""original_name"": ""Seoul SK Knights"", ""reread_used"": false, ""dimensions"": {""gender"": null, ""age_group"": null, ""squad_tier"": null, ""reserve"": null, ""academy"": null}}, ""page"": {""name"": ""Seoul Knights"", ""source"": ""ocr"", ""confidence"": null, ""original_name"": ""Seoul Knights"", ""reread_used"": false, ""dimensions"": {""gender"": null, ""age_group"": null, ""squad_tier"": null, ""reserve"": null, ""academy"": null}}, ""kind"": ""TOKEN_CONTAINMENT"", ""compatible"": true, ""strong"": true, ""shared_distinctive_tokens"": [""knights"", ""seoul""], ""similarity"": 0.6667}","{""feed"": {""name"": ""Wonju Dongbu Promy"", ""source"": ""structured"", ""confidence"": null, ""original_name"": ""Wonju Dongbu Promy"", ""reread_used"": false, ""dimensions"": {""gender"": null, ""age_group"": null, ""squad_tier"": null, ""reserve"": null, ""academy"": null}}, ""page"": {""name"": ""Wonju Promy v"", ""source"": ""ocr"", ""confidence"": null, ""original_name"": ""Wonju Promy v"", ""reread_used"": false, ""dimensions"": {""gender"": null, ""age_group"": null, ""squad_tier"": null, ""reserve"": null, ""academy"": null}}, ""kind"": ""SHARED_CORE_CONTEXT_ONLY"", ""compatible"": true, ""strong"": false, ""shared_distinctive_tokens"": [""promy"", ""wonju""], ""similarity"": 0.6349}","{""home"": {""original"": {""name"": ""Seoul Knights"", ""source"": ""ocr"", ""confidence"": null}, ""used"": false}, ""away"": {""original"": {""name"": ""Wonju Promy v"", ""source"": ""ocr"", ""confidence"": null}, ""used"": false}}",TARGET_NOT_FOUND,ALIAS_MATCH,CONFLICT,"{""conflicts"": [""market_fingerprint""], ""needs_recheck"": [], ""missing"": []}"
on-0d5e1ef972d82943e8726fc4,1475314653:69300,operational,"[""ASC Denain"", ""Blois""]","[""Denain"", ""Blois""]","{""status"": ""AGREE"", ""requested"": ""26738535"", ""observed"": null, ""independently_observed"": false, ""direct_link_capture"": true, ""basis"": ""recorded direct-link navigation plus captured unique event page""}","{""status"": ""AGREE"", ""feed"": ""2026-09-25T18:00:00+00:00"", ""page"": ""2026-09-25T19:00:00+01:00"", ""difference_seconds"": 0.0, ""tolerance_seconds"": 120}","{""status"": ""AGREE"", ""feed"": ""basketball"", ""page"": ""basketball""}","{""status"": ""UNKNOWN"", ""feed"": ""championnat pro b"", ""page"": ""france ligue b"", ""approved_mapping"": false, ""reason"": ""unmapped label or conflicting independent evidence""}","{""status"": ""CONFLICT"", ""alert_market_fingerprint"": {""market"": ""TOTALS"", ""side"": ""OVER"", ""line"": ""168.5"", ""period"": ""FULL_GAME"", ""prices"": {""OVER"": ""1.95"", ""UNDER"": ""1.74""}}, ""page_market_fingerprint"": {""market"": ""TOTALS"", ""side"": ""OVER"", ""line"": ""166.5"", ""prices"": {""OVER"": ""1.83"", ""UNDER"": ""1.83""}, ""period"": ""FULL_GAME""}, ""fingerprint_match"": ""CONFLICT"", ""reason"": ""Line/price snapshot differs without corroborating history""}","{""home"": {""status"": ""UNKNOWN"", ""feed"": null, ""page"": null, ""supplied_by_competition"": false}, ""away"": {""status"": ""UNKNOWN"", ""feed"": null, ""page"": null, ""supplied_by_competition"": false}}","{""home"": {""status"": ""UNKNOWN"", ""feed"": null, ""page"": null, ""supplied_by_competition"": false}, ""away"": {""status"": ""UNKNOWN"", ""feed"": null, ""page"": null, ""supplied_by_competition"": false}}","{""home"": {""status"": ""UNKNOWN"", ""feed"": null, ""page"": null, ""supplied_by_competition"": false}, ""away"": {""status"": ""UNKNOWN"", ""feed"": null, ""page"": null, ""supplied_by_competition"": false}}","{""home"": {""status"": ""UNKNOWN"", ""feed"": null, ""page"": null, ""supplied_by_competition"": false}, ""away"": {""status"": ""UNKNOWN"", ""feed"": null, ""page"": null, ""supplied_by_competition"": false}}","{""home"": {""status"": ""UNKNOWN"", ""feed"": null, ""page"": null, ""supplied_by_competition"": false}, ""away"": {""status"": ""UNKNOWN"", ""feed"": null, ""page"": null, ""supplied_by_competition"": false}}","{""feed"": {""name"": ""ASC Denain"", ""source"": ""structured"", ""confidence"": null, ""original_name"": ""ASC Denain"", ""reread_used"": false, ""dimensions"": {""gender"": null, ""age_group"": null, ""squad_tier"": null, ""reserve"": null, ""academy"": null}}, ""page"": {""name"": ""Denain"", ""source"": ""ocr"", ""confidence"": null, ""original_name"": ""Denain"", ""reread_used"": false, ""dimensions"": {""gender"": null, ""age_group"": null, ""squad_tier"": null, ""reserve"": null, ""academy"": null}}, ""kind"": ""TOKEN_CONTAINMENT"", ""compatible"": true, ""strong"": false, ""shared_distinctive_tokens"": [""denain""], ""similarity"": 0.5}","{""feed"": {""name"": ""Blois"", ""source"": ""structured"", ""confidence"": null, ""original_name"": ""Blois"", ""reread_used"": false, ""dimensions"": {""gender"": null, ""age_group"": null, ""squad_tier"": null, ""reserve"": null, ""academy"": null}}, ""page"": {""name"": ""Blois"", ""source"": ""ocr"", ""confidence"": null, ""original_name"": ""Blois"", ""reread_used"": false, ""dimensions"": {""gender"": null, ""age_group"": null, ""squad_tier"": null, ""reserve"": null, ""academy"": null}}, ""kind"": ""EXACT"", ""compatible"": true, ""strong"": true, ""shared_distinctive_tokens"": [""blois""], ""similarity"": 1.0}","{""home"": {""original"": {""name"": ""Denain"", ""source"": ""ocr"", ""confidence"": null}, ""used"": false}, ""away"": {""original"": {""name"": ""Blois"", ""source"": ""ocr"", ""confidence"": null}, ""used"": false}}",TARGET_NOT_FOUND,HIGH_CONFIDENCE_EVENT_MATCH,CONFLICT,"{""conflicts"": [""market_fingerprint""], ""needs_recheck"": [], ""missing"": [""competition""]}"
on-4ab386c6be4044b9b1610706,1475314653:71192,operational,"[""Samsung Thunders"", ""Anyang Jungkwanjang Red Boosters""]","[""Seoul Thunders"", ""Anyang Red Boosters""]","{""status"": ""AGREE"", ""requested"": ""26825648"", ""observed"": null, ""independently_observed"": false, ""direct_link_capture"": true, ""basis"": ""recorded direct-link navigation plus captured unique event page""}","{""status"": ""AGREE"", ""feed"": ""2026-09-27T05:00:00+00:00"", ""page"": ""2026-09-27T06:00:00+01:00"", ""difference_seconds"": 0.0, ""tolerance_seconds"": 120}","{""status"": ""AGREE"", ""feed"": ""basketball"", ""page"": ""basketball""}","{""status"": ""AGREE"", ""feed"": ""kbl cup"", ""page"": ""club friendlies"", ""approved_mapping"": true, ""reason"": ""compatible label""}","{""status"": ""AGREE"", ""alert_market_fingerprint"": {""market"": ""TOTALS"", ""side"": ""OVER"", ""line"": ""162.5"", ""period"": ""FULL_GAME"", ""prices"": {""OVER"": ""1.83"", ""UNDER"": ""1.83""}}, ""page_market_fingerprint"": {""market"": ""TOTALS"", ""side"": ""OVER"", ""line"": ""162.5"", ""prices"": {""OVER"": ""1.83"", ""UNDER"": ""1.83""}, ""period"": ""FULL_GAME""}, ""fingerprint_match"": ""MATCHES""}","{""home"": {""status"": ""UNKNOWN"", ""feed"": null, ""page"": null, ""supplied_by_competition"": false}, ""away"": {""status"": ""UNKNOWN"", ""feed"": null, ""page"": null, ""supplied_by_competition"": false}}","{""home"": {""status"": ""UNKNOWN"", ""feed"": null, ""page"": null, ""supplied_by_competition"": false}, ""away"": {""status"": ""UNKNOWN"", ""feed"": null, ""page"": null, ""supplied_by_competition"": false}}","{""home"": {""status"": ""UNKNOWN"", ""feed"": null, ""page"": null, ""supplied_by_competition"": false}, ""away"": {""status"": ""UNKNOWN"", ""feed"": null, ""page"": null, ""supplied_by_competition"": false}}","{""home"": {""status"": ""UNKNOWN"", ""feed"": null, ""page"": null, ""supplied_by_competition"": false}, ""away"": {""status"": ""UNKNOWN"", ""feed"": null, ""page"": null, ""supplied_by_competition"": false}}","{""home"": {""status"": ""UNKNOWN"", ""feed"": null, ""page"": null, ""supplied_by_competition"": false}, ""away"": {""status"": ""UNKNOWN"", ""feed"": null, ""page"": null, ""supplied_by_competition"": false}}","{""feed"": {""name"": ""Samsung Thunders"", ""source"": ""structured"", ""confidence"": null, ""original_name"": ""Samsung Thunders"", ""reread_used"": false, ""dimensions"": {""gender"": null, ""age_group"": null, ""squad_tier"": null, ""reserve"": null, ""academy"": null}}, ""page"": {""name"": ""Seoul Thunders"", ""source"": ""ocr"", ""confidence"": null, ""original_name"": ""Seoul Thunders"", ""reread_used"": false, ""dimensions"": {""gender"": null, ""age_group"": null, ""squad_tier"": null, ""reserve"": null, ""academy"": null}}, ""kind"": ""UNRELATED"", ""compatible"": false, ""strong"": false, ""shared_distinctive_tokens"": [], ""similarity"": 0.0698}","{""feed"": {""name"": ""Anyang Jungkwanjang Red Boosters"", ""source"": ""structured"", ""confidence"": null, ""original_name"": ""Anyang Jungkwanjang Red Boosters"", ""reread_used"": false, ""dimensions"": {""gender"": null, ""age_group"": null, ""squad_tier"": null, ""reserve"": null, ""academy"": null}}, ""page"": {""name"": ""Anyang Red Boosters"", ""source"": ""ocr"", ""confidence"": null, ""original_name"": ""Anyang Red Boosters"", ""reread_used"": false, ""dimensions"": {""gender"": null, ""age_group"": null, ""squad_tier"": null, ""reserve"": null, ""academy"": null}}, ""kind"": ""TOKEN_CONTAINMENT"", ""compatible"": true, ""strong"": true, ""shared_distinctive_tokens"": [""anyang"", ""boosters"", ""red""], ""similarity"": 0.75}","{""home"": {""original"": {""name"": ""Seoul Thunders"", ""source"": ""ocr"", ""confidence"": null}, ""used"": false}, ""away"": {""original"": {""name"": ""Anyang Red Boosters"", ""source"": ""ocr"", ""confidence"": null}, ""used"": false}}",ALIAS_REQUIRED,AMBIGUOUS,AMBIGUOUS,"{""conflicts"": [], ""needs_recheck"": [], ""missing"": [""names_incomplete_or_unrelated""]}"
on-26fee8b302956f20e05d2edf,1475314653:71195,operational,"[""Suwon KT Sonicboom"", ""Goyang Skygunners""]","[""Suwon Sonicboom"", ""Goyang Sky Gunners""]","{""status"": ""AGREE"", ""requested"": ""26825649"", ""observed"": null, ""independently_observed"": false, ""direct_link_capture"": true, ""basis"": ""recorded direct-link navigation plus captured unique event page""}","{""status"": ""AGREE"", ""feed"": ""2026-09-27T05:00:00+00:00"", ""page"": ""2026-09-27T06:00:00+01:00"", ""difference_seconds"": 0.0, ""tolerance_seconds"": 120}","{""status"": ""AGREE"", ""feed"": ""basketball"", ""page"": ""basketball""}","{""status"": ""AGREE"", ""feed"": ""kbl cup"", ""page"": ""club friendlies"", ""approved_mapping"": true, ""reason"": ""compatible label""}","{""status"": ""AGREE"", ""alert_market_fingerprint"": {""market"": ""TOTALS"", ""side"": ""OVER"", ""line"": ""163.5"", ""period"": ""FULL_GAME"", ""prices"": {""OVER"": ""1.83"", ""UNDER"": ""1.83""}}, ""page_market_fingerprint"": {""market"": ""TOTALS"", ""side"": ""OVER"", ""line"": ""163.5"", ""prices"": {""OVER"": ""1.83"", ""UNDER"": ""1.83""}, ""period"": ""FULL_GAME""}, ""fingerprint_match"": ""MATCHES""}","{""home"": {""status"": ""UNKNOWN"", ""feed"": null, ""page"": null, ""supplied_by_competition"": false}, ""away"": {""status"": ""UNKNOWN"", ""feed"": null, ""page"": null, ""supplied_by_competition"": false}}","{""home"": {""status"": ""UNKNOWN"", ""feed"": null, ""page"": null, ""supplied_by_competition"": false}, ""away"": {""status"": ""UNKNOWN"", ""feed"": null, ""page"": null, ""supplied_by_competition"": false}}","{""home"": {""status"": ""UNKNOWN"", ""feed"": null, ""page"": null, ""supplied_by_competition"": false}, ""away"": {""status"": ""UNKNOWN"", ""feed"": null, ""page"": null, ""supplied_by_competition"": false}}","{""home"": {""status"": ""UNKNOWN"", ""feed"": null, ""page"": null, ""supplied_by_competition"": false}, ""away"": {""status"": ""UNKNOWN"", ""feed"": null, ""page"": null, ""supplied_by_competition"": false}}","{""home"": {""status"": ""UNKNOWN"", ""feed"": null, ""page"": null, ""supplied_by_competition"": false}, ""away"": {""status"": ""UNKNOWN"", ""feed"": null, ""page"": null, ""supplied_by_competition"": false}}","{""feed"": {""name"": ""Suwon KT Sonicboom"", ""source"": ""structured"", ""confidence"": null, ""original_name"": ""Suwon KT Sonicboom"", ""reread_used"": false, ""dimensions"": {""gender"": null, ""age_group"": null, ""squad_tier"": null, ""reserve"": null, ""academy"": null}}, ""page"": {""name"": ""Suwon Sonicboom"", ""source"": ""ocr"", ""confidence"": null, ""original_name"": ""Suwon Sonicboom"", ""reread_used"": false, ""dimensions"": {""gender"": null, ""age_group"": null, ""squad_tier"": null, ""reserve"": null, ""academy"": null}}, ""kind"": ""TOKEN_CONTAINMENT"", ""compatible"": true, ""strong"": true, ""shared_distinctive_tokens"": [""sonicboom"", ""suwon""], ""similarity"": 0.6667}","{""feed"": {""name"": ""Goyang Skygunners"", ""source"": ""structured"", ""confidence"": null, ""original_name"": ""Goyang Skygunners"", ""reread_used"": false, ""dimensions"": {""gender"": null, ""age_group"": null, ""squad_tier"": null, ""reserve"": null, ""academy"": null}}, ""page"": {""name"": ""Goyang Sky Gunners"", ""source"": ""ocr"", ""confidence"": null, ""original_name"": ""Goyang Sky Gunners"", ""reread_used"": false, ""dimensions"": {""gender"": null, ""age_group"": null, ""squad_tier"": null, ""reserve"": null, ""academy"": null}}, ""kind"": ""TOKEN_SPLIT"", ""compatible"": true, ""strong"": true, ""shared_distinctive_tokens"": [""goyang""], ""similarity"": 0.25}","{""home"": {""original"": {""name"": ""Suwon Sonicboom"", ""source"": ""ocr"", ""confidence"": null}, ""used"": false}, ""away"": {""original"": {""name"": ""Goyang Sky Gunners"", ""source"": ""ocr"", ""confidence"": null}, ""used"": false}}",ALIAS_REQUIRED,AMBIGUOUS,DIRECT_URL_CONFIRMED_NAME_VARIANT,"{""conflicts"": [], ""needs_recheck"": [], ""missing"": []}"
on-d111f2c7363db709d8042394,1475314653:71198,operational,"[""Suwon KT Sonicboom"", ""Goyang Skygunners""]","[""Suwon Sonicboom"", ""Goyang Sky Gunners""]","{""status"": ""AGREE"", ""requested"": ""26825649"", ""observed"": null, ""independently_observed"": false, ""direct_link_capture"": true, ""basis"": ""recorded direct-link navigation plus captured unique event page""}","{""status"": ""AGREE"", ""feed"": ""2026-09-27T05:00:00+00:00"", ""page"": ""2026-09-27T06:00:00+01:00"", ""difference_seconds"": 0.0, ""tolerance_seconds"": 120}","{""status"": ""AGREE"", ""feed"": ""basketball"", ""page"": ""basketball""}","{""status"": ""AGREE"", ""feed"": ""kbl cup"", ""page"": ""club friendlies"", ""approved_mapping"": true, ""reason"": ""compatible label""}","{""status"": ""AGREE"", ""alert_market_fingerprint"": {""market"": ""TOTALS"", ""side"": ""OVER"", ""line"": ""163.5"", ""period"": ""FULL_GAME"", ""prices"": {""OVER"": ""1.83"", ""UNDER"": ""1.83""}}, ""page_market_fingerprint"": {""market"": ""TOTALS"", ""side"": ""OVER"", ""line"": ""163.5"", ""prices"": {""OVER"": ""1.83"", ""UNDER"": ""1.83""}, ""period"": ""FULL_GAME""}, ""fingerprint_match"": ""MATCHES""}","{""home"": {""status"": ""UNKNOWN"", ""feed"": null, ""page"": null, ""supplied_by_competition"": false}, ""away"": {""status"": ""UNKNOWN"", ""feed"": null, ""page"": null, ""supplied_by_competition"": false}}","{""home"": {""status"": ""UNKNOWN"", ""feed"": null, ""page"": null, ""supplied_by_competition"": false}, ""away"": {""status"": ""UNKNOWN"", ""feed"": null, ""page"": null, ""supplied_by_competition"": false}}","{""home"": {""status"": ""UNKNOWN"", ""feed"": null, ""page"": null, ""supplied_by_competition"": false}, ""away"": {""status"": ""UNKNOWN"", ""feed"": null, ""page"": null, ""supplied_by_competition"": false}}","{""home"": {""status"": ""UNKNOWN"", ""feed"": null, ""page"": null, ""supplied_by_competition"": false}, ""away"": {""status"": ""UNKNOWN"", ""feed"": null, ""page"": null, ""supplied_by_competition"": false}}","{""home"": {""status"": ""UNKNOWN"", ""feed"": null, ""page"": null, ""supplied_by_competition"": false}, ""away"": {""status"": ""UNKNOWN"", ""feed"": null, ""page"": null, ""supplied_by_competition"": false}}","{""feed"": {""name"": ""Suwon KT Sonicboom"", ""source"": ""structured"", ""confidence"": null, ""original_name"": ""Suwon KT Sonicboom"", ""reread_used"": false, ""dimensions"": {""gender"": null, ""age_group"": null, ""squad_tier"": null, ""reserve"": null, ""academy"": null}}, ""page"": {""name"": ""Suwon Sonicboom"", ""source"": ""ocr"", ""confidence"": null, ""original_name"": ""Suwon Sonicboom"", ""reread_used"": false, ""dimensions"": {""gender"": null, ""age_group"": null, ""squad_tier"": null, ""reserve"": null, ""academy"": null}}, ""kind"": ""TOKEN_CONTAINMENT"", ""compatible"": true, ""strong"": true, ""shared_distinctive_tokens"": [""sonicboom"", ""suwon""], ""similarity"": 0.6667}","{""feed"": {""name"": ""Goyang Skygunners"", ""source"": ""structured"", ""confidence"": null, ""original_name"": ""Goyang Skygunners"", ""reread_used"": false, ""dimensions"": {""gender"": null, ""age_group"": null, ""squad_tier"": null, ""reserve"": null, ""academy"": null}}, ""page"": {""name"": ""Goyang Sky Gunners"", ""source"": ""ocr"", ""confidence"": null, ""original_name"": ""Goyang Sky Gunners"", ""reread_used"": false, ""dimensions"": {""gender"": null, ""age_group"": null, ""squad_tier"": null, ""reserve"": null, ""academy"": null}}, ""kind"": ""TOKEN_SPLIT"", ""compatible"": true, ""strong"": true, ""shared_distinctive_tokens"": [""goyang""], ""similarity"": 0.25}","{""home"": {""original"": {""name"": ""Suwon Sonicboom"", ""source"": ""ocr"", ""confidence"": null}, ""used"": false}, ""away"": {""original"": {""name"": ""Goyang Sky Gunners"", ""source"": ""ocr"", ""confidence"": null}, ""used"": false}}",ALIAS_REQUIRED,AMBIGUOUS,DIRECT_URL_CONFIRMED_NAME_VARIANT,"{""conflicts"": [], ""needs_recheck"": [], ""missing"": []}"
on-25d0bcd66293960cc8e084ac,1475314653:71201,operational,"[""Suwon KT Sonicboom"", ""Goyang Skygunners""]","[""Suwon Sonicboom"", ""Goyang Sky Gunners""]","{""status"": ""AGREE"", ""requested"": ""26825649"", ""observed"": null, ""independently_observed"": false, ""direct_link_capture"": true, ""basis"": ""recorded direct-link navigation plus captured unique event page""}","{""status"": ""UNKNOWN"", ""feed"": ""2026-09-27T05:00:00+00:00"", ""page"": null, ""difference_seconds"": null, ""tolerance_seconds"": 120}","{""status"": ""AGREE"", ""feed"": ""basketball"", ""page"": ""basketball""}","{""status"": ""UNKNOWN"", ""feed"": ""kbl cup"", ""page"": """", ""approved_mapping"": false, ""reason"": ""unmapped label or conflicting independent evidence""}","{""status"": ""AGREE"", ""alert_market_fingerprint"": {""market"": ""TOTALS"", ""side"": ""OVER"", ""line"": ""163.5"", ""period"": ""FULL_GAME"", ""prices"": {""OVER"": ""1.83"", ""UNDER"": ""1.83""}}, ""page_market_fingerprint"": {""market"": ""TOTALS"", ""side"": ""OVER"", ""line"": ""163.5"", ""prices"": {""OVER"": ""1.83"", ""UNDER"": ""1.83""}, ""period"": ""FULL_GAME""}, ""fingerprint_match"": ""MATCHES""}","{""home"": {""status"": ""UNKNOWN"", ""feed"": null, ""page"": null, ""supplied_by_competition"": false}, ""away"": {""status"": ""UNKNOWN"", ""feed"": null, ""page"": null, ""supplied_by_competition"": false}}","{""home"": {""status"": ""UNKNOWN"", ""feed"": null, ""page"": null, ""supplied_by_competition"": false}, ""away"": {""status"": ""UNKNOWN"", ""feed"": null, ""page"": null, ""supplied_by_competition"": false}}","{""home"": {""status"": ""UNKNOWN"", ""feed"": null, ""page"": null, ""supplied_by_competition"": false}, ""away"": {""status"": ""UNKNOWN"", ""feed"": null, ""page"": null, ""supplied_by_competition"": false}}","{""home"": {""status"": ""UNKNOWN"", ""feed"": null, ""page"": null, ""supplied_by_competition"": false}, ""away"": {""status"": ""UNKNOWN"", ""feed"": null, ""page"": null, ""supplied_by_competition"": false}}","{""home"": {""status"": ""UNKNOWN"", ""feed"": null, ""page"": null, ""supplied_by_competition"": false}, ""away"": {""status"": ""UNKNOWN"", ""feed"": null, ""page"": null, ""supplied_by_competition"": false}}","{""feed"": {""name"": ""Suwon KT Sonicboom"", ""source"": ""structured"", ""confidence"": null, ""original_name"": ""Suwon KT Sonicboom"", ""reread_used"": false, ""dimensions"": {""gender"": null, ""age_group"": null, ""squad_tier"": null, ""reserve"": null, ""academy"": null}}, ""page"": {""name"": ""Suwon Sonicboom"", ""source"": ""ocr"", ""confidence"": null, ""original_name"": ""Suwon Sonicboom"", ""reread_used"": false, ""dimensions"": {""gender"": null, ""age_group"": null, ""squad_tier"": null, ""reserve"": null, ""academy"": null}}, ""kind"": ""TOKEN_CONTAINMENT"", ""compatible"": true, ""strong"": true, ""shared_distinctive_tokens"": [""sonicboom"", ""suwon""], ""similarity"": 0.6667}","{""feed"": {""name"": ""Goyang Skygunners"", ""source"": ""structured"", ""confidence"": null, ""original_name"": ""Goyang Skygunners"", ""reread_used"": false, ""dimensions"": {""gender"": null, ""age_group"": null, ""squad_tier"": null, ""reserve"": null, ""academy"": null}}, ""page"": {""name"": ""Goyang Sky Gunners"", ""source"": ""ocr"", ""confidence"": null, ""original_name"": ""Goyang Sky Gunners"", ""reread_used"": false, ""dimensions"": {""gender"": null, ""age_group"": null, ""squad_tier"": null, ""reserve"": null, ""academy"": null}}, ""kind"": ""TOKEN_SPLIT"", ""compatible"": true, ""strong"": true, ""shared_distinctive_tokens"": [""goyang""], ""similarity"": 0.25}","{""home"": {""original"": {""name"": ""Suwon Sonicboom"", ""source"": ""ocr"", ""confidence"": null}, ""used"": false}, ""away"": {""original"": {""name"": ""Goyang Sky Gunners"", ""source"": ""ocr"", ""confidence"": null}, ""used"": false}}",ALIAS_REQUIRED,AMBIGUOUS,AMBIGUOUS,"{""conflicts"": [], ""needs_recheck"": [], ""missing"": [""event_page"", ""kickoff"", ""competition""]}"
on-52f17aaf827da0d67b6ceb0b,1475314653:71208,operational,"[""Utsunomiya Brex"", ""Yokohama B-Corsairs""]","[""Utsunomiya Brex"", ""Yokohama B-Corsairs v""]","{""status"": ""AGREE"", ""requested"": ""26737841"", ""observed"": null, ""independently_observed"": false, ""direct_link_capture"": true, ""basis"": ""recorded direct-link navigation plus captured unique event page""}","{""status"": ""AGREE"", ""feed"": ""2026-09-27T06:05:00+00:00"", ""page"": ""2026-09-27T07:05:00+01:00"", ""difference_seconds"": 0.0, ""tolerance_seconds"": 120}","{""status"": ""AGREE"", ""feed"": ""basketball"", ""page"": ""basketball""}","{""status"": ""AGREE"", ""feed"": ""b league"", ""page"": ""japan b league"", ""approved_mapping"": false, ""reason"": ""compatible label""}","{""status"": ""CONFLICT"", ""alert_market_fingerprint"": {""market"": ""SPREAD"", ""side"": ""AWAY"", ""line"": ""+8"", ""period"": ""FULL_GAME"", ""prices"": {""HOME"": ""1.58"", ""AWAY"": ""2.22""}}, ""page_market_fingerprint"": {""market"": ""SPREAD"", ""side"": ""AWAY"", ""line"": ""+10.5"", ""prices"": {""HOME"": ""1.95"", ""AWAY"": ""1.74""}, ""period"": ""FULL_GAME""}, ""fingerprint_match"": ""CONFLICT"", ""reason"": ""Line/price snapshot differs without corroborating history""}","{""home"": {""status"": ""UNKNOWN"", ""feed"": null, ""page"": null, ""supplied_by_competition"": false}, ""away"": {""status"": ""UNKNOWN"", ""feed"": null, ""page"": null, ""supplied_by_competition"": false}}","{""home"": {""status"": ""UNKNOWN"", ""feed"": null, ""page"": null, ""supplied_by_competition"": false}, ""away"": {""status"": ""UNKNOWN"", ""feed"": null, ""page"": null, ""supplied_by_competition"": false}}","{""home"": {""status"": ""UNKNOWN"", ""feed"": null, ""page"": null, ""supplied_by_competition"": false}, ""away"": {""status"": ""UNKNOWN"", ""feed"": null, ""page"": null, ""supplied_by_competition"": false}}","{""home"": {""status"": ""UNKNOWN"", ""feed"": null, ""page"": null, ""supplied_by_competition"": false}, ""away"": {""status"": ""UNKNOWN"", ""feed"": null, ""page"": null, ""supplied_by_competition"": false}}","{""home"": {""status"": ""UNKNOWN"", ""feed"": null, ""page"": null, ""supplied_by_competition"": false}, ""away"": {""status"": ""UNKNOWN"", ""feed"": null, ""page"": null, ""supplied_by_competition"": false}}","{""feed"": {""name"": ""Utsunomiya Brex"", ""source"": ""structured"", ""confidence"": null, ""original_name"": ""Utsunomiya Brex"", ""reread_used"": false, ""dimensions"": {""gender"": null, ""age_group"": null, ""squad_tier"": null, ""reserve"": null, ""academy"": null}}, ""page"": {""name"": ""Utsunomiya Brex"", ""source"": ""ocr"", ""confidence"": null, ""original_name"": ""Utsunomiya Brex"", ""reread_used"": false, ""dimensions"": {""gender"": null, ""age_group"": null, ""squad_tier"": null, ""reserve"": null, ""academy"": null}}, ""kind"": ""EXACT"", ""compatible"": true, ""strong"": true, ""shared_distinctive_tokens"": [""brex"", ""utsunomiya""], ""similarity"": 1.0}","{""feed"": {""name"": ""Yokohama B-Corsairs"", ""source"": ""structured"", ""confidence"": null, ""original_name"": ""Yokohama B-Corsairs"", ""reread_used"": false, ""dimensions"": {""gender"": null, ""age_group"": null, ""squad_tier"": null, ""reserve"": null, ""academy"": null}}, ""page"": {""name"": ""Yokohama B-Corsairs v"", ""source"": ""ocr"", ""confidence"": null, ""original_name"": ""Yokohama B-Corsairs v"", ""reread_used"": false, ""dimensions"": {""gender"": null, ""age_group"": null, ""squad_tier"": null, ""reserve"": null, ""academy"": null}}, ""kind"": ""TOKEN_CONTAINMENT"", ""compatible"": true, ""strong"": true, ""shared_distinctive_tokens"": [""corsairs"", ""yokohama""], ""similarity"": 0.9348}","{""home"": {""original"": {""name"": ""Utsunomiya Brex"", ""source"": ""ocr"", ""confidence"": null}, ""used"": false}, ""away"": {""original"": {""name"": ""Yokohama B-Corsairs v"", ""source"": ""ocr"", ""confidence"": null}, ""used"": false}}",ALIAS_REQUIRED,AMBIGUOUS,CONFLICT,"{""conflicts"": [""market_fingerprint""], ""needs_recheck"": [], ""missing"": []}"
on-fb3301611debbbf22c2a133c,1475314653:71211,operational,"[""Utsunomiya Brex"", ""Yokohama B-Corsairs""]","[""Utsunomiya Brex"", ""Yokohama B-Corsairs v""]","{""status"": ""AGREE"", ""requested"": ""26737841"", ""observed"": null, ""independently_observed"": false, ""direct_link_capture"": true, ""basis"": ""recorded direct-link navigation plus captured unique event page""}","{""status"": ""AGREE"", ""feed"": ""2026-09-27T06:05:00+00:00"", ""page"": ""2026-09-27T07:05:00+01:00"", ""difference_seconds"": 0.0, ""tolerance_seconds"": 120}","{""status"": ""AGREE"", ""feed"": ""basketball"", ""page"": ""basketball""}","{""status"": ""AGREE"", ""feed"": ""b league"", ""page"": ""japan b league"", ""approved_mapping"": false, ""reason"": ""compatible label""}","{""status"": ""CONFLICT"", ""alert_market_fingerprint"": {""market"": ""SPREAD"", ""side"": ""AWAY"", ""line"": ""+7.5"", ""period"": ""FULL_GAME"", ""prices"": {""HOME"": ""1.55"", ""AWAY"": ""2.30""}}, ""page_market_fingerprint"": {""market"": ""SPREAD"", ""side"": ""AWAY"", ""line"": ""+9.5"", ""prices"": {""HOME"": ""1.83"", ""AWAY"": ""1.83""}, ""period"": ""FULL_GAME""}, ""fingerprint_match"": ""CONFLICT"", ""reason"": ""Line/price snapshot differs without corroborating history""}","{""home"": {""status"": ""UNKNOWN"", ""feed"": null, ""page"": null, ""supplied_by_competition"": false}, ""away"": {""status"": ""UNKNOWN"", ""feed"": null, ""page"": null, ""supplied_by_competition"": false}}","{""home"": {""status"": ""UNKNOWN"", ""feed"": null, ""page"": null, ""supplied_by_competition"": false}, ""away"": {""status"": ""UNKNOWN"", ""feed"": null, ""page"": null, ""supplied_by_competition"": false}}","{""home"": {""status"": ""UNKNOWN"", ""feed"": null, ""page"": null, ""supplied_by_competition"": false}, ""away"": {""status"": ""UNKNOWN"", ""feed"": null, ""page"": null, ""supplied_by_competition"": false}}","{""home"": {""status"": ""UNKNOWN"", ""feed"": null, ""page"": null, ""supplied_by_competition"": false}, ""away"": {""status"": ""UNKNOWN"", ""feed"": null, ""page"": null, ""supplied_by_competition"": false}}","{""home"": {""status"": ""UNKNOWN"", ""feed"": null, ""page"": null, ""supplied_by_competition"": false}, ""away"": {""status"": ""UNKNOWN"", ""feed"": null, ""page"": null, ""supplied_by_competition"": false}}","{""feed"": {""name"": ""Utsunomiya Brex"", ""source"": ""structured"", ""confidence"": null, ""original_name"": ""Utsunomiya Brex"", ""reread_used"": false, ""dimensions"": {""gender"": null, ""age_group"": null, ""squad_tier"": null, ""reserve"": null, ""academy"": null}}, ""page"": {""name"": ""Utsunomiya Brex"", ""source"": ""ocr"", ""confidence"": null, ""original_name"": ""Utsunomiya Brex"", ""reread_used"": false, ""dimensions"": {""gender"": null, ""age_group"": null, ""squad_tier"": null, ""reserve"": null, ""academy"": null}}, ""kind"": ""EXACT"", ""compatible"": true, ""strong"": true, ""shared_distinctive_tokens"": [""brex"", ""utsunomiya""], ""similarity"": 1.0}","{""feed"": {""name"": ""Yokohama B-Corsairs"", ""source"": ""structured"", ""confidence"": null, ""original_name"": ""Yokohama B-Corsairs"", ""reread_used"": false, ""dimensions"": {""gender"": null, ""age_group"": null, ""squad_tier"": null, ""reserve"": null, ""academy"": null}}, ""page"": {""name"": ""Yokohama B-Corsairs v"", ""source"": ""ocr"", ""confidence"": null, ""original_name"": ""Yokohama B-Corsairs v"", ""reread_used"": false, ""dimensions"": {""gender"": null, ""age_group"": null, ""squad_tier"": null, ""reserve"": null, ""academy"": null}}, ""kind"": ""TOKEN_CONTAINMENT"", ""compatible"": true, ""strong"": true, ""shared_distinctive_tokens"": [""corsairs"", ""yokohama""], ""similarity"": 0.9348}","{""home"": {""original"": {""name"": ""Utsunomiya Brex"", ""source"": ""ocr"", ""confidence"": null}, ""used"": false}, ""away"": {""original"": {""name"": ""Yokohama B-Corsairs v"", ""source"": ""ocr"", ""confidence"": null}, ""used"": false}}",ALIAS_REQUIRED,AMBIGUOUS,CONFLICT,"{""conflicts"": [""market_fingerprint""], ""needs_recheck"": [], ""missing"": []}"
on-e2134b3e347e3a0482be9673,1475314653:71212,operational,"[""Utsunomiya Brex"", ""Yokohama B-Corsairs""]","[""Utsunomiya Brex"", ""Yokohama B-Corsairs""]","{""status"": ""AGREE"", ""requested"": ""26737841"", ""observed"": null, ""independently_observed"": false, ""direct_link_capture"": true, ""basis"": ""recorded direct-link navigation plus captured unique event page""}","{""status"": ""AGREE"", ""feed"": ""2026-09-27T06:05:00+00:00"", ""page"": ""2026-09-27T07:05:00+01:00"", ""difference_seconds"": 0.0, ""tolerance_seconds"": 120}","{""status"": ""AGREE"", ""feed"": ""basketball"", ""page"": ""basketball""}","{""status"": ""AGREE"", ""feed"": ""b league"", ""page"": ""japan b league"", ""approved_mapping"": false, ""reason"": ""compatible label""}","{""status"": ""CONFLICT"", ""alert_market_fingerprint"": {""market"": ""MONEYLINE"", ""side"": ""AWAY"", ""line"": null, ""period"": ""FULL_GAME"", ""prices"": {""HOME"": ""1.15"", ""AWAY"": ""4.75""}}, ""page_market_fingerprint"": {""market"": ""MONEYLINE"", ""side"": ""AWAY"", ""line"": null, ""prices"": {""HOME"": ""1.20"", ""AWAY"": ""4.20""}, ""period"": ""FULL_GAME""}, ""fingerprint_match"": ""CONFLICT"", ""reason"": ""Line/price snapshot differs without corroborating history""}","{""home"": {""status"": ""UNKNOWN"", ""feed"": null, ""page"": null, ""supplied_by_competition"": false}, ""away"": {""status"": ""UNKNOWN"", ""feed"": null, ""page"": null, ""supplied_by_competition"": false}}","{""home"": {""status"": ""UNKNOWN"", ""feed"": null, ""page"": null, ""supplied_by_competition"": false}, ""away"": {""status"": ""UNKNOWN"", ""feed"": null, ""page"": null, ""supplied_by_competition"": false}}","{""home"": {""status"": ""UNKNOWN"", ""feed"": null, ""page"": null, ""supplied_by_competition"": false}, ""away"": {""status"": ""UNKNOWN"", ""feed"": null, ""page"": null, ""supplied_by_competition"": false}}","{""home"": {""status"": ""UNKNOWN"", ""feed"": null, ""page"": null, ""supplied_by_competition"": false}, ""away"": {""status"": ""UNKNOWN"", ""feed"": null, ""page"": null, ""supplied_by_competition"": false}}","{""home"": {""status"": ""UNKNOWN"", ""feed"": null, ""page"": null, ""supplied_by_competition"": false}, ""away"": {""status"": ""UNKNOWN"", ""feed"": null, ""page"": null, ""supplied_by_competition"": false}}","{""feed"": {""name"": ""Utsunomiya Brex"", ""source"": ""structured"", ""confidence"": null, ""original_name"": ""Utsunomiya Brex"", ""reread_used"": false, ""dimensions"": {""gender"": null, ""age_group"": null, ""squad_tier"": null, ""reserve"": null, ""academy"": null}}, ""page"": {""name"": ""Utsunomiya Brex"", ""source"": ""ocr"", ""confidence"": null, ""original_name"": ""Utsunomiya Brex"", ""reread_used"": false, ""dimensions"": {""gender"": null, ""age_group"": null, ""squad_tier"": null, ""reserve"": null, ""academy"": null}}, ""kind"": ""EXACT"", ""compatible"": true, ""strong"": true, ""shared_distinctive_tokens"": [""brex"", ""utsunomiya""], ""similarity"": 1.0}","{""feed"": {""name"": ""Yokohama B-Corsairs"", ""source"": ""structured"", ""confidence"": null, ""original_name"": ""Yokohama B-Corsairs"", ""reread_used"": false, ""dimensions"": {""gender"": null, ""age_group"": null, ""squad_tier"": null, ""reserve"": null, ""academy"": null}}, ""page"": {""name"": ""Yokohama B-Corsairs"", ""source"": ""ocr"", ""confidence"": null, ""original_name"": ""Yokohama B-Corsairs"", ""reread_used"": false, ""dimensions"": {""gender"": null, ""age_group"": null, ""squad_tier"": null, ""reserve"": null, ""academy"": null}}, ""kind"": ""EXACT"", ""compatible"": true, ""strong"": true, ""shared_distinctive_tokens"": [""corsairs"", ""yokohama""], ""similarity"": 1.0}","{""home"": {""original"": {""name"": ""Utsunomiya Brex"", ""source"": ""ocr"", ""confidence"": null}, ""used"": false}, ""away"": {""original"": {""name"": ""Yokohama B-Corsairs"", ""source"": ""ocr"", ""confidence"": null}, ""used"": false}}",ALIAS_REQUIRED,AMBIGUOUS,CONFLICT,"{""conflicts"": [""market_fingerprint""], ""needs_recheck"": [], ""missing"": []}"
on-59330c7f2c1340ac79b7465c,1475314653:71218,operational,"[""Utsunomiya Brex"", ""Yokohama B-Corsairs""]","[""Utsunomiya Brex"", ""Yokohama B-Corsairs""]","{""status"": ""AGREE"", ""requested"": ""26737841"", ""observed"": null, ""independently_observed"": false, ""direct_link_capture"": true, ""basis"": ""recorded direct-link navigation plus captured unique event page""}","{""status"": ""AGREE"", ""feed"": ""2026-09-27T06:05:00+00:00"", ""page"": ""2026-09-27T07:05:00+01:00"", ""difference_seconds"": 0.0, ""tolerance_seconds"": 120}","{""status"": ""AGREE"", ""feed"": ""basketball"", ""page"": ""basketball""}","{""status"": ""AGREE"", ""feed"": ""b league"", ""page"": ""japan b league"", ""approved_mapping"": false, ""reason"": ""compatible label""}","{""status"": ""CONFLICT"", ""alert_market_fingerprint"": {""market"": ""MONEYLINE"", ""side"": ""AWAY"", ""line"": null, ""period"": ""FULL_GAME"", ""prices"": {""HOME"": ""1.15"", ""AWAY"": ""4.75""}}, ""page_market_fingerprint"": {""market"": ""MONEYLINE"", ""side"": ""AWAY"", ""line"": null, ""prices"": {""HOME"": ""1.20"", ""AWAY"": ""4.20""}, ""period"": ""FULL_GAME""}, ""fingerprint_match"": ""CONFLICT"", ""reason"": ""Line/price snapshot differs without corroborating history""}","{""home"": {""status"": ""UNKNOWN"", ""feed"": null, ""page"": null, ""supplied_by_competition"": false}, ""away"": {""status"": ""UNKNOWN"", ""feed"": null, ""page"": null, ""supplied_by_competition"": false}}","{""home"": {""status"": ""UNKNOWN"", ""feed"": null, ""page"": null, ""supplied_by_competition"": false}, ""away"": {""status"": ""UNKNOWN"", ""feed"": null, ""page"": null, ""supplied_by_competition"": false}}","{""home"": {""status"": ""UNKNOWN"", ""feed"": null, ""page"": null, ""supplied_by_competition"": false}, ""away"": {""status"": ""UNKNOWN"", ""feed"": null, ""page"": null, ""supplied_by_competition"": false}}","{""home"": {""status"": ""UNKNOWN"", ""feed"": null, ""page"": null, ""supplied_by_competition"": false}, ""away"": {""status"": ""UNKNOWN"", ""feed"": null, ""page"": null, ""supplied_by_competition"": false}}","{""home"": {""status"": ""UNKNOWN"", ""feed"": null, ""page"": null, ""supplied_by_competition"": false}, ""away"": {""status"": ""UNKNOWN"", ""feed"": null, ""page"": null, ""supplied_by_competition"": false}}","{""feed"": {""name"": ""Utsunomiya Brex"", ""source"": ""structured"", ""confidence"": null, ""original_name"": ""Utsunomiya Brex"", ""reread_used"": false, ""dimensions"": {""gender"": null, ""age_group"": null, ""squad_tier"": null, ""reserve"": null, ""academy"": null}}, ""page"": {""name"": ""Utsunomiya Brex"", ""source"": ""ocr"", ""confidence"": null, ""original_name"": ""Utsunomiya Brex"", ""reread_used"": false, ""dimensions"": {""gender"": null, ""age_group"": null, ""squad_tier"": null, ""reserve"": null, ""academy"": null}}, ""kind"": ""EXACT"", ""compatible"": true, ""strong"": true, ""shared_distinctive_tokens"": [""brex"", ""utsunomiya""], ""similarity"": 1.0}","{""feed"": {""name"": ""Yokohama B-Corsairs"", ""source"": ""structured"", ""confidence"": null, ""original_name"": ""Yokohama B-Corsairs"", ""reread_used"": false, ""dimensions"": {""gender"": null, ""age_group"": null, ""squad_tier"": null, ""reserve"": null, ""academy"": null}}, ""page"": {""name"": ""Yokohama B-Corsairs"", ""source"": ""ocr"", ""confidence"": null, ""original_name"": ""Yokohama B-Corsairs"", ""reread_used"": false, ""dimensions"": {""gender"": null, ""age_group"": null, ""squad_tier"": null, ""reserve"": null, ""academy"": null}}, ""kind"": ""EXACT"", ""compatible"": true, ""strong"": true, ""shared_distinctive_tokens"": [""corsairs"", ""yokohama""], ""similarity"": 1.0}","{""home"": {""original"": {""name"": ""Utsunomiya Brex"", ""source"": ""ocr"", ""confidence"": null}, ""used"": false}, ""away"": {""original"": {""name"": ""Yokohama B-Corsairs"", ""source"": ""ocr"", ""confidence"": null}, ""used"": false}}",ALIAS_REQUIRED,AMBIGUOUS,CONFLICT,"{""conflicts"": [""market_fingerprint""], ""needs_recheck"": [], ""missing"": []}"
on-e3d73d9be8ffcd6727f59839,1475314653:71221,operational,"[""Atletico Boca Juniors"", ""Tigers""]","[""Boca Juniors"", ""RSSB Tigers""]","{""status"": ""AGREE"", ""requested"": ""26832491"", ""observed"": null, ""independently_observed"": false, ""direct_link_capture"": true, ""basis"": ""recorded direct-link navigation plus captured unique event page""}","{""status"": ""AGREE"", ""feed"": ""2026-09-27T06:30:00+00:00"", ""page"": ""2026-09-27T07:30:00+01:00"", ""difference_seconds"": 0.0, ""tolerance_seconds"": 120}","{""status"": ""AGREE"", ""feed"": ""basketball"", ""page"": ""basketball""}","{""status"": ""AGREE"", ""feed"": ""intercontinental cup"", ""page"": ""fiba intercontinental cup"", ""approved_mapping"": false, ""reason"": ""compatible label""}","{""status"": ""AGREE"", ""alert_market_fingerprint"": {""market"": ""TOTALS"", ""side"": ""UNDER"", ""line"": ""184.5"", ""period"": ""FULL_GAME"", ""prices"": {""OVER"": ""1.83"", ""UNDER"": ""1.83""}}, ""page_market_fingerprint"": {""market"": ""TOTALS"", ""side"": ""UNDER"", ""line"": ""184.5"", ""prices"": {""OVER"": ""1.83"", ""UNDER"": ""1.83""}, ""period"": ""FULL_GAME""}, ""fingerprint_match"": ""MATCHES""}","{""home"": {""status"": ""UNKNOWN"", ""feed"": null, ""page"": null, ""supplied_by_competition"": false}, ""away"": {""status"": ""UNKNOWN"", ""feed"": null, ""page"": null, ""supplied_by_competition"": false}}","{""home"": {""status"": ""UNKNOWN"", ""feed"": null, ""page"": null, ""supplied_by_competition"": false}, ""away"": {""status"": ""UNKNOWN"", ""feed"": null, ""page"": null, ""supplied_by_competition"": false}}","{""home"": {""status"": ""UNKNOWN"", ""feed"": null, ""page"": null, ""supplied_by_competition"": false}, ""away"": {""status"": ""UNKNOWN"", ""feed"": null, ""page"": null, ""supplied_by_competition"": false}}","{""home"": {""status"": ""UNKNOWN"", ""feed"": null, ""page"": null, ""supplied_by_competition"": false}, ""away"": {""status"": ""UNKNOWN"", ""feed"": null, ""page"": null, ""supplied_by_competition"": false}}","{""home"": {""status"": ""UNKNOWN"", ""feed"": null, ""page"": null, ""supplied_by_competition"": false}, ""away"": {""status"": ""UNKNOWN"", ""feed"": null, ""page"": null, ""supplied_by_competition"": false}}","{""feed"": {""name"": ""Atletico Boca Juniors"", ""source"": ""structured"", ""confidence"": null, ""original_name"": ""Atletico Boca Juniors"", ""reread_used"": false, ""dimensions"": {""gender"": null, ""age_group"": null, ""squad_tier"": null, ""reserve"": null, ""academy"": null}}, ""page"": {""name"": ""Boca Juniors"", ""source"": ""ocr"", ""confidence"": null, ""original_name"": ""Boca Juniors"", ""reread_used"": false, ""dimensions"": {""gender"": null, ""age_group"": null, ""squad_tier"": null, ""reserve"": null, ""academy"": null}}, ""kind"": ""CANONICAL_MATCH"", ""compatible"": true, ""strong"": true, ""shared_distinctive_tokens"": [""boca"", ""juniors""], ""similarity"": 1.0}","{""feed"": {""name"": ""Tigers"", ""source"": ""structured"", ""confidence"": null, ""original_name"": ""Tigers"", ""reread_used"": false, ""dimensions"": {""gender"": null, ""age_group"": null, ""squad_tier"": null, ""reserve"": null, ""academy"": null}}, ""page"": {""name"": ""RSSB Tigers"", ""source"": ""ocr"", ""confidence"": null, ""original_name"": ""RSSB Tigers"", ""reread_used"": false, ""dimensions"": {""gender"": null, ""age_group"": null, ""squad_tier"": null, ""reserve"": null, ""academy"": null}}, ""kind"": ""TOKEN_CONTAINMENT"", ""compatible"": true, ""strong"": false, ""shared_distinctive_tokens"": [], ""similarity"": 0.1304}","{""home"": {""original"": {""name"": ""Boca Juniors"", ""source"": ""ocr"", ""confidence"": null}, ""used"": false}, ""away"": {""original"": {""name"": ""RSSB Tigers"", ""source"": ""ocr"", ""confidence"": null}, ""used"": false}}",ALIAS_REQUIRED,AMBIGUOUS,DIRECT_URL_CONFIRMED_NAME_VARIANT,"{""conflicts"": [], ""needs_recheck"": [], ""missing"": []}"
on-7035a28fe078550828b8c5e6,1475314653:71224,operational,"[""Atletico Boca Juniors"", ""Tigers""]","[""Boca Juniors"", ""RSSB Tigers v""]","{""status"": ""AGREE"", ""requested"": ""26832491"", ""observed"": null, ""independently_observed"": false, ""direct_link_capture"": true, ""basis"": ""recorded direct-link navigation plus captured unique event page""}","{""status"": ""AGREE"", ""feed"": ""2026-09-27T06:30:00+00:00"", ""page"": ""2026-09-27T07:30:00+01:00"", ""difference_seconds"": 0.0, ""tolerance_seconds"": 120}","{""status"": ""AGREE"", ""feed"": ""basketball"", ""page"": ""basketball""}","{""status"": ""AGREE"", ""feed"": ""intercontinental cup"", ""page"": ""fiba intercontinental cup"", ""approved_mapping"": false, ""reason"": ""compatible label""}","{""status"": ""AGREE"", ""alert_market_fingerprint"": {""market"": ""TOTALS"", ""side"": ""UNDER"", ""line"": ""184.5"", ""period"": ""FULL_GAME"", ""prices"": {""OVER"": ""1.83"", ""UNDER"": ""1.83""}}, ""page_market_fingerprint"": {""market"": ""TOTALS"", ""side"": ""UNDER"", ""line"": ""184.5"", ""prices"": {""OVER"": ""1.83"", ""UNDER"": ""1.83""}, ""period"": ""FULL_GAME""}, ""fingerprint_match"": ""MATCHES""}","{""home"": {""status"": ""UNKNOWN"", ""feed"": null, ""page"": null, ""supplied_by_competition"": false}, ""away"": {""status"": ""UNKNOWN"", ""feed"": null, ""page"": null, ""supplied_by_competition"": false}}","{""home"": {""status"": ""UNKNOWN"", ""feed"": null, ""page"": null, ""supplied_by_competition"": false}, ""away"": {""status"": ""UNKNOWN"", ""feed"": null, ""page"": null, ""supplied_by_competition"": false}}","{""home"": {""status"": ""UNKNOWN"", ""feed"": null, ""page"": null, ""supplied_by_competition"": false}, ""away"": {""status"": ""UNKNOWN"", ""feed"": null, ""page"": null, ""supplied_by_competition"": false}}","{""home"": {""status"": ""UNKNOWN"", ""feed"": null, ""page"": null, ""supplied_by_competition"": false}, ""away"": {""status"": ""UNKNOWN"", ""feed"": null, ""page"": null, ""supplied_by_competition"": false}}","{""home"": {""status"": ""UNKNOWN"", ""feed"": null, ""page"": null, ""supplied_by_competition"": false}, ""away"": {""status"": ""UNKNOWN"", ""feed"": null, ""page"": null, ""supplied_by_competition"": false}}","{""feed"": {""name"": ""Atletico Boca Juniors"", ""source"": ""structured"", ""confidence"": null, ""original_name"": ""Atletico Boca Juniors"", ""reread_used"": false, ""dimensions"": {""gender"": null, ""age_group"": null, ""squad_tier"": null, ""reserve"": null, ""academy"": null}}, ""page"": {""name"": ""Boca Juniors"", ""source"": ""ocr"", ""confidence"": null, ""original_name"": ""Boca Juniors"", ""reread_used"": false, ""dimensions"": {""gender"": null, ""age_group"": null, ""squad_tier"": null, ""reserve"": null, ""academy"": null}}, ""kind"": ""CANONICAL_MATCH"", ""compatible"": true, ""strong"": true, ""shared_distinctive_tokens"": [""boca"", ""juniors""], ""similarity"": 1.0}","{""feed"": {""name"": ""Tigers"", ""source"": ""structured"", ""confidence"": null, ""original_name"": ""Tigers"", ""reread_used"": false, ""dimensions"": {""gender"": null, ""age_group"": null, ""squad_tier"": null, ""reserve"": null, ""academy"": null}}, ""page"": {""name"": ""RSSB Tigers v"", ""source"": ""ocr"", ""confidence"": null, ""original_name"": ""RSSB Tigers v"", ""reread_used"": false, ""dimensions"": {""gender"": null, ""age_group"": null, ""squad_tier"": null, ""reserve"": null, ""academy"": null}}, ""kind"": ""TOKEN_CONTAINMENT"", ""compatible"": true, ""strong"": false, ""shared_distinctive_tokens"": [], ""similarity"": 0.1154}","{""home"": {""original"": {""name"": ""Boca Juniors"", ""source"": ""ocr"", ""confidence"": null}, ""used"": false}, ""away"": {""original"": {""name"": ""RSSB Tigers v"", ""source"": ""ocr"", ""confidence"": null}, ""used"": false}}",ALIAS_REQUIRED,AMBIGUOUS,DIRECT_URL_CONFIRMED_NAME_VARIANT,"{""conflicts"": [], ""needs_recheck"": [], ""missing"": []}"
on-3cea58f9e8f21987a58cecda,1475314653:71294,operational,"[""AB Castello"", ""Benicarlo""]","[""Amics Castello"", ""Benicarlo v""]","{""status"": ""AGREE"", ""requested"": ""26832714"", ""observed"": null, ""independently_observed"": false, ""direct_link_capture"": true, ""basis"": ""recorded direct-link navigation plus captured unique event page""}","{""status"": ""AGREE"", ""feed"": ""2026-09-27T10:00:00+00:00"", ""page"": ""2026-09-27T11:00:00+01:00"", ""difference_seconds"": 0.0, ""tolerance_seconds"": 120}","{""status"": ""AGREE"", ""feed"": ""basketball"", ""page"": ""basketball""}","{""status"": ""AGREE"", ""feed"": ""copa espana"", ""page"": ""copa espana"", ""approved_mapping"": false, ""reason"": ""compatible label""}","{""status"": ""AGREE"", ""alert_market_fingerprint"": {""market"": ""TOTALS"", ""side"": ""UNDER"", ""line"": ""147.5"", ""period"": ""FULL_GAME"", ""prices"": {""OVER"": ""1.83"", ""UNDER"": ""1.83""}}, ""page_market_fingerprint"": {""market"": ""TOTALS"", ""side"": ""UNDER"", ""line"": ""147.5"", ""prices"": {""OVER"": ""1.83"", ""UNDER"": ""1.83""}, ""period"": ""FULL_GAME""}, ""fingerprint_match"": ""MATCHES""}","{""home"": {""status"": ""UNKNOWN"", ""feed"": null, ""page"": null, ""supplied_by_competition"": false}, ""away"": {""status"": ""UNKNOWN"", ""feed"": null, ""page"": null, ""supplied_by_competition"": false}}","{""home"": {""status"": ""UNKNOWN"", ""feed"": null, ""page"": null, ""supplied_by_competition"": false}, ""away"": {""status"": ""UNKNOWN"", ""feed"": null, ""page"": null, ""supplied_by_competition"": false}}","{""home"": {""status"": ""UNKNOWN"", ""feed"": null, ""page"": null, ""supplied_by_competition"": false}, ""away"": {""status"": ""UNKNOWN"", ""feed"": null, ""page"": null, ""supplied_by_competition"": false}}","{""home"": {""status"": ""UNKNOWN"", ""feed"": null, ""page"": null, ""supplied_by_competition"": false}, ""away"": {""status"": ""UNKNOWN"", ""feed"": null, ""page"": null, ""supplied_by_competition"": false}}","{""home"": {""status"": ""UNKNOWN"", ""feed"": null, ""page"": null, ""supplied_by_competition"": false}, ""away"": {""status"": ""UNKNOWN"", ""feed"": null, ""page"": null, ""supplied_by_competition"": false}}","{""feed"": {""name"": ""AB Castello"", ""source"": ""structured"", ""confidence"": null, ""original_name"": ""AB Castello"", ""reread_used"": false, ""dimensions"": {""gender"": null, ""age_group"": null, ""squad_tier"": null, ""reserve"": null, ""academy"": null}}, ""page"": {""name"": ""Amics Castello"", ""source"": ""ocr"", ""confidence"": null, ""original_name"": ""Amics Castello"", ""reread_used"": false, ""dimensions"": {""gender"": null, ""age_group"": null, ""squad_tier"": null, ""reserve"": null, ""academy"": null}}, ""kind"": ""SHARED_CORE_CONTEXT_ONLY"", ""compatible"": true, ""strong"": false, ""shared_distinctive_tokens"": [""castello""], ""similarity"": 0.3333}","{""feed"": {""name"": ""Benicarlo"", ""source"": ""structured"", ""confidence"": null, ""original_name"": ""Benicarlo"", ""reread_used"": false, ""dimensions"": {""gender"": null, ""age_group"": null, ""squad_tier"": null, ""reserve"": null, ""academy"": null}}, ""page"": {""name"": ""Benicarlo v"", ""source"": ""ocr"", ""confidence"": null, ""original_name"": ""Benicarlo v"", ""reread_used"": false, ""dimensions"": {""gender"": null, ""age_group"": null, ""squad_tier"": null, ""reserve"": null, ""academy"": null}}, ""kind"": ""TOKEN_CONTAINMENT"", ""compatible"": true, ""strong"": true, ""shared_distinctive_tokens"": [""benicarlo""], ""similarity"": 0.8696}","{""home"": {""original"": {""name"": ""Amics Castello"", ""source"": ""ocr"", ""confidence"": null}, ""used"": false}, ""away"": {""original"": {""name"": ""Benicarlo v"", ""source"": ""ocr"", ""confidence"": null}, ""used"": false}}",ALIAS_REQUIRED,AMBIGUOUS,DIRECT_URL_CONFIRMED_NAME_VARIANT,"{""conflicts"": [], ""needs_recheck"": [], ""missing"": []}"
on-ef04310fdfa5c607ce40a9e0,1475314653:71305,operational,"[""CB San Pablo Burgos"", ""Baskonia Vitoria Gasteiz""]","[""San Pablo Burgos"", ""Baskonia""]","{""status"": ""AGREE"", ""requested"": ""26737533"", ""observed"": null, ""independently_observed"": false, ""direct_link_capture"": true, ""basis"": ""recorded direct-link navigation plus captured unique event page""}","{""status"": ""AGREE"", ""feed"": ""2026-09-27T10:30:00+00:00"", ""page"": ""2026-09-27T11:30:00+01:00"", ""difference_seconds"": 0.0, ""tolerance_seconds"": 120}","{""status"": ""AGREE"", ""feed"": ""basketball"", ""page"": ""basketball""}","{""status"": ""UNKNOWN"", ""feed"": ""acb"", ""page"": """", ""approved_mapping"": false, ""reason"": ""unmapped label or conflicting independent evidence""}","{""status"": ""CONFLICT"", ""alert_market_fingerprint"": {""market"": ""TOTALS"", ""side"": ""OVER"", ""line"": ""184"", ""period"": ""FULL_GAME"", ""prices"": {""OVER"": ""2.30"", ""UNDER"": ""1.55""}}, ""page_market_fingerprint"": {""market"": ""TOTALS"", ""side"": ""OVER"", ""line"": ""182.5"", ""prices"": {""OVER"": ""1.83"", ""UNDER"": ""1.83""}, ""period"": ""FULL_GAME""}, ""fingerprint_match"": ""CONFLICT"", ""reason"": ""Line/price snapshot differs without corroborating history""}","{""home"": {""status"": ""UNKNOWN"", ""feed"": null, ""page"": null, ""supplied_by_competition"": false}, ""away"": {""status"": ""UNKNOWN"", ""feed"": null, ""page"": null, ""supplied_by_competition"": false}}","{""home"": {""status"": ""UNKNOWN"", ""feed"": null, ""page"": null, ""supplied_by_competition"": false}, ""away"": {""status"": ""UNKNOWN"", ""feed"": null, ""page"": null, ""supplied_by_competition"": false}}","{""home"": {""status"": ""UNKNOWN"", ""feed"": null, ""page"": null, ""supplied_by_competition"": false}, ""away"": {""status"": ""UNKNOWN"", ""feed"": null, ""page"": null, ""supplied_by_competition"": false}}","{""home"": {""status"": ""UNKNOWN"", ""feed"": null, ""page"": null, ""supplied_by_competition"": false}, ""away"": {""status"": ""UNKNOWN"", ""feed"": null, ""page"": null, ""supplied_by_competition"": false}}","{""home"": {""status"": ""UNKNOWN"", ""feed"": null, ""page"": null, ""supplied_by_competition"": false}, ""away"": {""status"": ""UNKNOWN"", ""feed"": null, ""page"": null, ""supplied_by_competition"": false}}","{""feed"": {""name"": ""CB San Pablo Burgos"", ""source"": ""structured"", ""confidence"": null, ""original_name"": ""CB San Pablo Burgos"", ""reread_used"": false, ""dimensions"": {""gender"": null, ""age_group"": null, ""squad_tier"": null, ""reserve"": null, ""academy"": null}}, ""page"": {""name"": ""San Pablo Burgos"", ""source"": ""ocr"", ""confidence"": null, ""original_name"": ""San Pablo Burgos"", ""reread_used"": false, ""dimensions"": {""gender"": null, ""age_group"": null, ""squad_tier"": null, ""reserve"": null, ""academy"": null}}, ""kind"": ""TOKEN_CONTAINMENT"", ""compatible"": true, ""strong"": true, ""shared_distinctive_tokens"": [""burgos"", ""pablo"", ""san""], ""similarity"": 0.75}","{""feed"": {""name"": ""Baskonia Vitoria Gasteiz"", ""source"": ""structured"", ""confidence"": null, ""original_name"": ""Baskonia Vitoria Gasteiz"", ""reread_used"": false, ""dimensions"": {""gender"": null, ""age_group"": null, ""squad_tier"": null, ""reserve"": null, ""academy"": null}}, ""page"": {""name"": ""Baskonia"", ""source"": ""ocr"", ""confidence"": null, ""original_name"": ""Baskonia"", ""reread_used"": false, ""dimensions"": {""gender"": null, ""age_group"": null, ""squad_tier"": null, ""reserve"": null, ""academy"": null}}, ""kind"": ""TOKEN_CONTAINMENT"", ""compatible"": true, ""strong"": false, ""shared_distinctive_tokens"": [""baskonia""], ""similarity"": 0.3333}","{""home"": {""original"": {""name"": ""San Pablo Burgos"", ""source"": ""ocr"", ""confidence"": null}, ""used"": false}, ""away"": {""original"": {""name"": ""Baskonia"", ""source"": ""ocr"", ""confidence"": null}, ""used"": false}}",ALIAS_REQUIRED,AMBIGUOUS,CONFLICT,"{""conflicts"": [""market_fingerprint""], ""needs_recheck"": [], ""missing"": [""competition""]}"
on-983f2daab50324592016597b,1475314653:71310,operational,"[""Botas SK"", ""CBK Mersin Yenisehir Bld""]","[""Botas (W)"", ""CBK Mersin (W)""]","{""status"": ""AGREE"", ""requested"": ""26823830"", ""observed"": null, ""independently_observed"": false, ""direct_link_capture"": true, ""basis"": ""recorded direct-link navigation plus captured unique event page""}","{""status"": ""AGREE"", ""feed"": ""2026-09-27T11:00:00+00:00"", ""page"": ""2026-09-27T12:00:00+01:00"", ""difference_seconds"": 0.0, ""tolerance_seconds"": 120}","{""status"": ""AGREE"", ""feed"": ""basketball"", ""page"": ""basketball""}","{""status"": ""UNKNOWN"", ""feed"": ""super league women"", ""page"": ""turkiye tkbsl women"", ""approved_mapping"": false, ""reason"": ""unmapped label or conflicting independent evidence""}","{""status"": ""CONFLICT"", ""alert_market_fingerprint"": {""market"": ""MONEYLINE"", ""side"": ""HOME"", ""line"": null, ""period"": ""FULL_GAME"", ""prices"": {""HOME"": ""2.50"", ""AWAY"": ""1.50""}}, ""page_market_fingerprint"": {""market"": ""MONEYLINE"", ""side"": ""HOME"", ""line"": null, ""prices"": {""HOME"": ""2.20"", ""AWAY"": ""1.60""}, ""period"": ""FULL_GAME""}, ""fingerprint_match"": ""CONFLICT"", ""reason"": ""Line/price snapshot differs without corroborating history""}","{""home"": {""status"": ""NEEDS_RECHECK"", ""feed"": null, ""page"": ""women"", ""supplied_by_competition"": false}, ""away"": {""status"": ""NEEDS_RECHECK"", ""feed"": null, ""page"": ""women"", ""supplied_by_competition"": false}}","{""home"": {""status"": ""UNKNOWN"", ""feed"": null, ""page"": null, ""supplied_by_competition"": false}, ""away"": {""status"": ""UNKNOWN"", ""feed"": null, ""page"": null, ""supplied_by_competition"": false}}","{""home"": {""status"": ""UNKNOWN"", ""feed"": null, ""page"": null, ""supplied_by_competition"": false}, ""away"": {""status"": ""UNKNOWN"", ""feed"": null, ""page"": null, ""supplied_by_competition"": false}}","{""home"": {""status"": ""UNKNOWN"", ""feed"": null, ""page"": null, ""supplied_by_competition"": false}, ""away"": {""status"": ""UNKNOWN"", ""feed"": null, ""page"": null, ""supplied_by_competition"": false}}","{""home"": {""status"": ""UNKNOWN"", ""feed"": null, ""page"": null, ""supplied_by_competition"": false}, ""away"": {""status"": ""UNKNOWN"", ""feed"": null, ""page"": null, ""supplied_by_competition"": false}}","{""feed"": {""name"": ""Botas SK"", ""source"": ""structured"", ""confidence"": null, ""original_name"": ""Botas SK"", ""reread_used"": false, ""dimensions"": {""gender"": null, ""age_group"": null, ""squad_tier"": null, ""reserve"": null, ""academy"": null}}, ""page"": {""name"": ""Botas (W)"", ""source"": ""ocr"", ""confidence"": null, ""original_name"": ""Botas (W)"", ""reread_used"": false, ""dimensions"": {""gender"": ""women"", ""age_group"": null, ""squad_tier"": null, ""reserve"": null, ""academy"": null}}, ""kind"": ""TOKEN_CONTAINMENT"", ""compatible"": true, ""strong"": false, ""shared_distinctive_tokens"": [""botas""], ""similarity"": 0.5}","{""feed"": {""name"": ""CBK Mersin Yenisehir Bld"", ""source"": ""structured"", ""confidence"": null, ""original_name"": ""CBK Mersin Yenisehir Bld"", ""reread_used"": false, ""dimensions"": {""gender"": null, ""age_group"": null, ""squad_tier"": null, ""reserve"": null, ""academy"": null}}, ""page"": {""name"": ""CBK Mersin (W)"", ""source"": ""ocr"", ""confidence"": null, ""original_name"": ""CBK Mersin (W)"", ""reread_used"": false, ""dimensions"": {""gender"": ""women"", ""age_group"": null, ""squad_tier"": null, ""reserve"": null, ""academy"": null}}, ""kind"": ""TOKEN_CONTAINMENT"", ""compatible"": true, ""strong"": false, ""shared_distinctive_tokens"": [""cbk"", ""mersin""], ""similarity"": 0.5}","{""home"": {""original"": {""name"": ""Botas (W)"", ""source"": ""ocr"", ""confidence"": null}, ""used"": false}, ""away"": {""original"": {""name"": ""CBK Mersin (W)"", ""source"": ""ocr"", ""confidence"": null}, ""used"": false}}",ALIAS_REQUIRED,AMBIGUOUS,CONFLICT,"{""conflicts"": [""market_fingerprint""], ""needs_recheck"": [""home_gender"", ""away_gender""], ""missing"": [""competition""]}"
on-d1b2cb3a2e1f82da56772ea9,1475314653:71311,operational,"[""Botas SK"", ""CBK Mersin Yenisehir Bld""]","[""Botas (W)"", ""CBK Mersin (W)""]","{""status"": ""AGREE"", ""requested"": ""26823830"", ""observed"": null, ""independently_observed"": false, ""direct_link_capture"": true, ""basis"": ""recorded direct-link navigation plus captured unique event page""}","{""status"": ""AGREE"", ""feed"": ""2026-09-27T11:00:00+00:00"", ""page"": ""2026-09-27T12:00:00+01:00"", ""difference_seconds"": 0.0, ""tolerance_seconds"": 120}","{""status"": ""AGREE"", ""feed"": ""basketball"", ""page"": ""basketball""}","{""status"": ""UNKNOWN"", ""feed"": ""super league women"", ""page"": ""turkiye tkbsl women"", ""approved_mapping"": false, ""reason"": ""unmapped label or conflicting independent evidence""}","{""status"": ""CONFLICT"", ""alert_market_fingerprint"": {""market"": ""SPREAD"", ""side"": ""HOME"", ""line"": ""4.5"", ""period"": ""FULL_GAME"", ""prices"": {""HOME"": ""1.83"", ""AWAY"": ""1.83""}}, ""page_market_fingerprint"": {""market"": ""SPREAD"", ""side"": ""HOME"", ""line"": ""+3.0"", ""prices"": {""HOME"": ""1.83"", ""AWAY"": ""1.83""}, ""period"": ""FULL_GAME""}, ""fingerprint_match"": ""CONFLICT"", ""reason"": ""Line/price snapshot differs without corroborating history""}","{""home"": {""status"": ""NEEDS_RECHECK"", ""feed"": null, ""page"": ""women"", ""supplied_by_competition"": false}, ""away"": {""status"": ""NEEDS_RECHECK"", ""feed"": null, ""page"": ""women"", ""supplied_by_competition"": false}}","{""home"": {""status"": ""UNKNOWN"", ""feed"": null, ""page"": null, ""supplied_by_competition"": false}, ""away"": {""status"": ""UNKNOWN"", ""feed"": null, ""page"": null, ""supplied_by_competition"": false}}","{""home"": {""status"": ""UNKNOWN"", ""feed"": null, ""page"": null, ""supplied_by_competition"": false}, ""away"": {""status"": ""UNKNOWN"", ""feed"": null, ""page"": null, ""supplied_by_competition"": false}}","{""home"": {""status"": ""UNKNOWN"", ""feed"": null, ""page"": null, ""supplied_by_competition"": false}, ""away"": {""status"": ""UNKNOWN"", ""feed"": null, ""page"": null, ""supplied_by_competition"": false}}","{""home"": {""status"": ""UNKNOWN"", ""feed"": null, ""page"": null, ""supplied_by_competition"": false}, ""away"": {""status"": ""UNKNOWN"", ""feed"": null, ""page"": null, ""supplied_by_competition"": false}}","{""feed"": {""name"": ""Botas SK"", ""source"": ""structured"", ""confidence"": null, ""original_name"": ""Botas SK"", ""reread_used"": false, ""dimensions"": {""gender"": null, ""age_group"": null, ""squad_tier"": null, ""reserve"": null, ""academy"": null}}, ""page"": {""name"": ""Botas (W)"", ""source"": ""ocr"", ""confidence"": null, ""original_name"": ""Botas (W)"", ""reread_used"": false, ""dimensions"": {""gender"": ""women"", ""age_group"": null, ""squad_tier"": null, ""reserve"": null, ""academy"": null}}, ""kind"": ""TOKEN_CONTAINMENT"", ""compatible"": true, ""strong"": false, ""shared_distinctive_tokens"": [""botas""], ""similarity"": 0.5}","{""feed"": {""name"": ""CBK Mersin Yenisehir Bld"", ""source"": ""structured"", ""confidence"": null, ""original_name"": ""CBK Mersin Yenisehir Bld"", ""reread_used"": false, ""dimensions"": {""gender"": null, ""age_group"": null, ""squad_tier"": null, ""reserve"": null, ""academy"": null}}, ""page"": {""name"": ""CBK Mersin (W)"", ""source"": ""ocr"", ""confidence"": null, ""original_name"": ""CBK Mersin (W)"", ""reread_used"": false, ""dimensions"": {""gender"": ""women"", ""age_group"": null, ""squad_tier"": null, ""reserve"": null, ""academy"": null}}, ""kind"": ""TOKEN_CONTAINMENT"", ""compatible"": true, ""strong"": false, ""shared_distinctive_tokens"": [""cbk"", ""mersin""], ""similarity"": 0.5}","{""home"": {""original"": {""name"": ""Botas (W)"", ""source"": ""ocr"", ""confidence"": null}, ""used"": false}, ""away"": {""original"": {""name"": ""CBK Mersin (W)"", ""source"": ""ocr"", ""confidence"": null}, ""used"": false}}",ALIAS_REQUIRED,AMBIGUOUS,CONFLICT,"{""conflicts"": [""market_fingerprint""], ""needs_recheck"": [""home_gender"", ""away_gender""], ""missing"": [""competition""]}"
on-d05b8da4d9079052aecf59ad,1475314653:71316,operational,"[""Botas SK"", ""CBK Mersin Yenisehir Bld""]","[""Botas (W)"", ""CBK Mersin (W) v""]","{""status"": ""AGREE"", ""requested"": ""26823830"", ""observed"": null, ""independently_observed"": false, ""direct_link_capture"": true, ""basis"": ""recorded direct-link navigation plus captured unique event page""}","{""status"": ""AGREE"", ""feed"": ""2026-09-27T11:00:00+00:00"", ""page"": ""2026-09-27T12:00:00+01:00"", ""difference_seconds"": 0.0, ""tolerance_seconds"": 120}","{""status"": ""AGREE"", ""feed"": ""basketball"", ""page"": ""basketball""}","{""status"": ""UNKNOWN"", ""feed"": ""super league women"", ""page"": ""turkiye tkbsl women"", ""approved_mapping"": false, ""reason"": ""unmapped label or conflicting independent evidence""}","{""status"": ""CONFLICT"", ""alert_market_fingerprint"": {""market"": ""MONEYLINE"", ""side"": ""HOME"", ""line"": null, ""period"": ""FULL_GAME"", ""prices"": {""HOME"": ""2.50"", ""AWAY"": ""1.50""}}, ""page_market_fingerprint"": {""market"": ""MONEYLINE"", ""side"": ""HOME"", ""line"": null, ""prices"": {""HOME"": ""2.00"", ""AWAY"": ""1.71""}, ""period"": ""FULL_GAME""}, ""fingerprint_match"": ""CONFLICT"", ""reason"": ""Line/price snapshot differs without corroborating history""}","{""home"": {""status"": ""NEEDS_RECHECK"", ""feed"": null, ""page"": ""women"", ""supplied_by_competition"": false}, ""away"": {""status"": ""NEEDS_RECHECK"", ""feed"": null, ""page"": ""women"", ""supplied_by_competition"": false}}","{""home"": {""status"": ""UNKNOWN"", ""feed"": null, ""page"": null, ""supplied_by_competition"": false}, ""away"": {""status"": ""UNKNOWN"", ""feed"": null, ""page"": null, ""supplied_by_competition"": false}}","{""home"": {""status"": ""UNKNOWN"", ""feed"": null, ""page"": null, ""supplied_by_competition"": false}, ""away"": {""status"": ""UNKNOWN"", ""feed"": null, ""page"": null, ""supplied_by_competition"": false}}","{""home"": {""status"": ""UNKNOWN"", ""feed"": null, ""page"": null, ""supplied_by_competition"": false}, ""away"": {""status"": ""UNKNOWN"", ""feed"": null, ""page"": null, ""supplied_by_competition"": false}}","{""home"": {""status"": ""UNKNOWN"", ""feed"": null, ""page"": null, ""supplied_by_competition"": false}, ""away"": {""status"": ""UNKNOWN"", ""feed"": null, ""page"": null, ""supplied_by_competition"": false}}","{""feed"": {""name"": ""Botas SK"", ""source"": ""structured"", ""confidence"": null, ""original_name"": ""Botas SK"", ""reread_used"": false, ""dimensions"": {""gender"": null, ""age_group"": null, ""squad_tier"": null, ""reserve"": null, ""academy"": null}}, ""page"": {""name"": ""Botas (W)"", ""source"": ""ocr"", ""confidence"": null, ""original_name"": ""Botas (W)"", ""reread_used"": false, ""dimensions"": {""gender"": ""women"", ""age_group"": null, ""squad_tier"": null, ""reserve"": null, ""academy"": null}}, ""kind"": ""TOKEN_CONTAINMENT"", ""compatible"": true, ""strong"": false, ""shared_distinctive_tokens"": [""botas""], ""similarity"": 0.5}","{""feed"": {""name"": ""CBK Mersin Yenisehir Bld"", ""source"": ""structured"", ""confidence"": null, ""original_name"": ""CBK Mersin Yenisehir Bld"", ""reread_used"": false, ""dimensions"": {""gender"": null, ""age_group"": null, ""squad_tier"": null, ""reserve"": null, ""academy"": null}}, ""page"": {""name"": ""CBK Mersin (W) v"", ""source"": ""ocr"", ""confidence"": null, ""original_name"": ""CBK Mersin (W) v"", ""reread_used"": false, ""dimensions"": {""gender"": ""women"", ""age_group"": null, ""squad_tier"": null, ""reserve"": null, ""academy"": null}}, ""kind"": ""SHARED_CORE_CONTEXT_ONLY"", ""compatible"": true, ""strong"": false, ""shared_distinctive_tokens"": [""cbk"", ""mersin""], ""similarity"": 0.4819}","{""home"": {""original"": {""name"": ""Botas (W)"", ""source"": ""ocr"", ""confidence"": null}, ""used"": false}, ""away"": {""original"": {""name"": ""CBK Mersin (W) v"", ""source"": ""ocr"", ""confidence"": null}, ""used"": false}}",ALIAS_REQUIRED,AMBIGUOUS,CONFLICT,"{""conflicts"": [""market_fingerprint""], ""needs_recheck"": [""home_gender"", ""away_gender""], ""missing"": [""competition""]}"
on-4e3e08e836af7e6e3578b270,1475314653:71320,operational,"[""Botas SK"", ""CBK Mersin Yenisehir Bld""]","[""Botas (W)"", ""CBK Mersin (W)""]","{""status"": ""AGREE"", ""requested"": ""26823830"", ""observed"": null, ""independently_observed"": false, ""direct_link_capture"": true, ""basis"": ""recorded direct-link navigation plus captured unique event page""}","{""status"": ""AGREE"", ""feed"": ""2026-09-27T11:00:00+00:00"", ""page"": ""2026-09-27T12:00:00+01:00"", ""difference_seconds"": 0.0, ""tolerance_seconds"": 120}","{""status"": ""AGREE"", ""feed"": ""basketball"", ""page"": ""basketball""}","{""status"": ""UNKNOWN"", ""feed"": ""super league women"", ""page"": ""turkiye tkbsl women"", ""approved_mapping"": false, ""reason"": ""unmapped label or conflicting independent evidence""}","{""status"": ""CONFLICT"", ""alert_market_fingerprint"": {""market"": ""MONEYLINE"", ""side"": ""HOME"", ""line"": null, ""period"": ""FULL_GAME"", ""prices"": {""HOME"": ""2.50"", ""AWAY"": ""1.50""}}, ""page_market_fingerprint"": {""market"": ""MONEYLINE"", ""side"": ""HOME"", ""line"": null, ""prices"": {""HOME"": ""2.00"", ""AWAY"": ""1.71""}, ""period"": ""FULL_GAME""}, ""fingerprint_match"": ""CONFLICT"", ""reason"": ""Line/price snapshot differs without corroborating history""}","{""home"": {""status"": ""NEEDS_RECHECK"", ""feed"": null, ""page"": ""women"", ""supplied_by_competition"": false}, ""away"": {""status"": ""NEEDS_RECHECK"", ""feed"": null, ""page"": ""women"", ""supplied_by_competition"": false}}","{""home"": {""status"": ""UNKNOWN"", ""feed"": null, ""page"": null, ""supplied_by_competition"": false}, ""away"": {""status"": ""UNKNOWN"", ""feed"": null, ""page"": null, ""supplied_by_competition"": false}}","{""home"": {""status"": ""UNKNOWN"", ""feed"": null, ""page"": null, ""supplied_by_competition"": false}, ""away"": {""status"": ""UNKNOWN"", ""feed"": null, ""page"": null, ""supplied_by_competition"": false}}","{""home"": {""status"": ""UNKNOWN"", ""feed"": null, ""page"": null, ""supplied_by_competition"": false}, ""away"": {""status"": ""UNKNOWN"", ""feed"": null, ""page"": null, ""supplied_by_competition"": false}}","{""home"": {""status"": ""UNKNOWN"", ""feed"": null, ""page"": null, ""supplied_by_competition"": false}, ""away"": {""status"": ""UNKNOWN"", ""feed"": null, ""page"": null, ""supplied_by_competition"": false}}","{""feed"": {""name"": ""Botas SK"", ""source"": ""structured"", ""confidence"": null, ""original_name"": ""Botas SK"", ""reread_used"": false, ""dimensions"": {""gender"": null, ""age_group"": null, ""squad_tier"": null, ""reserve"": null, ""academy"": null}}, ""page"": {""name"": ""Botas (W)"", ""source"": ""ocr"", ""confidence"": null, ""original_name"": ""Botas (W)"", ""reread_used"": false, ""dimensions"": {""gender"": ""women"", ""age_group"": null, ""squad_tier"": null, ""reserve"": null, ""academy"": null}}, ""kind"": ""TOKEN_CONTAINMENT"", ""compatible"": true, ""strong"": false, ""shared_distinctive_tokens"": [""botas""], ""similarity"": 0.5}","{""feed"": {""name"": ""CBK Mersin Yenisehir Bld"", ""source"": ""structured"", ""confidence"": null, ""original_name"": ""CBK Mersin Yenisehir Bld"", ""reread_used"": false, ""dimensions"": {""gender"": null, ""age_group"": null, ""squad_tier"": null, ""reserve"": null, ""academy"": null}}, ""page"": {""name"": ""CBK Mersin (W)"", ""source"": ""ocr"", ""confidence"": null, ""original_name"": ""CBK Mersin (W)"", ""reread_used"": false, ""dimensions"": {""gender"": ""women"", ""age_group"": null, ""squad_tier"": null, ""reserve"": null, ""academy"": null}}, ""kind"": ""TOKEN_CONTAINMENT"", ""compatible"": true, ""strong"": false, ""shared_distinctive_tokens"": [""cbk"", ""mersin""], ""similarity"": 0.5}","{""home"": {""original"": {""name"": ""Botas (W)"", ""source"": ""ocr"", ""confidence"": null}, ""used"": false}, ""away"": {""original"": {""name"": ""CBK Mersin (W)"", ""source"": ""ocr"", ""confidence"": null}, ""used"": false}}",ALIAS_REQUIRED,AMBIGUOUS,CONFLICT,"{""conflicts"": [""market_fingerprint""], ""needs_recheck"": [""home_gender"", ""away_gender""], ""missing"": [""competition""]}"
on-7f105c60eaff53424291c5cb,1475314653:71321,operational,"[""Botas SK"", ""CBK Mersin Yenisehir Bld""]","[""Botas (W)"", ""CBK Mersin (W)""]","{""status"": ""AGREE"", ""requested"": ""26823830"", ""observed"": null, ""independently_observed"": false, ""direct_link_capture"": true, ""basis"": ""recorded direct-link navigation plus captured unique event page""}","{""status"": ""AGREE"", ""feed"": ""2026-09-27T11:00:00+00:00"", ""page"": ""2026-09-27T12:00:00+01:00"", ""difference_seconds"": 0.0, ""tolerance_seconds"": 120}","{""status"": ""AGREE"", ""feed"": ""basketball"", ""page"": ""basketball""}","{""status"": ""UNKNOWN"", ""feed"": ""super league women"", ""page"": ""turkiye tkbsl women"", ""approved_mapping"": false, ""reason"": ""unmapped label or conflicting independent evidence""}","{""status"": ""CONFLICT"", ""alert_market_fingerprint"": {""market"": ""SPREAD"", ""side"": ""HOME"", ""line"": ""4.5"", ""period"": ""FULL_GAME"", ""prices"": {""HOME"": ""1.83"", ""AWAY"": ""1.83""}}, ""page_market_fingerprint"": {""market"": ""SPREAD"", ""side"": ""HOME"", ""line"": ""+2.0"", ""prices"": {""HOME"": ""1.83"", ""AWAY"": ""1.83""}, ""period"": ""FULL_GAME""}, ""fingerprint_match"": ""CONFLICT"", ""reason"": ""Line/price snapshot differs without corroborating history""}","{""home"": {""status"": ""NEEDS_RECHECK"", ""feed"": null, ""page"": ""women"", ""supplied_by_competition"": false}, ""away"": {""status"": ""NEEDS_RECHECK"", ""feed"": null, ""page"": ""women"", ""supplied_by_competition"": false}}","{""home"": {""status"": ""UNKNOWN"", ""feed"": null, ""page"": null, ""supplied_by_competition"": false}, ""away"": {""status"": ""UNKNOWN"", ""feed"": null, ""page"": null, ""supplied_by_competition"": false}}","{""home"": {""status"": ""UNKNOWN"", ""feed"": null, ""page"": null, ""supplied_by_competition"": false}, ""away"": {""status"": ""UNKNOWN"", ""feed"": null, ""page"": null, ""supplied_by_competition"": false}}","{""home"": {""status"": ""UNKNOWN"", ""feed"": null, ""page"": null, ""supplied_by_competition"": false}, ""away"": {""status"": ""UNKNOWN"", ""feed"": null, ""page"": null, ""supplied_by_competition"": false}}","{""home"": {""status"": ""UNKNOWN"", ""feed"": null, ""page"": null, ""supplied_by_competition"": false}, ""away"": {""status"": ""UNKNOWN"", ""feed"": null, ""page"": null, ""supplied_by_competition"": false}}","{""feed"": {""name"": ""Botas SK"", ""source"": ""structured"", ""confidence"": null, ""original_name"": ""Botas SK"", ""reread_used"": false, ""dimensions"": {""gender"": null, ""age_group"": null, ""squad_tier"": null, ""reserve"": null, ""academy"": null}}, ""page"": {""name"": ""Botas (W)"", ""source"": ""ocr"", ""confidence"": null, ""original_name"": ""Botas (W)"", ""reread_used"": false, ""dimensions"": {""gender"": ""women"", ""age_group"": null, ""squad_tier"": null, ""reserve"": null, ""academy"": null}}, ""kind"": ""TOKEN_CONTAINMENT"", ""compatible"": true, ""strong"": false, ""shared_distinctive_tokens"": [""botas""], ""similarity"": 0.5}","{""feed"": {""name"": ""CBK Mersin Yenisehir Bld"", ""source"": ""structured"", ""confidence"": null, ""original_name"": ""CBK Mersin Yenisehir Bld"", ""reread_used"": false, ""dimensions"": {""gender"": null, ""age_group"": null, ""squad_tier"": null, ""reserve"": null, ""academy"": null}}, ""page"": {""name"": ""CBK Mersin (W)"", ""source"": ""ocr"", ""confidence"": null, ""original_name"": ""CBK Mersin (W)"", ""reread_used"": false, ""dimensions"": {""gender"": ""women"", ""age_group"": null, ""squad_tier"": null, ""reserve"": null, ""academy"": null}}, ""kind"": ""TOKEN_CONTAINMENT"", ""compatible"": true, ""strong"": false, ""shared_distinctive_tokens"": [""cbk"", ""mersin""], ""similarity"": 0.5}","{""home"": {""original"": {""name"": ""Botas (W)"", ""source"": ""ocr"", ""confidence"": null}, ""used"": false}, ""away"": {""original"": {""name"": ""CBK Mersin (W)"", ""source"": ""ocr"", ""confidence"": null}, ""used"": false}}",ALIAS_REQUIRED,AMBIGUOUS,CONFLICT,"{""conflicts"": [""market_fingerprint""], ""needs_recheck"": [""home_gender"", ""away_gender""], ""missing"": [""competition""]}"
on-f3f852da85daf06d70b7bfe1,1475314653:71327,operational,"[""Botas SK"", ""CBK Mersin Yenisehir Bld""]","[""Botas (W)"", ""CBK Mersin (W) v""]","{""status"": ""AGREE"", ""requested"": ""26823830"", ""observed"": null, ""independently_observed"": false, ""direct_link_capture"": true, ""basis"": ""recorded direct-link navigation plus captured unique event page""}","{""status"": ""AGREE"", ""feed"": ""2026-09-27T11:00:00+00:00"", ""page"": ""2026-09-27T12:00:00+01:00"", ""difference_seconds"": 0.0, ""tolerance_seconds"": 120}","{""status"": ""AGREE"", ""feed"": ""basketball"", ""page"": ""basketball""}","{""status"": ""UNKNOWN"", ""feed"": ""super league women"", ""page"": ""turkiye tkbsl women"", ""approved_mapping"": false, ""reason"": ""unmapped label or conflicting independent evidence""}","{""status"": ""CONFLICT"", ""alert_market_fingerprint"": {""market"": ""MONEYLINE"", ""side"": ""HOME"", ""line"": null, ""period"": ""FULL_GAME"", ""prices"": {""HOME"": ""2.50"", ""AWAY"": ""1.50""}}, ""page_market_fingerprint"": {""market"": ""MONEYLINE"", ""side"": ""HOME"", ""line"": null, ""prices"": {""HOME"": ""2.00"", ""AWAY"": ""1.71""}, ""period"": ""FULL_GAME""}, ""fingerprint_match"": ""CONFLICT"", ""reason"": ""Line/price snapshot differs without corroborating history""}","{""home"": {""status"": ""NEEDS_RECHECK"", ""feed"": null, ""page"": ""women"", ""supplied_by_competition"": false}, ""away"": {""status"": ""NEEDS_RECHECK"", ""feed"": null, ""page"": ""women"", ""supplied_by_competition"": false}}","{""home"": {""status"": ""UNKNOWN"", ""feed"": null, ""page"": null, ""supplied_by_competition"": false}, ""away"": {""status"": ""UNKNOWN"", ""feed"": null, ""page"": null, ""supplied_by_competition"": false}}","{""home"": {""status"": ""UNKNOWN"", ""feed"": null, ""page"": null, ""supplied_by_competition"": false}, ""away"": {""status"": ""UNKNOWN"", ""feed"": null, ""page"": null, ""supplied_by_competition"": false}}","{""home"": {""status"": ""UNKNOWN"", ""feed"": null, ""page"": null, ""supplied_by_competition"": false}, ""away"": {""status"": ""UNKNOWN"", ""feed"": null, ""page"": null, ""supplied_by_competition"": false}}","{""home"": {""status"": ""UNKNOWN"", ""feed"": null, ""page"": null, ""supplied_by_competition"": false}, ""away"": {""status"": ""UNKNOWN"", ""feed"": null, ""page"": null, ""supplied_by_competition"": false}}","{""feed"": {""name"": ""Botas SK"", ""source"": ""structured"", ""confidence"": null, ""original_name"": ""Botas SK"", ""reread_used"": false, ""dimensions"": {""gender"": null, ""age_group"": null, ""squad_tier"": null, ""reserve"": null, ""academy"": null}}, ""page"": {""name"": ""Botas (W)"", ""source"": ""ocr"", ""confidence"": null, ""original_name"": ""Botas (W)"", ""reread_used"": false, ""dimensions"": {""gender"": ""women"", ""age_group"": null, ""squad_tier"": null, ""reserve"": null, ""academy"": null}}, ""kind"": ""TOKEN_CONTAINMENT"", ""compatible"": true, ""strong"": false, ""shared_distinctive_tokens"": [""botas""], ""similarity"": 0.5}","{""feed"": {""name"": ""CBK Mersin Yenisehir Bld"", ""source"": ""structured"", ""confidence"": null, ""original_name"": ""CBK Mersin Yenisehir Bld"", ""reread_used"": false, ""dimensions"": {""gender"": null, ""age_group"": null, ""squad_tier"": null, ""reserve"": null, ""academy"": null}}, ""page"": {""name"": ""CBK Mersin (W) v"", ""source"": ""ocr"", ""confidence"": null, ""original_name"": ""CBK Mersin (W) v"", ""reread_used"": false, ""dimensions"": {""gender"": ""women"", ""age_group"": null, ""squad_tier"": null, ""reserve"": null, ""academy"": null}}, ""kind"": ""SHARED_CORE_CONTEXT_ONLY"", ""compatible"": true, ""strong"": false, ""shared_distinctive_tokens"": [""cbk"", ""mersin""], ""similarity"": 0.4819}","{""home"": {""original"": {""name"": ""Botas (W)"", ""source"": ""ocr"", ""confidence"": null}, ""used"": false}, ""away"": {""original"": {""name"": ""CBK Mersin (W) v"", ""source"": ""ocr"", ""confidence"": null}, ""used"": false}}",ALIAS_REQUIRED,AMBIGUOUS,CONFLICT,"{""conflicts"": [""market_fingerprint""], ""needs_recheck"": [""home_gender"", ""away_gender""], ""missing"": [""competition""]}"
on-f4f4605942f555edbd24f737,1475314653:71331,operational,"[""LKS Lodz"", ""Sparta Ziebice""]","[""LKS KK Lodz (W)"", ""Sparta Ziebice (W)""]","{""status"": ""AGREE"", ""requested"": ""26832474"", ""observed"": null, ""independently_observed"": false, ""direct_link_capture"": true, ""basis"": ""recorded direct-link navigation plus captured unique event page""}","{""status"": ""AGREE"", ""feed"": ""2026-09-27T11:00:00+00:00"", ""page"": ""2026-09-27T12:00:00+01:00"", ""difference_seconds"": 0.0, ""tolerance_seconds"": 120}","{""status"": ""AGREE"", ""feed"": ""basketball"", ""page"": ""basketball""}","{""status"": ""AGREE"", ""feed"": ""liga 1 women"", ""page"": ""poland 1 liga women"", ""approved_mapping"": false, ""reason"": ""compatible label""}","{""status"": ""AGREE"", ""alert_market_fingerprint"": {""market"": ""SPREAD"", ""side"": ""AWAY"", ""line"": ""-1"", ""period"": ""FULL_GAME"", ""prices"": {""HOME"": ""1.83"", ""AWAY"": ""1.83""}}, ""page_market_fingerprint"": {""market"": ""SPREAD"", ""side"": ""AWAY"", ""line"": ""-1.0"", ""prices"": {""HOME"": ""1.83"", ""AWAY"": ""1.83""}, ""period"": ""FULL_GAME""}, ""fingerprint_match"": ""MATCHES""}","{""home"": {""status"": ""AGREE"", ""feed"": ""women"", ""page"": ""women"", ""supplied_by_competition"": true}, ""away"": {""status"": ""AGREE"", ""feed"": ""women"", ""page"": ""women"", ""supplied_by_competition"": true}}","{""home"": {""status"": ""UNKNOWN"", ""feed"": null, ""page"": null, ""supplied_by_competition"": false}, ""away"": {""status"": ""UNKNOWN"", ""feed"": null, ""page"": null, ""supplied_by_competition"": false}}","{""home"": {""status"": ""UNKNOWN"", ""feed"": null, ""page"": null, ""supplied_by_competition"": false}, ""away"": {""status"": ""UNKNOWN"", ""feed"": null, ""page"": null, ""supplied_by_competition"": false}}","{""home"": {""status"": ""UNKNOWN"", ""feed"": null, ""page"": null, ""supplied_by_competition"": false}, ""away"": {""status"": ""UNKNOWN"", ""feed"": null, ""page"": null, ""supplied_by_competition"": false}}","{""home"": {""status"": ""UNKNOWN"", ""feed"": null, ""page"": null, ""supplied_by_competition"": false}, ""away"": {""status"": ""UNKNOWN"", ""feed"": null, ""page"": null, ""supplied_by_competition"": false}}","{""feed"": {""name"": ""LKS Lodz"", ""source"": ""structured"", ""confidence"": null, ""original_name"": ""LKS Lodz"", ""reread_used"": false, ""dimensions"": {""gender"": null, ""age_group"": null, ""squad_tier"": null, ""reserve"": null, ""academy"": null}}, ""page"": {""name"": ""LKS KK Lodz (W)"", ""source"": ""ocr"", ""confidence"": null, ""original_name"": ""LKS KK Lodz (W)"", ""reread_used"": false, ""dimensions"": {""gender"": ""women"", ""age_group"": null, ""squad_tier"": null, ""reserve"": null, ""academy"": null}}, ""kind"": ""CANONICAL_MATCH"", ""compatible"": true, ""strong"": true, ""shared_distinctive_tokens"": [""lodz""], ""similarity"": 1.0}","{""feed"": {""name"": ""Sparta Ziebice"", ""source"": ""structured"", ""confidence"": null, ""original_name"": ""Sparta Ziebice"", ""reread_used"": false, ""dimensions"": {""gender"": null, ""age_group"": null, ""squad_tier"": null, ""reserve"": null, ""academy"": null}}, ""page"": {""name"": ""Sparta Ziebice (W)"", ""source"": ""ocr"", ""confidence"": null, ""original_name"": ""Sparta Ziebice (W)"", ""reread_used"": false, ""dimensions"": {""gender"": ""women"", ""age_group"": null, ""squad_tier"": null, ""reserve"": null, ""academy"": null}}, ""kind"": ""CANONICAL_MATCH"", ""compatible"": true, ""strong"": true, ""shared_distinctive_tokens"": [""sparta"", ""ziebice""], ""similarity"": 1.0}","{""home"": {""original"": {""name"": ""LKS KK Lodz (W)"", ""source"": ""ocr"", ""confidence"": null}, ""used"": false}, ""away"": {""original"": {""name"": ""Sparta Ziebice (W)"", ""source"": ""ocr"", ""confidence"": null}, ""used"": false}}",ALIAS_REQUIRED,AMBIGUOUS,DIRECT_URL_CONFIRMED_NAME_VARIANT,"{""conflicts"": [], ""needs_recheck"": [], ""missing"": []}"
on-e87ce14f483e5ac67ca32039,1475314653:71335,operational,"[""LKS Lodz"", ""Sparta Ziebice""]","[""LKS KK Lodz (W)"", ""Sparta Ziebice (W) v""]","{""status"": ""AGREE"", ""requested"": ""26832474"", ""observed"": null, ""independently_observed"": false, ""direct_link_capture"": true, ""basis"": ""recorded direct-link navigation plus captured unique event page""}","{""status"": ""AGREE"", ""feed"": ""2026-09-27T11:00:00+00:00"", ""page"": ""2026-09-27T12:00:00+01:00"", ""difference_seconds"": 0.0, ""tolerance_seconds"": 120}","{""status"": ""AGREE"", ""feed"": ""basketball"", ""page"": ""basketball""}","{""status"": ""AGREE"", ""feed"": ""liga 1 women"", ""page"": ""poland 1 liga women"", ""approved_mapping"": false, ""reason"": ""compatible label""}","{""status"": ""AGREE"", ""alert_market_fingerprint"": {""market"": ""SPREAD"", ""side"": ""AWAY"", ""line"": ""-1"", ""period"": ""FULL_GAME"", ""prices"": {""HOME"": ""1.83"", ""AWAY"": ""1.83""}}, ""page_market_fingerprint"": {""market"": ""SPREAD"", ""side"": ""AWAY"", ""line"": ""-2.5"", ""prices"": {""HOME"": ""1.83"", ""AWAY"": ""1.83""}, ""period"": ""FULL_GAME""}, ""fingerprint_match"": ""MOVED_PLAUSIBLY"", ""reason"": ""Original snapshot independently captured on this event; current quote differs"", ""prior_observed_at"": ""2026-09-27T10:32:49.656000+00:00""}","{""home"": {""status"": ""AGREE"", ""feed"": ""women"", ""page"": ""women"", ""supplied_by_competition"": true}, ""away"": {""status"": ""AGREE"", ""feed"": ""women"", ""page"": ""women"", ""supplied_by_competition"": true}}","{""home"": {""status"": ""UNKNOWN"", ""feed"": null, ""page"": null, ""supplied_by_competition"": false}, ""away"": {""status"": ""UNKNOWN"", ""feed"": null, ""page"": null, ""supplied_by_competition"": false}}","{""home"": {""status"": ""UNKNOWN"", ""feed"": null, ""page"": null, ""supplied_by_competition"": false}, ""away"": {""status"": ""UNKNOWN"", ""feed"": null, ""page"": null, ""supplied_by_competition"": false}}","{""home"": {""status"": ""UNKNOWN"", ""feed"": null, ""page"": null, ""supplied_by_competition"": false}, ""away"": {""status"": ""UNKNOWN"", ""feed"": null, ""page"": null, ""supplied_by_competition"": false}}","{""home"": {""status"": ""UNKNOWN"", ""feed"": null, ""page"": null, ""supplied_by_competition"": false}, ""away"": {""status"": ""UNKNOWN"", ""feed"": null, ""page"": null, ""supplied_by_competition"": false}}","{""feed"": {""name"": ""LKS Lodz"", ""source"": ""structured"", ""confidence"": null, ""original_name"": ""LKS Lodz"", ""reread_used"": false, ""dimensions"": {""gender"": null, ""age_group"": null, ""squad_tier"": null, ""reserve"": null, ""academy"": null}}, ""page"": {""name"": ""LKS KK Lodz (W)"", ""source"": ""ocr"", ""confidence"": null, ""original_name"": ""LKS KK Lodz (W)"", ""reread_used"": false, ""dimensions"": {""gender"": ""women"", ""age_group"": null, ""squad_tier"": null, ""reserve"": null, ""academy"": null}}, ""kind"": ""CANONICAL_MATCH"", ""compatible"": true, ""strong"": true, ""shared_distinctive_tokens"": [""lodz""], ""similarity"": 1.0}","{""feed"": {""name"": ""Sparta Ziebice"", ""source"": ""structured"", ""confidence"": null, ""original_name"": ""Sparta Ziebice"", ""reread_used"": false, ""dimensions"": {""gender"": null, ""age_group"": null, ""squad_tier"": null, ""reserve"": null, ""academy"": null}}, ""page"": {""name"": ""Sparta Ziebice (W) v"", ""source"": ""ocr"", ""confidence"": null, ""original_name"": ""Sparta Ziebice (W) v"", ""reread_used"": false, ""dimensions"": {""gender"": ""women"", ""age_group"": null, ""squad_tier"": null, ""reserve"": null, ""academy"": null}}, ""kind"": ""TOKEN_CONTAINMENT"", ""compatible"": true, ""strong"": true, ""shared_distinctive_tokens"": [""sparta"", ""ziebice""], ""similarity"": 0.9302}","{""home"": {""original"": {""name"": ""LKS KK Lodz (W)"", ""source"": ""ocr"", ""confidence"": null}, ""used"": false}, ""away"": {""original"": {""name"": ""Sparta Ziebice (W) v"", ""source"": ""ocr"", ""confidence"": null}, ""used"": false}}",ALIAS_REQUIRED,AMBIGUOUS,DIRECT_URL_CONFIRMED_NAME_VARIANT,"{""conflicts"": [], ""needs_recheck"": [], ""missing"": []}"
on-eccc23efb23fbd66800a0ff3,1475314653:71340,operational,"[""Elfic Fribourg"", ""GC Zurich Wildcats""]","[""Elfic Fribourg (W)"", ""GC Zurich (W)""]","{""status"": ""AGREE"", ""requested"": ""26832647"", ""observed"": null, ""independently_observed"": false, ""direct_link_capture"": true, ""basis"": ""recorded direct-link navigation plus captured unique event page""}","{""status"": ""AGREE"", ""feed"": ""2026-09-27T11:00:00+00:00"", ""page"": ""2026-09-27T12:00:00+01:00"", ""difference_seconds"": 0.0, ""tolerance_seconds"": 120}","{""status"": ""AGREE"", ""feed"": ""basketball"", ""page"": ""basketball""}","{""status"": ""AGREE"", ""feed"": ""sb league women"", ""page"": ""switzerland sb league women"", ""approved_mapping"": false, ""reason"": ""compatible label""}","{""status"": ""CONFLICT"", ""alert_market_fingerprint"": {""market"": ""TOTALS"", ""side"": ""OVER"", ""line"": ""144.5"", ""period"": ""FULL_GAME"", ""prices"": {""OVER"": ""1.83"", ""UNDER"": ""1.83""}}, ""page_market_fingerprint"": {""market"": ""TOTALS"", ""side"": ""OVER"", ""line"": ""147.5"", ""prices"": {""OVER"": ""1.80"", ""UNDER"": ""1.86""}, ""period"": ""FULL_GAME""}, ""fingerprint_match"": ""CONFLICT"", ""reason"": ""Line/price snapshot differs without corroborating history""}","{""home"": {""status"": ""AGREE"", ""feed"": ""women"", ""page"": ""women"", ""supplied_by_competition"": true}, ""away"": {""status"": ""AGREE"", ""feed"": ""women"", ""page"": ""women"", ""supplied_by_competition"": true}}","{""home"": {""status"": ""UNKNOWN"", ""feed"": null, ""page"": null, ""supplied_by_competition"": false}, ""away"": {""status"": ""UNKNOWN"", ""feed"": null, ""page"": null, ""supplied_by_competition"": false}}","{""home"": {""status"": ""UNKNOWN"", ""feed"": null, ""page"": null, ""supplied_by_competition"": false}, ""away"": {""status"": ""UNKNOWN"", ""feed"": null, ""page"": null, ""supplied_by_competition"": false}}","{""home"": {""status"": ""UNKNOWN"", ""feed"": null, ""page"": null, ""supplied_by_competition"": false}, ""away"": {""status"": ""UNKNOWN"", ""feed"": null, ""page"": null, ""supplied_by_competition"": false}}","{""home"": {""status"": ""UNKNOWN"", ""feed"": null, ""page"": null, ""supplied_by_competition"": false}, ""away"": {""status"": ""UNKNOWN"", ""feed"": null, ""page"": null, ""supplied_by_competition"": false}}","{""feed"": {""name"": ""Elfic Fribourg"", ""source"": ""structured"", ""confidence"": null, ""original_name"": ""Elfic Fribourg"", ""reread_used"": false, ""dimensions"": {""gender"": null, ""age_group"": null, ""squad_tier"": null, ""reserve"": null, ""academy"": null}}, ""page"": {""name"": ""Elfic Fribourg (W)"", ""source"": ""ocr"", ""confidence"": null, ""original_name"": ""Elfic Fribourg (W)"", ""reread_used"": false, ""dimensions"": {""gender"": ""women"", ""age_group"": null, ""squad_tier"": null, ""reserve"": null, ""academy"": null}}, ""kind"": ""CANONICAL_MATCH"", ""compatible"": true, ""strong"": true, ""shared_distinctive_tokens"": [""elfic"", ""fribourg""], ""similarity"": 1.0}","{""feed"": {""name"": ""GC Zurich Wildcats"", ""source"": ""structured"", ""confidence"": null, ""original_name"": ""GC Zurich Wildcats"", ""reread_used"": false, ""dimensions"": {""gender"": null, ""age_group"": null, ""squad_tier"": null, ""reserve"": null, ""academy"": null}}, ""page"": {""name"": ""GC Zurich (W)"", ""source"": ""ocr"", ""confidence"": null, ""original_name"": ""GC Zurich (W)"", ""reread_used"": false, ""dimensions"": {""gender"": ""women"", ""age_group"": null, ""squad_tier"": null, ""reserve"": null, ""academy"": null}}, ""kind"": ""TOKEN_CONTAINMENT"", ""compatible"": true, ""strong"": true, ""shared_distinctive_tokens"": [""gc"", ""zurich""], ""similarity"": 0.6667}","{""home"": {""original"": {""name"": ""Elfic Fribourg (W)"", ""source"": ""ocr"", ""confidence"": null}, ""used"": false}, ""away"": {""original"": {""name"": ""GC Zurich (W)"", ""source"": ""ocr"", ""confidence"": null}, ""used"": false}}",TARGET_NOT_FOUND,HIGH_CONFIDENCE_EVENT_MATCH,CONFLICT,"{""conflicts"": [""market_fingerprint""], ""needs_recheck"": [], ""missing"": []}"
on-7ad1ad27e852f0495245502e,1475314653:71344,operational,"[""LKS Lodz"", ""Sparta Ziebice""]","[""LKS KK Lodz (W)"", ""Sparta Ziebice (W) v""]","{""status"": ""AGREE"", ""requested"": ""26832474"", ""observed"": null, ""independently_observed"": false, ""direct_link_capture"": true, ""basis"": ""recorded direct-link navigation plus captured unique event page""}","{""status"": ""AGREE"", ""feed"": ""2026-09-27T11:00:00+00:00"", ""page"": ""2026-09-27T12:00:00+01:00"", ""difference_seconds"": 0.0, ""tolerance_seconds"": 120}","{""status"": ""AGREE"", ""feed"": ""basketball"", ""page"": ""basketball""}","{""status"": ""AGREE"", ""feed"": ""liga 1 women"", ""page"": ""poland 1 liga women"", ""approved_mapping"": false, ""reason"": ""compatible label""}","{""status"": ""AGREE"", ""alert_market_fingerprint"": {""market"": ""SPREAD"", ""side"": ""AWAY"", ""line"": ""-2.5"", ""period"": ""FULL_GAME"", ""prices"": {""HOME"": ""1.83"", ""AWAY"": ""1.83""}}, ""page_market_fingerprint"": {""market"": ""SPREAD"", ""side"": ""AWAY"", ""line"": ""-5.0"", ""prices"": {""HOME"": ""1.83"", ""AWAY"": ""1.83""}, ""period"": ""FULL_GAME""}, ""fingerprint_match"": ""MOVED_PLAUSIBLY"", ""reason"": ""Original snapshot independently captured on this event; current quote differs"", ""prior_observed_at"": ""2026-09-27T10:38:00.718000+00:00""}","{""home"": {""status"": ""AGREE"", ""feed"": ""women"", ""page"": ""women"", ""supplied_by_competition"": true}, ""away"": {""status"": ""AGREE"", ""feed"": ""women"", ""page"": ""women"", ""supplied_by_competition"": true}}","{""home"": {""status"": ""UNKNOWN"", ""feed"": null, ""page"": null, ""supplied_by_competition"": false}, ""away"": {""status"": ""UNKNOWN"", ""feed"": null, ""page"": null, ""supplied_by_competition"": false}}","{""home"": {""status"": ""UNKNOWN"", ""feed"": null, ""page"": null, ""supplied_by_competition"": false}, ""away"": {""status"": ""UNKNOWN"", ""feed"": null, ""page"": null, ""supplied_by_competition"": false}}","{""home"": {""status"": ""UNKNOWN"", ""feed"": null, ""page"": null, ""supplied_by_competition"": false}, ""away"": {""status"": ""UNKNOWN"", ""feed"": null, ""page"": null, ""supplied_by_competition"": false}}","{""home"": {""status"": ""UNKNOWN"", ""feed"": null, ""page"": null, ""supplied_by_competition"": false}, ""away"": {""status"": ""UNKNOWN"", ""feed"": null, ""page"": null, ""supplied_by_competition"": false}}","{""feed"": {""name"": ""LKS Lodz"", ""source"": ""structured"", ""confidence"": null, ""original_name"": ""LKS Lodz"", ""reread_used"": false, ""dimensions"": {""gender"": null, ""age_group"": null, ""squad_tier"": null, ""reserve"": null, ""academy"": null}}, ""page"": {""name"": ""LKS KK Lodz (W)"", ""source"": ""ocr"", ""confidence"": null, ""original_name"": ""LKS KK Lodz (W)"", ""reread_used"": false, ""dimensions"": {""gender"": ""women"", ""age_group"": null, ""squad_tier"": null, ""reserve"": null, ""academy"": null}}, ""kind"": ""CANONICAL_MATCH"", ""compatible"": true, ""strong"": true, ""shared_distinctive_tokens"": [""lodz""], ""similarity"": 1.0}","{""feed"": {""name"": ""Sparta Ziebice"", ""source"": ""structured"", ""confidence"": null, ""original_name"": ""Sparta Ziebice"", ""reread_used"": false, ""dimensions"": {""gender"": null, ""age_group"": null, ""squad_tier"": null, ""reserve"": null, ""academy"": null}}, ""page"": {""name"": ""Sparta Ziebice (W) v"", ""source"": ""ocr"", ""confidence"": null, ""original_name"": ""Sparta Ziebice (W) v"", ""reread_used"": false, ""dimensions"": {""gender"": ""women"", ""age_group"": null, ""squad_tier"": null, ""reserve"": null, ""academy"": null}}, ""kind"": ""TOKEN_CONTAINMENT"", ""compatible"": true, ""strong"": true, ""shared_distinctive_tokens"": [""sparta"", ""ziebice""], ""similarity"": 0.9302}","{""home"": {""original"": {""name"": ""LKS KK Lodz (W)"", ""source"": ""ocr"", ""confidence"": null}, ""used"": false}, ""away"": {""original"": {""name"": ""Sparta Ziebice (W) v"", ""source"": ""ocr"", ""confidence"": null}, ""used"": false}}",ALIAS_REQUIRED,AMBIGUOUS,DIRECT_URL_CONFIRMED_NAME_VARIANT,"{""conflicts"": [], ""needs_recheck"": [], ""missing"": []}"
on-55550c5b4e202ff80473aa81,1475314653:71347,operational,"[""LKS Lodz"", ""Sparta Ziebice""]","[""LKS KK Lodz (W)"", ""Sparta Ziebice (W) v""]","{""status"": ""AGREE"", ""requested"": ""26832474"", ""observed"": null, ""independently_observed"": false, ""direct_link_capture"": true, ""basis"": ""recorded direct-link navigation plus captured unique event page""}","{""status"": ""AGREE"", ""feed"": ""2026-09-27T11:00:00+00:00"", ""page"": ""2026-09-27T12:00:00+01:00"", ""difference_seconds"": 0.0, ""tolerance_seconds"": 120}","{""status"": ""AGREE"", ""feed"": ""basketball"", ""page"": ""basketball""}","{""status"": ""AGREE"", ""feed"": ""liga 1 women"", ""page"": ""poland 1 liga women"", ""approved_mapping"": false, ""reason"": ""compatible label""}","{""status"": ""AGREE"", ""alert_market_fingerprint"": {""market"": ""SPREAD"", ""side"": ""AWAY"", ""line"": ""-2.5"", ""period"": ""FULL_GAME"", ""prices"": {""HOME"": ""1.83"", ""AWAY"": ""1.83""}}, ""page_market_fingerprint"": {""market"": ""SPREAD"", ""side"": ""AWAY"", ""line"": ""-5.0"", ""prices"": {""HOME"": ""1.83"", ""AWAY"": ""1.83""}, ""period"": ""FULL_GAME""}, ""fingerprint_match"": ""MOVED_PLAUSIBLY"", ""reason"": ""Original snapshot independently captured on this event; current quote differs"", ""prior_observed_at"": ""2026-09-27T10:38:00.718000+00:00""}","{""home"": {""status"": ""AGREE"", ""feed"": ""women"", ""page"": ""women"", ""supplied_by_competition"": true}, ""away"": {""status"": ""AGREE"", ""feed"": ""women"", ""page"": ""women"", ""supplied_by_competition"": true}}","{""home"": {""status"": ""UNKNOWN"", ""feed"": null, ""page"": null, ""supplied_by_competition"": false}, ""away"": {""status"": ""UNKNOWN"", ""feed"": null, ""page"": null, ""supplied_by_competition"": false}}","{""home"": {""status"": ""UNKNOWN"", ""feed"": null, ""page"": null, ""supplied_by_competition"": false}, ""away"": {""status"": ""UNKNOWN"", ""feed"": null, ""page"": null, ""supplied_by_competition"": false}}","{""home"": {""status"": ""UNKNOWN"", ""feed"": null, ""page"": null, ""supplied_by_competition"": false}, ""away"": {""status"": ""UNKNOWN"", ""feed"": null, ""page"": null, ""supplied_by_competition"": false}}","{""home"": {""status"": ""UNKNOWN"", ""feed"": null, ""page"": null, ""supplied_by_competition"": false}, ""away"": {""status"": ""UNKNOWN"", ""feed"": null, ""page"": null, ""supplied_by_competition"": false}}","{""feed"": {""name"": ""LKS Lodz"", ""source"": ""structured"", ""confidence"": null, ""original_name"": ""LKS Lodz"", ""reread_used"": false, ""dimensions"": {""gender"": null, ""age_group"": null, ""squad_tier"": null, ""reserve"": null, ""academy"": null}}, ""page"": {""name"": ""LKS KK Lodz (W)"", ""source"": ""ocr"", ""confidence"": null, ""original_name"": ""LKS KK Lodz (W)"", ""reread_used"": false, ""dimensions"": {""gender"": ""women"", ""age_group"": null, ""squad_tier"": null, ""reserve"": null, ""academy"": null}}, ""kind"": ""CANONICAL_MATCH"", ""compatible"": true, ""strong"": true, ""shared_distinctive_tokens"": [""lodz""], ""similarity"": 1.0}","{""feed"": {""name"": ""Sparta Ziebice"", ""source"": ""structured"", ""confidence"": null, ""original_name"": ""Sparta Ziebice"", ""reread_used"": false, ""dimensions"": {""gender"": null, ""age_group"": null, ""squad_tier"": null, ""reserve"": null, ""academy"": null}}, ""page"": {""name"": ""Sparta Ziebice (W) v"", ""source"": ""ocr"", ""confidence"": null, ""original_name"": ""Sparta Ziebice (W) v"", ""reread_used"": false, ""dimensions"": {""gender"": ""women"", ""age_group"": null, ""squad_tier"": null, ""reserve"": null, ""academy"": null}}, ""kind"": ""TOKEN_CONTAINMENT"", ""compatible"": true, ""strong"": true, ""shared_distinctive_tokens"": [""sparta"", ""ziebice""], ""similarity"": 0.9302}","{""home"": {""original"": {""name"": ""LKS KK Lodz (W)"", ""source"": ""ocr"", ""confidence"": null}, ""used"": false}, ""away"": {""original"": {""name"": ""Sparta Ziebice (W) v"", ""source"": ""ocr"", ""confidence"": null}, ""used"": false}}",ALIAS_REQUIRED,AMBIGUOUS,DIRECT_URL_CONFIRMED_NAME_VARIANT,"{""conflicts"": [], ""needs_recheck"": [], ""missing"": []}"
on-291ff3af0c7ee3b36015ca0f,1475314653:71350,operational,"[""LKS Lodz"", ""Sparta Ziebice""]","[""LKS KK Lodz (W)"", ""Sparta Ziebice (W)""]","{""status"": ""AGREE"", ""requested"": ""26832474"", ""observed"": null, ""independently_observed"": false, ""direct_link_capture"": true, ""basis"": ""recorded direct-link navigation plus captured unique event page""}","{""status"": ""AGREE"", ""feed"": ""2026-09-27T11:00:00+00:00"", ""page"": ""2026-09-27T12:00:00+01:00"", ""difference_seconds"": 0.0, ""tolerance_seconds"": 120}","{""status"": ""AGREE"", ""feed"": ""basketball"", ""page"": ""basketball""}","{""status"": ""AGREE"", ""feed"": ""liga 1 women"", ""page"": ""poland 1 liga women"", ""approved_mapping"": false, ""reason"": ""compatible label""}","{""status"": ""AGREE"", ""alert_market_fingerprint"": {""market"": ""SPREAD"", ""side"": ""AWAY"", ""line"": ""-2.5"", ""period"": ""FULL_GAME"", ""prices"": {""HOME"": ""1.83"", ""AWAY"": ""1.83""}}, ""page_market_fingerprint"": {""market"": ""SPREAD"", ""side"": ""AWAY"", ""line"": ""-5.0"", ""prices"": {""HOME"": ""1.83"", ""AWAY"": ""1.83""}, ""period"": ""FULL_GAME""}, ""fingerprint_match"": ""MOVED_PLAUSIBLY"", ""reason"": ""Original snapshot independently captured on this event; current quote differs"", ""prior_observed_at"": ""2026-09-27T10:38:00.718000+00:00""}","{""home"": {""status"": ""AGREE"", ""feed"": ""women"", ""page"": ""women"", ""supplied_by_competition"": true}, ""away"": {""status"": ""AGREE"", ""feed"": ""women"", ""page"": ""women"", ""supplied_by_competition"": true}}","{""home"": {""status"": ""UNKNOWN"", ""feed"": null, ""page"": null, ""supplied_by_competition"": false}, ""away"": {""status"": ""UNKNOWN"", ""feed"": null, ""page"": null, ""supplied_by_competition"": false}}","{""home"": {""status"": ""UNKNOWN"", ""feed"": null, ""page"": null, ""supplied_by_competition"": false}, ""away"": {""status"": ""UNKNOWN"", ""feed"": null, ""page"": null, ""supplied_by_competition"": false}}","{""home"": {""status"": ""UNKNOWN"", ""feed"": null, ""page"": null, ""supplied_by_competition"": false}, ""away"": {""status"": ""UNKNOWN"", ""feed"": null, ""page"": null, ""supplied_by_competition"": false}}","{""home"": {""status"": ""UNKNOWN"", ""feed"": null, ""page"": null, ""supplied_by_competition"": false}, ""away"": {""status"": ""UNKNOWN"", ""feed"": null, ""page"": null, ""supplied_by_competition"": false}}","{""feed"": {""name"": ""LKS Lodz"", ""source"": ""structured"", ""confidence"": null, ""original_name"": ""LKS Lodz"", ""reread_used"": false, ""dimensions"": {""gender"": null, ""age_group"": null, ""squad_tier"": null, ""reserve"": null, ""academy"": null}}, ""page"": {""name"": ""LKS KK Lodz (W)"", ""source"": ""ocr"", ""confidence"": null, ""original_name"": ""LKS KK Lodz (W)"", ""reread_used"": false, ""dimensions"": {""gender"": ""women"", ""age_group"": null, ""squad_tier"": null, ""reserve"": null, ""academy"": null}}, ""kind"": ""CANONICAL_MATCH"", ""compatible"": true, ""strong"": true, ""shared_distinctive_tokens"": [""lodz""], ""similarity"": 1.0}","{""feed"": {""name"": ""Sparta Ziebice"", ""source"": ""structured"", ""confidence"": null, ""original_name"": ""Sparta Ziebice"", ""reread_used"": false, ""dimensions"": {""gender"": null, ""age_group"": null, ""squad_tier"": null, ""reserve"": null, ""academy"": null}}, ""page"": {""name"": ""Sparta Ziebice (W)"", ""source"": ""ocr"", ""confidence"": null, ""original_name"": ""Sparta Ziebice (W)"", ""reread_used"": false, ""dimensions"": {""gender"": ""women"", ""age_group"": null, ""squad_tier"": null, ""reserve"": null, ""academy"": null}}, ""kind"": ""CANONICAL_MATCH"", ""compatible"": true, ""strong"": true, ""shared_distinctive_tokens"": [""sparta"", ""ziebice""], ""similarity"": 1.0}","{""home"": {""original"": {""name"": ""LKS KK Lodz (W)"", ""source"": ""ocr"", ""confidence"": null}, ""used"": false}, ""away"": {""original"": {""name"": ""Sparta Ziebice (W)"", ""source"": ""ocr"", ""confidence"": null}, ""used"": false}}",ALIAS_REQUIRED,AMBIGUOUS,DIRECT_URL_CONFIRMED_NAME_VARIANT,"{""conflicts"": [], ""needs_recheck"": [], ""missing"": []}"
on-e456262bc2b02d3ea98ae541,1475314653:71366,operational,"[""LKS Lodz"", ""Sparta Ziebice""]","[""LKS KK Lodz (W)"", ""Sparta Ziebice (W) v""]","{""status"": ""AGREE"", ""requested"": ""26832474"", ""observed"": null, ""independently_observed"": false, ""direct_link_capture"": true, ""basis"": ""recorded direct-link navigation plus captured unique event page""}","{""status"": ""AGREE"", ""feed"": ""2026-09-27T11:00:00+00:00"", ""page"": ""2026-09-27T12:00:00+01:00"", ""difference_seconds"": 0.0, ""tolerance_seconds"": 120}","{""status"": ""AGREE"", ""feed"": ""basketball"", ""page"": ""basketball""}","{""status"": ""AGREE"", ""feed"": ""liga 1 women"", ""page"": ""poland 1 liga women"", ""approved_mapping"": false, ""reason"": ""compatible label""}","{""status"": ""AGREE"", ""alert_market_fingerprint"": {""market"": ""SPREAD"", ""side"": ""AWAY"", ""line"": ""-2.5"", ""period"": ""FULL_GAME"", ""prices"": {""HOME"": ""1.83"", ""AWAY"": ""1.83""}}, ""page_market_fingerprint"": {""market"": ""SPREAD"", ""side"": ""AWAY"", ""line"": ""-5.0"", ""prices"": {""HOME"": ""1.83"", ""AWAY"": ""1.83""}, ""period"": ""FULL_GAME""}, ""fingerprint_match"": ""MOVED_PLAUSIBLY"", ""reason"": ""Original snapshot independently captured on this event; current quote differs"", ""prior_observed_at"": ""2026-09-27T10:38:00.718000+00:00""}","{""home"": {""status"": ""AGREE"", ""feed"": ""women"", ""page"": ""women"", ""supplied_by_competition"": true}, ""away"": {""status"": ""AGREE"", ""feed"": ""women"", ""page"": ""women"", ""supplied_by_competition"": true}}","{""home"": {""status"": ""UNKNOWN"", ""feed"": null, ""page"": null, ""supplied_by_competition"": false}, ""away"": {""status"": ""UNKNOWN"", ""feed"": null, ""page"": null, ""supplied_by_competition"": false}}","{""home"": {""status"": ""UNKNOWN"", ""feed"": null, ""page"": null, ""supplied_by_competition"": false}, ""away"": {""status"": ""UNKNOWN"", ""feed"": null, ""page"": null, ""supplied_by_competition"": false}}","{""home"": {""status"": ""UNKNOWN"", ""feed"": null, ""page"": null, ""supplied_by_competition"": false}, ""away"": {""status"": ""UNKNOWN"", ""feed"": null, ""page"": null, ""supplied_by_competition"": false}}","{""home"": {""status"": ""UNKNOWN"", ""feed"": null, ""page"": null, ""supplied_by_competition"": false}, ""away"": {""status"": ""UNKNOWN"", ""feed"": null, ""page"": null, ""supplied_by_competition"": false}}","{""feed"": {""name"": ""LKS Lodz"", ""source"": ""structured"", ""confidence"": null, ""original_name"": ""LKS Lodz"", ""reread_used"": false, ""dimensions"": {""gender"": null, ""age_group"": null, ""squad_tier"": null, ""reserve"": null, ""academy"": null}}, ""page"": {""name"": ""LKS KK Lodz (W)"", ""source"": ""ocr"", ""confidence"": null, ""original_name"": ""LKS KK Lodz (W)"", ""reread_used"": false, ""dimensions"": {""gender"": ""women"", ""age_group"": null, ""squad_tier"": null, ""reserve"": null, ""academy"": null}}, ""kind"": ""CANONICAL_MATCH"", ""compatible"": true, ""strong"": true, ""shared_distinctive_tokens"": [""lodz""], ""similarity"": 1.0}","{""feed"": {""name"": ""Sparta Ziebice"", ""source"": ""structured"", ""confidence"": null, ""original_name"": ""Sparta Ziebice"", ""reread_used"": false, ""dimensions"": {""gender"": null, ""age_group"": null, ""squad_tier"": null, ""reserve"": null, ""academy"": null}}, ""page"": {""name"": ""Sparta Ziebice (W) v"", ""source"": ""ocr"", ""confidence"": null, ""original_name"": ""Sparta Ziebice (W) v"", ""reread_used"": false, ""dimensions"": {""gender"": ""women"", ""age_group"": null, ""squad_tier"": null, ""reserve"": null, ""academy"": null}}, ""kind"": ""TOKEN_CONTAINMENT"", ""compatible"": true, ""strong"": true, ""shared_distinctive_tokens"": [""sparta"", ""ziebice""], ""similarity"": 0.9302}","{""home"": {""original"": {""name"": ""LKS KK Lodz (W)"", ""source"": ""ocr"", ""confidence"": null}, ""used"": false}, ""away"": {""original"": {""name"": ""Sparta Ziebice (W) v"", ""source"": ""ocr"", ""confidence"": null}, ""used"": false}}",ALIAS_REQUIRED,AMBIGUOUS,DIRECT_URL_CONFIRMED_NAME_VARIANT,"{""conflicts"": [], ""needs_recheck"": [], ""missing"": []}"
on-086891ffa6054e6a9f9fdf5b,1475314653:71370,operational,"[""LKS Lodz"", ""Sparta Ziebice""]","[""LKS KK Lodz (W)"", ""Sparta Ziebice (W)""]","{""status"": ""AGREE"", ""requested"": ""26832474"", ""observed"": null, ""independently_observed"": false, ""direct_link_capture"": true, ""basis"": ""recorded direct-link navigation plus captured unique event page""}","{""status"": ""AGREE"", ""feed"": ""2026-09-27T11:00:00+00:00"", ""page"": ""2026-09-27T12:00:00+01:00"", ""difference_seconds"": 0.0, ""tolerance_seconds"": 120}","{""status"": ""AGREE"", ""feed"": ""basketball"", ""page"": ""basketball""}","{""status"": ""AGREE"", ""feed"": ""liga 1 women"", ""page"": ""poland 1 liga women"", ""approved_mapping"": false, ""reason"": ""compatible label""}","{""status"": ""AGREE"", ""alert_market_fingerprint"": {""market"": ""SPREAD"", ""side"": ""AWAY"", ""line"": ""-2.5"", ""period"": ""FULL_GAME"", ""prices"": {""HOME"": ""1.83"", ""AWAY"": ""1.83""}}, ""page_market_fingerprint"": {""market"": ""SPREAD"", ""side"": ""AWAY"", ""line"": ""-5.0"", ""prices"": {""HOME"": ""1.83"", ""AWAY"": ""1.83""}, ""period"": ""FULL_GAME""}, ""fingerprint_match"": ""MOVED_PLAUSIBLY"", ""reason"": ""Original snapshot independently captured on this event; current quote differs"", ""prior_observed_at"": ""2026-09-27T10:38:00.718000+00:00""}","{""home"": {""status"": ""AGREE"", ""feed"": ""women"", ""page"": ""women"", ""supplied_by_competition"": true}, ""away"": {""status"": ""AGREE"", ""feed"": ""women"", ""page"": ""women"", ""supplied_by_competition"": true}}","{""home"": {""status"": ""UNKNOWN"", ""feed"": null, ""page"": null, ""supplied_by_competition"": false}, ""away"": {""status"": ""UNKNOWN"", ""feed"": null, ""page"": null, ""supplied_by_competition"": false}}","{""home"": {""status"": ""UNKNOWN"", ""feed"": null, ""page"": null, ""supplied_by_competition"": false}, ""away"": {""status"": ""UNKNOWN"", ""feed"": null, ""page"": null, ""supplied_by_competition"": false}}","{""home"": {""status"": ""UNKNOWN"", ""feed"": null, ""page"": null, ""supplied_by_competition"": false}, ""away"": {""status"": ""UNKNOWN"", ""feed"": null, ""page"": null, ""supplied_by_competition"": false}}","{""home"": {""status"": ""UNKNOWN"", ""feed"": null, ""page"": null, ""supplied_by_competition"": false}, ""away"": {""status"": ""UNKNOWN"", ""feed"": null, ""page"": null, ""supplied_by_competition"": false}}","{""feed"": {""name"": ""LKS Lodz"", ""source"": ""structured"", ""confidence"": null, ""original_name"": ""LKS Lodz"", ""reread_used"": false, ""dimensions"": {""gender"": null, ""age_group"": null, ""squad_tier"": null, ""reserve"": null, ""academy"": null}}, ""page"": {""name"": ""LKS KK Lodz (W)"", ""source"": ""ocr"", ""confidence"": null, ""original_name"": ""LKS KK Lodz (W)"", ""reread_used"": false, ""dimensions"": {""gender"": ""women"", ""age_group"": null, ""squad_tier"": null, ""reserve"": null, ""academy"": null}}, ""kind"": ""CANONICAL_MATCH"", ""compatible"": true, ""strong"": true, ""shared_distinctive_tokens"": [""lodz""], ""similarity"": 1.0}","{""feed"": {""name"": ""Sparta Ziebice"", ""source"": ""structured"", ""confidence"": null, ""original_name"": ""Sparta Ziebice"", ""reread_used"": false, ""dimensions"": {""gender"": null, ""age_group"": null, ""squad_tier"": null, ""reserve"": null, ""academy"": null}}, ""page"": {""name"": ""Sparta Ziebice (W)"", ""source"": ""ocr"", ""confidence"": null, ""original_name"": ""Sparta Ziebice (W)"", ""reread_used"": false, ""dimensions"": {""gender"": ""women"", ""age_group"": null, ""squad_tier"": null, ""reserve"": null, ""academy"": null}}, ""kind"": ""CANONICAL_MATCH"", ""compatible"": true, ""strong"": true, ""shared_distinctive_tokens"": [""sparta"", ""ziebice""], ""similarity"": 1.0}","{""home"": {""original"": {""name"": ""LKS KK Lodz (W)"", ""source"": ""ocr"", ""confidence"": null}, ""used"": false}, ""away"": {""original"": {""name"": ""Sparta Ziebice (W)"", ""source"": ""ocr"", ""confidence"": null}, ""used"": false}}",ALIAS_REQUIRED,AMBIGUOUS,DIRECT_URL_CONFIRMED_NAME_VARIANT,"{""conflicts"": [], ""needs_recheck"": [], ""missing"": []}"
on-7568867893977163a3442a04,1475314653:71381,operational,"[""KS Basket 25 II Bydgoszcz"", ""Energa Torun II""]","[""KS Basket 25 II Bydgoszcz (W)"", ""Katarzynki II Torun (W)""]","{""status"": ""AGREE"", ""requested"": ""26832477"", ""observed"": null, ""independently_observed"": false, ""direct_link_capture"": true, ""basis"": ""recorded direct-link navigation plus captured unique event page""}","{""status"": ""AGREE"", ""feed"": ""2026-09-27T11:30:00+00:00"", ""page"": ""2026-09-27T12:30:00+01:00"", ""difference_seconds"": 0.0, ""tolerance_seconds"": 120}","{""status"": ""AGREE"", ""feed"": ""basketball"", ""page"": ""basketball""}","{""status"": ""AGREE"", ""feed"": ""liga 1 women"", ""page"": ""poland 1 liga women"", ""approved_mapping"": false, ""reason"": ""compatible label""}","{""status"": ""AGREE"", ""alert_market_fingerprint"": {""market"": ""SPREAD"", ""side"": ""HOME"", ""line"": ""4.5"", ""period"": ""FULL_GAME"", ""prices"": {""HOME"": ""1.83"", ""AWAY"": ""1.83""}}, ""page_market_fingerprint"": {""market"": ""SPREAD"", ""side"": ""HOME"", ""line"": ""+4.5"", ""prices"": {""HOME"": ""1.83"", ""AWAY"": ""1.83""}, ""period"": ""FULL_GAME""}, ""fingerprint_match"": ""MATCHES""}","{""home"": {""status"": ""AGREE"", ""feed"": ""women"", ""page"": ""women"", ""supplied_by_competition"": true}, ""away"": {""status"": ""AGREE"", ""feed"": ""women"", ""page"": ""women"", ""supplied_by_competition"": true}}","{""home"": {""status"": ""UNKNOWN"", ""feed"": null, ""page"": null, ""supplied_by_competition"": false}, ""away"": {""status"": ""UNKNOWN"", ""feed"": null, ""page"": null, ""supplied_by_competition"": false}}","{""home"": {""status"": ""AGREE"", ""feed"": ""II"", ""page"": ""II"", ""supplied_by_competition"": false}, ""away"": {""status"": ""AGREE"", ""feed"": ""II"", ""page"": ""II"", ""supplied_by_competition"": false}}","{""home"": {""status"": ""UNKNOWN"", ""feed"": null, ""page"": null, ""supplied_by_competition"": false}, ""away"": {""status"": ""UNKNOWN"", ""feed"": null, ""page"": null, ""supplied_by_competition"": false}}","{""home"": {""status"": ""UNKNOWN"", ""feed"": null, ""page"": null, ""supplied_by_competition"": false}, ""away"": {""status"": ""UNKNOWN"", ""feed"": null, ""page"": null, ""supplied_by_competition"": false}}","{""feed"": {""name"": ""KS Basket 25 II Bydgoszcz"", ""source"": ""structured"", ""confidence"": null, ""original_name"": ""KS Basket 25 II Bydgoszcz"", ""reread_used"": false, ""dimensions"": {""gender"": null, ""age_group"": null, ""squad_tier"": ""II"", ""reserve"": null, ""academy"": null}}, ""page"": {""name"": ""KS Basket 25 II Bydgoszcz (W)"", ""source"": ""visual_review"", ""confidence"": null, ""original_name"": ""KS Basket 25 I| Bydgoszcz (W)"", ""reread_used"": true, ""dimensions"": {""gender"": ""women"", ""age_group"": null, ""squad_tier"": ""II"", ""reserve"": null, ""academy"": null}}, ""kind"": ""CANONICAL_MATCH"", ""compatible"": true, ""strong"": true, ""shared_distinctive_tokens"": [""25"", ""bydgoszcz""], ""similarity"": 1.0}","{""feed"": {""name"": ""Energa Torun II"", ""source"": ""structured"", ""confidence"": null, ""original_name"": ""Energa Torun II"", ""reread_used"": false, ""dimensions"": {""gender"": null, ""age_group"": null, ""squad_tier"": ""II"", ""reserve"": null, ""academy"": null}}, ""page"": {""name"": ""Katarzynki II Torun (W)"", ""source"": ""visual_review"", ""confidence"": null, ""original_name"": ""Katarzynki II Torun (W)"", ""reread_used"": true, ""dimensions"": {""gender"": ""women"", ""age_group"": null, ""squad_tier"": ""II"", ""reserve"": null, ""academy"": null}}, ""kind"": ""SHARED_CORE_CONTEXT_ONLY"", ""compatible"": true, ""strong"": false, ""shared_distinctive_tokens"": [""torun""], ""similarity"": 0.3333}","{""home"": {""original"": {""name"": ""KS Basket 25 I| Bydgoszcz (W)"", ""source"": ""ocr"", ""confidence"": null, ""reread"": {""name"": ""KS Basket 25 II Bydgoszcz (W)"", ""confidence"": null, ""source"": ""visual_review"", ""independent"": true, ""legible"": true, ""artifact_sha256"": ""274ef5e0596f8ee1bea18b0ba79236ea1e7a0d60057a25bdd63a30aec6f39097""}}, ""used"": true}, ""away"": {""original"": {""name"": ""Katarzynki II Torun (W)"", ""source"": ""ocr"", ""confidence"": null, ""reread"": {""name"": ""Katarzynki II Torun (W)"", ""confidence"": null, ""source"": ""visual_review"", ""independent"": true, ""legible"": true, ""artifact_sha256"": ""274ef5e0596f8ee1bea18b0ba79236ea1e7a0d60057a25bdd63a30aec6f39097""}}, ""used"": true}}",WRONG_EVENT,MISMATCH,DIRECT_URL_CONFIRMED_NAME_VARIANT,"{""conflicts"": [], ""needs_recheck"": [], ""missing"": []}"
on-508cf995276ef58b04a1bb71,1475314653:71384,operational,"[""KS Basket 25 II Bydgoszcz"", ""Energa Torun II""]","[""KS Basket 25 II Bydgoszcz (W)"", ""Katarzynki II Torun (W)""]","{""status"": ""AGREE"", ""requested"": ""26832477"", ""observed"": null, ""independently_observed"": false, ""direct_link_capture"": true, ""basis"": ""recorded direct-link navigation plus captured unique event page""}","{""status"": ""AGREE"", ""feed"": ""2026-09-27T11:30:00+00:00"", ""page"": ""2026-09-27T12:30:00+01:00"", ""difference_seconds"": 0.0, ""tolerance_seconds"": 120}","{""status"": ""AGREE"", ""feed"": ""basketball"", ""page"": ""basketball""}","{""status"": ""AGREE"", ""feed"": ""liga 1 women"", ""page"": ""poland 1 liga women"", ""approved_mapping"": false, ""reason"": ""compatible label""}","{""status"": ""AGREE"", ""alert_market_fingerprint"": {""market"": ""SPREAD"", ""side"": ""HOME"", ""line"": ""4.5"", ""period"": ""FULL_GAME"", ""prices"": {""HOME"": ""1.83"", ""AWAY"": ""1.83""}}, ""page_market_fingerprint"": {""market"": ""SPREAD"", ""side"": ""HOME"", ""line"": ""+4.5"", ""prices"": {""HOME"": ""1.83"", ""AWAY"": ""1.83""}, ""period"": ""FULL_GAME""}, ""fingerprint_match"": ""MATCHES""}","{""home"": {""status"": ""AGREE"", ""feed"": ""women"", ""page"": ""women"", ""supplied_by_competition"": true}, ""away"": {""status"": ""AGREE"", ""feed"": ""women"", ""page"": ""women"", ""supplied_by_competition"": true}}","{""home"": {""status"": ""UNKNOWN"", ""feed"": null, ""page"": null, ""supplied_by_competition"": false}, ""away"": {""status"": ""UNKNOWN"", ""feed"": null, ""page"": null, ""supplied_by_competition"": false}}","{""home"": {""status"": ""AGREE"", ""feed"": ""II"", ""page"": ""II"", ""supplied_by_competition"": false}, ""away"": {""status"": ""AGREE"", ""feed"": ""II"", ""page"": ""II"", ""supplied_by_competition"": false}}","{""home"": {""status"": ""UNKNOWN"", ""feed"": null, ""page"": null, ""supplied_by_competition"": false}, ""away"": {""status"": ""UNKNOWN"", ""feed"": null, ""page"": null, ""supplied_by_competition"": false}}","{""home"": {""status"": ""UNKNOWN"", ""feed"": null, ""page"": null, ""supplied_by_competition"": false}, ""away"": {""status"": ""UNKNOWN"", ""feed"": null, ""page"": null, ""supplied_by_competition"": false}}","{""feed"": {""name"": ""KS Basket 25 II Bydgoszcz"", ""source"": ""structured"", ""confidence"": null, ""original_name"": ""KS Basket 25 II Bydgoszcz"", ""reread_used"": false, ""dimensions"": {""gender"": null, ""age_group"": null, ""squad_tier"": ""II"", ""reserve"": null, ""academy"": null}}, ""page"": {""name"": ""KS Basket 25 II Bydgoszcz (W)"", ""source"": ""visual_review"", ""confidence"": null, ""original_name"": ""KS Basket 25 || Bydgoszcz (W)"", ""reread_used"": true, ""dimensions"": {""gender"": ""women"", ""age_group"": null, ""squad_tier"": ""II"", ""reserve"": null, ""academy"": null}}, ""kind"": ""CANONICAL_MATCH"", ""compatible"": true, ""strong"": true, ""shared_distinctive_tokens"": [""25"", ""bydgoszcz""], ""similarity"": 1.0}","{""feed"": {""name"": ""Energa Torun II"", ""source"": ""structured"", ""confidence"": null, ""original_name"": ""Energa Torun II"", ""reread_used"": false, ""dimensions"": {""gender"": null, ""age_group"": null, ""squad_tier"": ""II"", ""reserve"": null, ""academy"": null}}, ""page"": {""name"": ""Katarzynki II Torun (W)"", ""source"": ""visual_review"", ""confidence"": null, ""original_name"": ""Katarzynki II Torun (W)"", ""reread_used"": true, ""dimensions"": {""gender"": ""women"", ""age_group"": null, ""squad_tier"": ""II"", ""reserve"": null, ""academy"": null}}, ""kind"": ""SHARED_CORE_CONTEXT_ONLY"", ""compatible"": true, ""strong"": false, ""shared_distinctive_tokens"": [""torun""], ""similarity"": 0.3333}","{""home"": {""original"": {""name"": ""KS Basket 25 || Bydgoszcz (W)"", ""source"": ""ocr"", ""confidence"": null, ""reread"": {""name"": ""KS Basket 25 II Bydgoszcz (W)"", ""confidence"": null, ""source"": ""visual_review"", ""independent"": true, ""legible"": true, ""artifact_sha256"": ""0325efdcc5f311221564f6ccd03af4282b773cf377531460ec35c314234d86e3""}}, ""used"": true}, ""away"": {""original"": {""name"": ""Katarzynki II Torun (W)"", ""source"": ""ocr"", ""confidence"": null, ""reread"": {""name"": ""Katarzynki II Torun (W)"", ""confidence"": null, ""source"": ""visual_review"", ""independent"": true, ""legible"": true, ""artifact_sha256"": ""0325efdcc5f311221564f6ccd03af4282b773cf377531460ec35c314234d86e3""}}, ""used"": true}}",WRONG_EVENT,MISMATCH,DIRECT_URL_CONFIRMED_NAME_VARIANT,"{""conflicts"": [], ""needs_recheck"": [], ""missing"": []}"
on-8d9ec0935d6e1241f712a8db,1475314653:71392,operational,"[""KS Basket 25 II Bydgoszcz"", ""Energa Torun II""]","[""KS Basket 25 II Bydgoszcz (W)"", ""Katarzynki II Torun (W)""]","{""status"": ""AGREE"", ""requested"": ""26832477"", ""observed"": null, ""independently_observed"": false, ""direct_link_capture"": true, ""basis"": ""recorded direct-link navigation plus captured unique event page""}","{""status"": ""AGREE"", ""feed"": ""2026-09-27T11:30:00+00:00"", ""page"": ""2026-09-27T12:30:00+01:00"", ""difference_seconds"": 0.0, ""tolerance_seconds"": 120}","{""status"": ""AGREE"", ""feed"": ""basketball"", ""page"": ""basketball""}","{""status"": ""AGREE"", ""feed"": ""liga 1 women"", ""page"": ""poland 1 liga women"", ""approved_mapping"": false, ""reason"": ""compatible label""}","{""status"": ""AGREE"", ""alert_market_fingerprint"": {""market"": ""SPREAD"", ""side"": ""HOME"", ""line"": ""4.5"", ""period"": ""FULL_GAME"", ""prices"": {""HOME"": ""1.83"", ""AWAY"": ""1.83""}}, ""page_market_fingerprint"": {""market"": ""SPREAD"", ""side"": ""HOME"", ""line"": ""+3.0"", ""prices"": {""HOME"": ""1.83"", ""AWAY"": ""1.83""}, ""period"": ""FULL_GAME""}, ""fingerprint_match"": ""MOVED_PLAUSIBLY"", ""reason"": ""Original snapshot independently captured on this event; current quote differs"", ""prior_observed_at"": ""2026-09-27T10:58:14.944000+00:00""}","{""home"": {""status"": ""AGREE"", ""feed"": ""women"", ""page"": ""women"", ""supplied_by_competition"": true}, ""away"": {""status"": ""AGREE"", ""feed"": ""women"", ""page"": ""women"", ""supplied_by_competition"": true}}","{""home"": {""status"": ""UNKNOWN"", ""feed"": null, ""page"": null, ""supplied_by_competition"": false}, ""away"": {""status"": ""UNKNOWN"", ""feed"": null, ""page"": null, ""supplied_by_competition"": false}}","{""home"": {""status"": ""AGREE"", ""feed"": ""II"", ""page"": ""II"", ""supplied_by_competition"": false}, ""away"": {""status"": ""AGREE"", ""feed"": ""II"", ""page"": ""II"", ""supplied_by_competition"": false}}","{""home"": {""status"": ""UNKNOWN"", ""feed"": null, ""page"": null, ""supplied_by_competition"": false}, ""away"": {""status"": ""UNKNOWN"", ""feed"": null, ""page"": null, ""supplied_by_competition"": false}}","{""home"": {""status"": ""UNKNOWN"", ""feed"": null, ""page"": null, ""supplied_by_competition"": false}, ""away"": {""status"": ""UNKNOWN"", ""feed"": null, ""page"": null, ""supplied_by_competition"": false}}","{""feed"": {""name"": ""KS Basket 25 II Bydgoszcz"", ""source"": ""structured"", ""confidence"": null, ""original_name"": ""KS Basket 25 II Bydgoszcz"", ""reread_used"": false, ""dimensions"": {""gender"": null, ""age_group"": null, ""squad_tier"": ""II"", ""reserve"": null, ""academy"": null}}, ""page"": {""name"": ""KS Basket 25 II Bydgoszcz (W)"", ""source"": ""visual_review"", ""confidence"": null, ""original_name"": ""KS Basket 25 I| Bydgoszcz (W)"", ""reread_used"": true, ""dimensions"": {""gender"": ""women"", ""age_group"": null, ""squad_tier"": ""II"", ""reserve"": null, ""academy"": null}}, ""kind"": ""CANONICAL_MATCH"", ""compatible"": true, ""strong"": true, ""shared_distinctive_tokens"": [""25"", ""bydgoszcz""], ""similarity"": 1.0}","{""feed"": {""name"": ""Energa Torun II"", ""source"": ""structured"", ""confidence"": null, ""original_name"": ""Energa Torun II"", ""reread_used"": false, ""dimensions"": {""gender"": null, ""age_group"": null, ""squad_tier"": ""II"", ""reserve"": null, ""academy"": null}}, ""page"": {""name"": ""Katarzynki II Torun (W)"", ""source"": ""visual_review"", ""confidence"": null, ""original_name"": ""Katarzynki II Torun (W)"", ""reread_used"": true, ""dimensions"": {""gender"": ""women"", ""age_group"": null, ""squad_tier"": ""II"", ""reserve"": null, ""academy"": null}}, ""kind"": ""SHARED_CORE_CONTEXT_ONLY"", ""compatible"": true, ""strong"": false, ""shared_distinctive_tokens"": [""torun""], ""similarity"": 0.3333}","{""home"": {""original"": {""name"": ""KS Basket 25 I| Bydgoszcz (W)"", ""source"": ""ocr"", ""confidence"": null, ""reread"": {""name"": ""KS Basket 25 II Bydgoszcz (W)"", ""confidence"": null, ""source"": ""visual_review"", ""independent"": true, ""legible"": true, ""artifact_sha256"": ""0356ea150537975f15e7b39fb916184a543d37c6c43a049e0cb5591f9a7c001a""}}, ""used"": true}, ""away"": {""original"": {""name"": ""Katarzynki II Torun (W)"", ""source"": ""ocr"", ""confidence"": null, ""reread"": {""name"": ""Katarzynki II Torun (W)"", ""confidence"": null, ""source"": ""visual_review"", ""independent"": true, ""legible"": true, ""artifact_sha256"": ""0356ea150537975f15e7b39fb916184a543d37c6c43a049e0cb5591f9a7c001a""}}, ""used"": true}}",WRONG_EVENT,MISMATCH,DIRECT_URL_CONFIRMED_NAME_VARIANT,"{""conflicts"": [], ""needs_recheck"": [], ""missing"": []}"
on-850bffa30672f3dbed50e235,1475314653:71398,operational,"[""Phantoms Boom"", ""Liege Panthers""]","[""Phantoms Boom (W)"", ""Liege (W) v""]","{""status"": ""AGREE"", ""requested"": ""26830587"", ""observed"": null, ""independently_observed"": false, ""direct_link_capture"": true, ""basis"": ""recorded direct-link navigation plus captured unique event page""}","{""status"": ""AGREE"", ""feed"": ""2026-09-27T13:00:00+00:00"", ""page"": ""2026-09-27T14:00:00+01:00"", ""difference_seconds"": 0.0, ""tolerance_seconds"": 120}","{""status"": ""AGREE"", ""feed"": ""basketball"", ""page"": ""basketball""}","{""status"": ""AGREE"", ""feed"": ""division 1 women"", ""page"": ""belgium div 1 women"", ""approved_mapping"": false, ""reason"": ""compatible label""}","{""status"": ""AGREE"", ""alert_market_fingerprint"": {""market"": ""SPREAD"", ""side"": ""HOME"", ""line"": ""-6.5"", ""period"": ""FULL_GAME"", ""prices"": {""HOME"": ""1.83"", ""AWAY"": ""1.83""}}, ""page_market_fingerprint"": {""market"": ""SPREAD"", ""side"": ""HOME"", ""line"": ""-6.5"", ""prices"": {""HOME"": ""1.83"", ""AWAY"": ""1.83""}, ""period"": ""FULL_GAME""}, ""fingerprint_match"": ""MATCHES""}","{""home"": {""status"": ""AGREE"", ""feed"": ""women"", ""page"": ""women"", ""supplied_by_competition"": true}, ""away"": {""status"": ""AGREE"", ""feed"": ""women"", ""page"": ""women"", ""supplied_by_competition"": true}}","{""home"": {""status"": ""UNKNOWN"", ""feed"": null, ""page"": null, ""supplied_by_competition"": false}, ""away"": {""status"": ""UNKNOWN"", ""feed"": null, ""page"": null, ""supplied_by_competition"": false}}","{""home"": {""status"": ""UNKNOWN"", ""feed"": null, ""page"": null, ""supplied_by_competition"": false}, ""away"": {""status"": ""UNKNOWN"", ""feed"": null, ""page"": null, ""supplied_by_competition"": false}}","{""home"": {""status"": ""UNKNOWN"", ""feed"": null, ""page"": null, ""supplied_by_competition"": false}, ""away"": {""status"": ""UNKNOWN"", ""feed"": null, ""page"": null, ""supplied_by_competition"": false}}","{""home"": {""status"": ""UNKNOWN"", ""feed"": null, ""page"": null, ""supplied_by_competition"": false}, ""away"": {""status"": ""UNKNOWN"", ""feed"": null, ""page"": null, ""supplied_by_competition"": false}}","{""feed"": {""name"": ""Phantoms Boom"", ""source"": ""structured"", ""confidence"": null, ""original_name"": ""Phantoms Boom"", ""reread_used"": false, ""dimensions"": {""gender"": null, ""age_group"": null, ""squad_tier"": null, ""reserve"": null, ""academy"": null}}, ""page"": {""name"": ""Phantoms Boom (W)"", ""source"": ""ocr"", ""confidence"": null, ""original_name"": ""Phantoms Boom (W)"", ""reread_used"": false, ""dimensions"": {""gender"": ""women"", ""age_group"": null, ""squad_tier"": null, ""reserve"": null, ""academy"": null}}, ""kind"": ""CANONICAL_MATCH"", ""compatible"": true, ""strong"": true, ""shared_distinctive_tokens"": [""boom"", ""phantoms""], ""similarity"": 1.0}","{""feed"": {""name"": ""Liege Panthers"", ""source"": ""structured"", ""confidence"": null, ""original_name"": ""Liege Panthers"", ""reread_used"": false, ""dimensions"": {""gender"": null, ""age_group"": null, ""squad_tier"": null, ""reserve"": null, ""academy"": null}}, ""page"": {""name"": ""Liege (W) v"", ""source"": ""ocr"", ""confidence"": null, ""original_name"": ""Liege (W) v"", ""reread_used"": false, ""dimensions"": {""gender"": ""women"", ""age_group"": null, ""squad_tier"": null, ""reserve"": null, ""academy"": null}}, ""kind"": ""SHARED_CORE_CONTEXT_ONLY"", ""compatible"": true, ""strong"": false, ""shared_distinctive_tokens"": [""liege""], ""similarity"": 0.4651}","{""home"": {""original"": {""name"": ""Phantoms Boom (W)"", ""source"": ""ocr"", ""confidence"": null}, ""used"": false}, ""away"": {""original"": {""name"": ""Liege (W) v"", ""source"": ""ocr"", ""confidence"": null}, ""used"": false}}",ALIAS_REQUIRED,AMBIGUOUS,DIRECT_URL_CONFIRMED_NAME_VARIANT,"{""conflicts"": [], ""needs_recheck"": [], ""missing"": []}"
on-c9cb8c7d3ae86cc27c2ce48b,1475314653:71403,operational,"[""Phantoms Boom"", ""Liege Panthers""]","[""Phantoms Boom (W)"", ""Liege (W)""]","{""status"": ""AGREE"", ""requested"": ""26830587"", ""observed"": null, ""independently_observed"": false, ""direct_link_capture"": true, ""basis"": ""recorded direct-link navigation plus captured unique event page""}","{""status"": ""AGREE"", ""feed"": ""2026-09-27T13:00:00+00:00"", ""page"": ""2026-09-27T14:00:00+01:00"", ""difference_seconds"": 0.0, ""tolerance_seconds"": 120}","{""status"": ""AGREE"", ""feed"": ""basketball"", ""page"": ""basketball""}","{""status"": ""AGREE"", ""feed"": ""division 1 women"", ""page"": ""belgium div 1 women"", ""approved_mapping"": false, ""reason"": ""compatible label""}","{""status"": ""AGREE"", ""alert_market_fingerprint"": {""market"": ""SPREAD"", ""side"": ""HOME"", ""line"": ""-6.5"", ""period"": ""FULL_GAME"", ""prices"": {""HOME"": ""1.83"", ""AWAY"": ""1.83""}}, ""page_market_fingerprint"": {""market"": ""SPREAD"", ""side"": ""HOME"", ""line"": ""-7.5"", ""prices"": {""HOME"": ""1.83"", ""AWAY"": ""1.83""}, ""period"": ""FULL_GAME""}, ""fingerprint_match"": ""MOVED_PLAUSIBLY"", ""reason"": ""Original snapshot independently captured on this event; current quote differs"", ""prior_observed_at"": ""2026-09-27T11:09:23.294000+00:00""}","{""home"": {""status"": ""AGREE"", ""feed"": ""women"", ""page"": ""women"", ""supplied_by_competition"": true}, ""away"": {""status"": ""AGREE"", ""feed"": ""women"", ""page"": ""women"", ""supplied_by_competition"": true}}","{""home"": {""status"": ""UNKNOWN"", ""feed"": null, ""page"": null, ""supplied_by_competition"": false}, ""away"": {""status"": ""UNKNOWN"", ""feed"": null, ""page"": null, ""supplied_by_competition"": false}}","{""home"": {""status"": ""UNKNOWN"", ""feed"": null, ""page"": null, ""supplied_by_competition"": false}, ""away"": {""status"": ""UNKNOWN"", ""feed"": null, ""page"": null, ""supplied_by_competition"": false}}","{""home"": {""status"": ""UNKNOWN"", ""feed"": null, ""page"": null, ""supplied_by_competition"": false}, ""away"": {""status"": ""UNKNOWN"", ""feed"": null, ""page"": null, ""supplied_by_competition"": false}}","{""home"": {""status"": ""UNKNOWN"", ""feed"": null, ""page"": null, ""supplied_by_competition"": false}, ""away"": {""status"": ""UNKNOWN"", ""feed"": null, ""page"": null, ""supplied_by_competition"": false}}","{""feed"": {""name"": ""Phantoms Boom"", ""source"": ""structured"", ""confidence"": null, ""original_name"": ""Phantoms Boom"", ""reread_used"": false, ""dimensions"": {""gender"": null, ""age_group"": null, ""squad_tier"": null, ""reserve"": null, ""academy"": null}}, ""page"": {""name"": ""Phantoms Boom (W)"", ""source"": ""ocr"", ""confidence"": null, ""original_name"": ""Phantoms Boom (W)"", ""reread_used"": false, ""dimensions"": {""gender"": ""women"", ""age_group"": null, ""squad_tier"": null, ""reserve"": null, ""academy"": null}}, ""kind"": ""CANONICAL_MATCH"", ""compatible"": true, ""strong"": true, ""shared_distinctive_tokens"": [""boom"", ""phantoms""], ""similarity"": 1.0}","{""feed"": {""name"": ""Liege Panthers"", ""source"": ""structured"", ""confidence"": null, ""original_name"": ""Liege Panthers"", ""reread_used"": false, ""dimensions"": {""gender"": null, ""age_group"": null, ""squad_tier"": null, ""reserve"": null, ""academy"": null}}, ""page"": {""name"": ""Liege (W)"", ""source"": ""ocr"", ""confidence"": null, ""original_name"": ""Liege (W)"", ""reread_used"": false, ""dimensions"": {""gender"": ""women"", ""age_group"": null, ""squad_tier"": null, ""reserve"": null, ""academy"": null}}, ""kind"": ""TOKEN_CONTAINMENT"", ""compatible"": true, ""strong"": false, ""shared_distinctive_tokens"": [""liege""], ""similarity"": 0.5}","{""home"": {""original"": {""name"": ""Phantoms Boom (W)"", ""source"": ""ocr"", ""confidence"": null}, ""used"": false}, ""away"": {""original"": {""name"": ""Liege (W)"", ""source"": ""ocr"", ""confidence"": null}, ""used"": false}}",ALIAS_REQUIRED,AMBIGUOUS,DIRECT_URL_CONFIRMED_NAME_VARIANT,"{""conflicts"": [], ""needs_recheck"": [], ""missing"": []}"
on-a83207e7a11b56abd1cc3396,1475314653:71406,operational,"[""Phantoms Boom"", ""Liege Panthers""]","[""Phantoms Boom (W)"", ""Liege (W) v""]","{""status"": ""AGREE"", ""requested"": ""26830587"", ""observed"": null, ""independently_observed"": false, ""direct_link_capture"": true, ""basis"": ""recorded direct-link navigation plus captured unique event page""}","{""status"": ""AGREE"", ""feed"": ""2026-09-27T13:00:00+00:00"", ""page"": ""2026-09-27T14:00:00+01:00"", ""difference_seconds"": 0.0, ""tolerance_seconds"": 120}","{""status"": ""AGREE"", ""feed"": ""basketball"", ""page"": ""basketball""}","{""status"": ""AGREE"", ""feed"": ""division 1 women"", ""page"": ""belgium div 1 women"", ""approved_mapping"": false, ""reason"": ""compatible label""}","{""status"": ""AGREE"", ""alert_market_fingerprint"": {""market"": ""SPREAD"", ""side"": ""HOME"", ""line"": ""-6.5"", ""period"": ""FULL_GAME"", ""prices"": {""HOME"": ""1.83"", ""AWAY"": ""1.83""}}, ""page_market_fingerprint"": {""market"": ""SPREAD"", ""side"": ""HOME"", ""line"": ""-7.5"", ""prices"": {""HOME"": ""1.83"", ""AWAY"": ""1.83""}, ""period"": ""FULL_GAME""}, ""fingerprint_match"": ""MOVED_PLAUSIBLY"", ""reason"": ""Original snapshot independently captured on this event; current quote differs"", ""prior_observed_at"": ""2026-09-27T11:09:23.294000+00:00""}","{""home"": {""status"": ""AGREE"", ""feed"": ""women"", ""page"": ""women"", ""supplied_by_competition"": true}, ""away"": {""status"": ""AGREE"", ""feed"": ""women"", ""page"": ""women"", ""supplied_by_competition"": true}}","{""home"": {""status"": ""UNKNOWN"", ""feed"": null, ""page"": null, ""supplied_by_competition"": false}, ""away"": {""status"": ""UNKNOWN"", ""feed"": null, ""page"": null, ""supplied_by_competition"": false}}","{""home"": {""status"": ""UNKNOWN"", ""feed"": null, ""page"": null, ""supplied_by_competition"": false}, ""away"": {""status"": ""UNKNOWN"", ""feed"": null, ""page"": null, ""supplied_by_competition"": false}}","{""home"": {""status"": ""UNKNOWN"", ""feed"": null, ""page"": null, ""supplied_by_competition"": false}, ""away"": {""status"": ""UNKNOWN"", ""feed"": null, ""page"": null, ""supplied_by_competition"": false}}","{""home"": {""status"": ""UNKNOWN"", ""feed"": null, ""page"": null, ""supplied_by_competition"": false}, ""away"": {""status"": ""UNKNOWN"", ""feed"": null, ""page"": null, ""supplied_by_competition"": false}}","{""feed"": {""name"": ""Phantoms Boom"", ""source"": ""structured"", ""confidence"": null, ""original_name"": ""Phantoms Boom"", ""reread_used"": false, ""dimensions"": {""gender"": null, ""age_group"": null, ""squad_tier"": null, ""reserve"": null, ""academy"": null}}, ""page"": {""name"": ""Phantoms Boom (W)"", ""source"": ""ocr"", ""confidence"": null, ""original_name"": ""Phantoms Boom (W)"", ""reread_used"": false, ""dimensions"": {""gender"": ""women"", ""age_group"": null, ""squad_tier"": null, ""reserve"": null, ""academy"": null}}, ""kind"": ""CANONICAL_MATCH"", ""compatible"": true, ""strong"": true, ""shared_distinctive_tokens"": [""boom"", ""phantoms""], ""similarity"": 1.0}","{""feed"": {""name"": ""Liege Panthers"", ""source"": ""structured"", ""confidence"": null, ""original_name"": ""Liege Panthers"", ""reread_used"": false, ""dimensions"": {""gender"": null, ""age_group"": null, ""squad_tier"": null, ""reserve"": null, ""academy"": null}}, ""page"": {""name"": ""Liege (W) v"", ""source"": ""ocr"", ""confidence"": null, ""original_name"": ""Liege (W) v"", ""reread_used"": false, ""dimensions"": {""gender"": ""women"", ""age_group"": null, ""squad_tier"": null, ""reserve"": null, ""academy"": null}}, ""kind"": ""SHARED_CORE_CONTEXT_ONLY"", ""compatible"": true, ""strong"": false, ""shared_distinctive_tokens"": [""liege""], ""similarity"": 0.4651}","{""home"": {""original"": {""name"": ""Phantoms Boom (W)"", ""source"": ""ocr"", ""confidence"": null}, ""used"": false}, ""away"": {""original"": {""name"": ""Liege (W) v"", ""source"": ""ocr"", ""confidence"": null}, ""used"": false}}",ALIAS_REQUIRED,AMBIGUOUS,DIRECT_URL_CONFIRMED_NAME_VARIANT,"{""conflicts"": [], ""needs_recheck"": [], ""missing"": []}"
on-6fbafb7f07377396581ed1f2,1475314653:71411,operational,"[""UBI Graz"", ""ZKD Ilirija""]","[""UBI Graz (W)"", ""lirija (W)""]","{""status"": ""AGREE"", ""requested"": ""26832091"", ""observed"": null, ""independently_observed"": false, ""direct_link_capture"": true, ""basis"": ""recorded direct-link navigation plus captured unique event page""}","{""status"": ""AGREE"", ""feed"": ""2026-09-27T11:30:00+00:00"", ""page"": ""2026-09-27T12:30:00+01:00"", ""difference_seconds"": 0.0, ""tolerance_seconds"": 120}","{""status"": ""AGREE"", ""feed"": ""basketball"", ""page"": ""basketball""}","{""status"": ""UNKNOWN"", ""feed"": ""adriatic league 2 women"", ""page"": """", ""approved_mapping"": false, ""reason"": ""unmapped label or conflicting independent evidence""}","{""status"": ""CONFLICT"", ""alert_market_fingerprint"": {""market"": ""TOTALS"", ""side"": ""UNDER"", ""line"": ""135.5"", ""period"": ""FULL_GAME"", ""prices"": {""OVER"": ""1.83"", ""UNDER"": ""1.83""}}, ""page_market_fingerprint"": {""market"": ""TOTALS"", ""side"": ""UNDER"", ""line"": ""132.5"", ""prices"": {""OVER"": ""1.83"", ""UNDER"": ""1.83""}, ""period"": ""FULL_GAME""}, ""fingerprint_match"": ""CONFLICT"", ""reason"": ""Line/price snapshot differs without corroborating history""}","{""home"": {""status"": ""NEEDS_RECHECK"", ""feed"": null, ""page"": ""women"", ""supplied_by_competition"": false}, ""away"": {""status"": ""NEEDS_RECHECK"", ""feed"": null, ""page"": ""women"", ""supplied_by_competition"": false}}","{""home"": {""status"": ""UNKNOWN"", ""feed"": null, ""page"": null, ""supplied_by_competition"": false}, ""away"": {""status"": ""UNKNOWN"", ""feed"": null, ""page"": null, ""supplied_by_competition"": false}}","{""home"": {""status"": ""UNKNOWN"", ""feed"": null, ""page"": null, ""supplied_by_competition"": false}, ""away"": {""status"": ""UNKNOWN"", ""feed"": null, ""page"": null, ""supplied_by_competition"": false}}","{""home"": {""status"": ""UNKNOWN"", ""feed"": null, ""page"": null, ""supplied_by_competition"": false}, ""away"": {""status"": ""UNKNOWN"", ""feed"": null, ""page"": null, ""supplied_by_competition"": false}}","{""home"": {""status"": ""UNKNOWN"", ""feed"": null, ""page"": null, ""supplied_by_competition"": false}, ""away"": {""status"": ""UNKNOWN"", ""feed"": null, ""page"": null, ""supplied_by_competition"": false}}","{""feed"": {""name"": ""UBI Graz"", ""source"": ""structured"", ""confidence"": null, ""original_name"": ""UBI Graz"", ""reread_used"": false, ""dimensions"": {""gender"": null, ""age_group"": null, ""squad_tier"": null, ""reserve"": null, ""academy"": null}}, ""page"": {""name"": ""UBI Graz (W)"", ""source"": ""ocr"", ""confidence"": null, ""original_name"": ""UBI Graz (W)"", ""reread_used"": false, ""dimensions"": {""gender"": ""women"", ""age_group"": null, ""squad_tier"": null, ""reserve"": null, ""academy"": null}}, ""kind"": ""CANONICAL_MATCH"", ""compatible"": true, ""strong"": true, ""shared_distinctive_tokens"": [""graz"", ""ubi""], ""similarity"": 1.0}","{""feed"": {""name"": ""ZKD Ilirija"", ""source"": ""structured"", ""confidence"": null, ""original_name"": ""ZKD Ilirija"", ""reread_used"": false, ""dimensions"": {""gender"": null, ""age_group"": null, ""squad_tier"": null, ""reserve"": null, ""academy"": null}}, ""page"": {""name"": ""lirija (W)"", ""source"": ""ocr"", ""confidence"": null, ""original_name"": ""lirija (W)"", ""reread_used"": false, ""dimensions"": {""gender"": ""women"", ""age_group"": null, ""squad_tier"": null, ""reserve"": null, ""academy"": null}}, ""kind"": ""UNRELATED"", ""compatible"": false, ""strong"": false, ""shared_distinctive_tokens"": [], ""similarity"": 0.0}","{""home"": {""original"": {""name"": ""UBI Graz (W)"", ""source"": ""ocr"", ""confidence"": null}, ""used"": false}, ""away"": {""original"": {""name"": ""lirija (W)"", ""source"": ""ocr"", ""confidence"": null}, ""used"": false}}",WRONG_EVENT,MISMATCH,CONFLICT,"{""conflicts"": [""market_fingerprint""], ""needs_recheck"": [""home_gender"", ""away_gender""], ""missing"": [""competition"", ""names_incomplete_or_unrelated""]}"
on-607f3290d84cd714b480fcc5,1475314653:71416,operational,"[""UBI Graz"", ""ZKD Ilirija""]","[""UBI Graz (W)"", ""lirija (W)""]","{""status"": ""AGREE"", ""requested"": ""26832091"", ""observed"": null, ""independently_observed"": false, ""direct_link_capture"": true, ""basis"": ""recorded direct-link navigation plus captured unique event page""}","{""status"": ""AGREE"", ""feed"": ""2026-09-27T11:30:00+00:00"", ""page"": ""2026-09-27T12:30:00+01:00"", ""difference_seconds"": 0.0, ""tolerance_seconds"": 120}","{""status"": ""AGREE"", ""feed"": ""basketball"", ""page"": ""basketball""}","{""status"": ""UNKNOWN"", ""feed"": ""adriatic league 2 women"", ""page"": """", ""approved_mapping"": false, ""reason"": ""unmapped label or conflicting independent evidence""}","{""status"": ""AGREE"", ""alert_market_fingerprint"": {""market"": ""SPREAD"", ""side"": ""HOME"", ""line"": ""3.5"", ""period"": ""FULL_GAME"", ""prices"": {""HOME"": ""1.83"", ""AWAY"": ""1.83""}}, ""page_market_fingerprint"": {""market"": ""SPREAD"", ""side"": ""HOME"", ""line"": ""+3.5"", ""prices"": {""HOME"": ""1.83"", ""AWAY"": ""1.83""}, ""period"": ""FULL_GAME""}, ""fingerprint_match"": ""MATCHES""}","{""home"": {""status"": ""NEEDS_RECHECK"", ""feed"": null, ""page"": ""women"", ""supplied_by_competition"": false}, ""away"": {""status"": ""NEEDS_RECHECK"", ""feed"": null, ""page"": ""women"", ""supplied_by_competition"": false}}","{""home"": {""status"": ""UNKNOWN"", ""feed"": null, ""page"": null, ""supplied_by_competition"": false}, ""away"": {""status"": ""UNKNOWN"", ""feed"": null, ""page"": null, ""supplied_by_competition"": false}}","{""home"": {""status"": ""UNKNOWN"", ""feed"": null, ""page"": null, ""supplied_by_competition"": false}, ""away"": {""status"": ""UNKNOWN"", ""feed"": null, ""page"": null, ""supplied_by_competition"": false}}","{""home"": {""status"": ""UNKNOWN"", ""feed"": null, ""page"": null, ""supplied_by_competition"": false}, ""away"": {""status"": ""UNKNOWN"", ""feed"": null, ""page"": null, ""supplied_by_competition"": false}}","{""home"": {""status"": ""UNKNOWN"", ""feed"": null, ""page"": null, ""supplied_by_competition"": false}, ""away"": {""status"": ""UNKNOWN"", ""feed"": null, ""page"": null, ""supplied_by_competition"": false}}","{""feed"": {""name"": ""UBI Graz"", ""source"": ""structured"", ""confidence"": null, ""original_name"": ""UBI Graz"", ""reread_used"": false, ""dimensions"": {""gender"": null, ""age_group"": null, ""squad_tier"": null, ""reserve"": null, ""academy"": null}}, ""page"": {""name"": ""UBI Graz (W)"", ""source"": ""ocr"", ""confidence"": null, ""original_name"": ""UBI Graz (W)"", ""reread_used"": false, ""dimensions"": {""gender"": ""women"", ""age_group"": null, ""squad_tier"": null, ""reserve"": null, ""academy"": null}}, ""kind"": ""CANONICAL_MATCH"", ""compatible"": true, ""strong"": true, ""shared_distinctive_tokens"": [""graz"", ""ubi""], ""similarity"": 1.0}","{""feed"": {""name"": ""ZKD Ilirija"", ""source"": ""structured"", ""confidence"": null, ""original_name"": ""ZKD Ilirija"", ""reread_used"": false, ""dimensions"": {""gender"": null, ""age_group"": null, ""squad_tier"": null, ""reserve"": null, ""academy"": null}}, ""page"": {""name"": ""lirija (W)"", ""source"": ""ocr"", ""confidence"": null, ""original_name"": ""lirija (W)"", ""reread_used"": false, ""dimensions"": {""gender"": ""women"", ""age_group"": null, ""squad_tier"": null, ""reserve"": null, ""academy"": null}}, ""kind"": ""UNRELATED"", ""compatible"": false, ""strong"": false, ""shared_distinctive_tokens"": [], ""similarity"": 0.0}","{""home"": {""original"": {""name"": ""UBI Graz (W)"", ""source"": ""ocr"", ""confidence"": null}, ""used"": false}, ""away"": {""original"": {""name"": ""lirija (W)"", ""source"": ""ocr"", ""confidence"": null}, ""used"": false}}",WRONG_EVENT,MISMATCH,NEEDS_RECHECK,"{""conflicts"": [], ""needs_recheck"": [""home_gender"", ""away_gender""], ""missing"": [""competition"", ""names_incomplete_or_unrelated""]}"
on-e35c807553911b660ac6bb1b,1475314653:71419,operational,"[""UBI Graz"", ""ZKD Ilirija""]","[""UBI Graz (W)"", ""lirija (W)""]","{""status"": ""AGREE"", ""requested"": ""26832091"", ""observed"": null, ""independently_observed"": false, ""direct_link_capture"": true, ""basis"": ""recorded direct-link navigation plus captured unique event page""}","{""status"": ""AGREE"", ""feed"": ""2026-09-27T11:30:00+00:00"", ""page"": ""2026-09-27T12:30:00+01:00"", ""difference_seconds"": 0.0, ""tolerance_seconds"": 120}","{""status"": ""AGREE"", ""feed"": ""basketball"", ""page"": ""basketball""}","{""status"": ""UNKNOWN"", ""feed"": ""adriatic league 2 women"", ""page"": """", ""approved_mapping"": false, ""reason"": ""unmapped label or conflicting independent evidence""}","{""status"": ""AGREE"", ""alert_market_fingerprint"": {""market"": ""SPREAD"", ""side"": ""HOME"", ""line"": ""3.5"", ""period"": ""FULL_GAME"", ""prices"": {""HOME"": ""1.83"", ""AWAY"": ""1.83""}}, ""page_market_fingerprint"": {""market"": ""SPREAD"", ""side"": ""HOME"", ""line"": ""+3.5"", ""prices"": {""HOME"": ""1.83"", ""AWAY"": ""1.83""}, ""period"": ""FULL_GAME""}, ""fingerprint_match"": ""MATCHES""}","{""home"": {""status"": ""NEEDS_RECHECK"", ""feed"": null, ""page"": ""women"", ""supplied_by_competition"": false}, ""away"": {""status"": ""NEEDS_RECHECK"", ""feed"": null, ""page"": ""women"", ""supplied_by_competition"": false}}","{""home"": {""status"": ""UNKNOWN"", ""feed"": null, ""page"": null, ""supplied_by_competition"": false}, ""away"": {""status"": ""UNKNOWN"", ""feed"": null, ""page"": null, ""supplied_by_competition"": false}}","{""home"": {""status"": ""UNKNOWN"", ""feed"": null, ""page"": null, ""supplied_by_competition"": false}, ""away"": {""status"": ""UNKNOWN"", ""feed"": null, ""page"": null, ""supplied_by_competition"": false}}","{""home"": {""status"": ""UNKNOWN"", ""feed"": null, ""page"": null, ""supplied_by_competition"": false}, ""away"": {""status"": ""UNKNOWN"", ""feed"": null, ""page"": null, ""supplied_by_competition"": false}}","{""home"": {""status"": ""UNKNOWN"", ""feed"": null, ""page"": null, ""supplied_by_competition"": false}, ""away"": {""status"": ""UNKNOWN"", ""feed"": null, ""page"": null, ""supplied_by_competition"": false}}","{""feed"": {""name"": ""UBI Graz"", ""source"": ""structured"", ""confidence"": null, ""original_name"": ""UBI Graz"", ""reread_used"": false, ""dimensions"": {""gender"": null, ""age_group"": null, ""squad_tier"": null, ""reserve"": null, ""academy"": null}}, ""page"": {""name"": ""UBI Graz (W)"", ""source"": ""ocr"", ""confidence"": null, ""original_name"": ""UBI Graz (W)"", ""reread_used"": false, ""dimensions"": {""gender"": ""women"", ""age_group"": null, ""squad_tier"": null, ""reserve"": null, ""academy"": null}}, ""kind"": ""CANONICAL_MATCH"", ""compatible"": true, ""strong"": true, ""shared_distinctive_tokens"": [""graz"", ""ubi""], ""similarity"": 1.0}","{""feed"": {""name"": ""ZKD Ilirija"", ""source"": ""structured"", ""confidence"": null, ""original_name"": ""ZKD Ilirija"", ""reread_used"": false, ""dimensions"": {""gender"": null, ""age_group"": null, ""squad_tier"": null, ""reserve"": null, ""academy"": null}}, ""page"": {""name"": ""lirija (W)"", ""source"": ""ocr"", ""confidence"": null, ""original_name"": ""lirija (W)"", ""reread_used"": false, ""dimensions"": {""gender"": ""women"", ""age_group"": null, ""squad_tier"": null, ""reserve"": null, ""academy"": null}}, ""kind"": ""UNRELATED"", ""compatible"": false, ""strong"": false, ""shared_distinctive_tokens"": [], ""similarity"": 0.0}","{""home"": {""original"": {""name"": ""UBI Graz (W)"", ""source"": ""ocr"", ""confidence"": null}, ""used"": false}, ""away"": {""original"": {""name"": ""lirija (W)"", ""source"": ""ocr"", ""confidence"": null}, ""used"": false}}",WRONG_EVENT,MISMATCH,NEEDS_RECHECK,"{""conflicts"": [], ""needs_recheck"": [""home_gender"", ""away_gender""], ""missing"": [""competition"", ""names_incomplete_or_unrelated""]}"
on-26d2237482afd21302f182a0,1475314653:71421,operational,"[""UBI Graz"", ""ZKD Ilirija""]","[""UBI Graz (W)"", ""lirija (W)""]","{""status"": ""AGREE"", ""requested"": ""26832091"", ""observed"": null, ""independently_observed"": false, ""direct_link_capture"": true, ""basis"": ""recorded direct-link navigation plus captured unique event page""}","{""status"": ""AGREE"", ""feed"": ""2026-09-27T11:30:00+00:00"", ""page"": ""2026-09-27T12:30:00+01:00"", ""difference_seconds"": 0.0, ""tolerance_seconds"": 120}","{""status"": ""AGREE"", ""feed"": ""basketball"", ""page"": ""basketball""}","{""status"": ""UNKNOWN"", ""feed"": ""adriatic league 2 women"", ""page"": """", ""approved_mapping"": false, ""reason"": ""unmapped label or conflicting independent evidence""}","{""status"": ""AGREE"", ""alert_market_fingerprint"": {""market"": ""SPREAD"", ""side"": ""HOME"", ""line"": ""3.5"", ""period"": ""FULL_GAME"", ""prices"": {""HOME"": ""1.83"", ""AWAY"": ""1.83""}}, ""page_market_fingerprint"": {""market"": ""SPREAD"", ""side"": ""HOME"", ""line"": ""+3.5"", ""prices"": {""HOME"": ""1.83"", ""AWAY"": ""1.83""}, ""period"": ""FULL_GAME""}, ""fingerprint_match"": ""MATCHES""}","{""home"": {""status"": ""NEEDS_RECHECK"", ""feed"": null, ""page"": ""women"", ""supplied_by_competition"": false}, ""away"": {""status"": ""NEEDS_RECHECK"", ""feed"": null, ""page"": ""women"", ""supplied_by_competition"": false}}","{""home"": {""status"": ""UNKNOWN"", ""feed"": null, ""page"": null, ""supplied_by_competition"": false}, ""away"": {""status"": ""UNKNOWN"", ""feed"": null, ""page"": null, ""supplied_by_competition"": false}}","{""home"": {""status"": ""UNKNOWN"", ""feed"": null, ""page"": null, ""supplied_by_competition"": false}, ""away"": {""status"": ""UNKNOWN"", ""feed"": null, ""page"": null, ""supplied_by_competition"": false}}","{""home"": {""status"": ""UNKNOWN"", ""feed"": null, ""page"": null, ""supplied_by_competition"": false}, ""away"": {""status"": ""UNKNOWN"", ""feed"": null, ""page"": null, ""supplied_by_competition"": false}}","{""home"": {""status"": ""UNKNOWN"", ""feed"": null, ""page"": null, ""supplied_by_competition"": false}, ""away"": {""status"": ""UNKNOWN"", ""feed"": null, ""page"": null, ""supplied_by_competition"": false}}","{""feed"": {""name"": ""UBI Graz"", ""source"": ""structured"", ""confidence"": null, ""original_name"": ""UBI Graz"", ""reread_used"": false, ""dimensions"": {""gender"": null, ""age_group"": null, ""squad_tier"": null, ""reserve"": null, ""academy"": null}}, ""page"": {""name"": ""UBI Graz (W)"", ""source"": ""ocr"", ""confidence"": null, ""original_name"": ""UBI Graz (W)"", ""reread_used"": false, ""dimensions"": {""gender"": ""women"", ""age_group"": null, ""squad_tier"": null, ""reserve"": null, ""academy"": null}}, ""kind"": ""CANONICAL_MATCH"", ""compatible"": true, ""strong"": true, ""shared_distinctive_tokens"": [""graz"", ""ubi""], ""similarity"": 1.0}","{""feed"": {""name"": ""ZKD Ilirija"", ""source"": ""structured"", ""confidence"": null, ""original_name"": ""ZKD Ilirija"", ""reread_used"": false, ""dimensions"": {""gender"": null, ""age_group"": null, ""squad_tier"": null, ""reserve"": null, ""academy"": null}}, ""page"": {""name"": ""lirija (W)"", ""source"": ""ocr"", ""confidence"": null, ""original_name"": ""lirija (W)"", ""reread_used"": false, ""dimensions"": {""gender"": ""women"", ""age_group"": null, ""squad_tier"": null, ""reserve"": null, ""academy"": null}}, ""kind"": ""UNRELATED"", ""compatible"": false, ""strong"": false, ""shared_distinctive_tokens"": [], ""similarity"": 0.0}","{""home"": {""original"": {""name"": ""UBI Graz (W)"", ""source"": ""ocr"", ""confidence"": null}, ""used"": false}, ""away"": {""original"": {""name"": ""lirija (W)"", ""source"": ""ocr"", ""confidence"": null}, ""used"": false}}",WRONG_EVENT,MISMATCH,NEEDS_RECHECK,"{""conflicts"": [], ""needs_recheck"": [""home_gender"", ""away_gender""], ""missing"": [""competition"", ""names_incomplete_or_unrelated""]}"
on-91f5570037ecd75d74b98280,1475314653:71425,operational,"[""UBI Graz"", ""ZKD Ilirija""]","[""UBI Graz (W)"", ""lirija (W)""]","{""status"": ""AGREE"", ""requested"": ""26832091"", ""observed"": null, ""independently_observed"": false, ""direct_link_capture"": true, ""basis"": ""recorded direct-link navigation plus captured unique event page""}","{""status"": ""AGREE"", ""feed"": ""2026-09-27T11:30:00+00:00"", ""page"": ""2026-09-27T12:30:00+01:00"", ""difference_seconds"": 0.0, ""tolerance_seconds"": 120}","{""status"": ""AGREE"", ""feed"": ""basketball"", ""page"": ""basketball""}","{""status"": ""UNKNOWN"", ""feed"": ""adriatic league 2 women"", ""page"": """", ""approved_mapping"": false, ""reason"": ""unmapped label or conflicting independent evidence""}","{""status"": ""AGREE"", ""alert_market_fingerprint"": {""market"": ""SPREAD"", ""side"": ""HOME"", ""line"": ""3.5"", ""period"": ""FULL_GAME"", ""prices"": {""HOME"": ""1.83"", ""AWAY"": ""1.83""}}, ""page_market_fingerprint"": {""market"": ""SPREAD"", ""side"": ""HOME"", ""line"": ""+3.5"", ""prices"": {""HOME"": ""1.83"", ""AWAY"": ""1.83""}, ""period"": ""FULL_GAME""}, ""fingerprint_match"": ""MATCHES""}","{""home"": {""status"": ""NEEDS_RECHECK"", ""feed"": null, ""page"": ""women"", ""supplied_by_competition"": false}, ""away"": {""status"": ""NEEDS_RECHECK"", ""feed"": null, ""page"": ""women"", ""supplied_by_competition"": false}}","{""home"": {""status"": ""UNKNOWN"", ""feed"": null, ""page"": null, ""supplied_by_competition"": false}, ""away"": {""status"": ""UNKNOWN"", ""feed"": null, ""page"": null, ""supplied_by_competition"": false}}","{""home"": {""status"": ""UNKNOWN"", ""feed"": null, ""page"": null, ""supplied_by_competition"": false}, ""away"": {""status"": ""UNKNOWN"", ""feed"": null, ""page"": null, ""supplied_by_competition"": false}}","{""home"": {""status"": ""UNKNOWN"", ""feed"": null, ""page"": null, ""supplied_by_competition"": false}, ""away"": {""status"": ""UNKNOWN"", ""feed"": null, ""page"": null, ""supplied_by_competition"": false}}","{""home"": {""status"": ""UNKNOWN"", ""feed"": null, ""page"": null, ""supplied_by_competition"": false}, ""away"": {""status"": ""UNKNOWN"", ""feed"": null, ""page"": null, ""supplied_by_competition"": false}}","{""feed"": {""name"": ""UBI Graz"", ""source"": ""structured"", ""confidence"": null, ""original_name"": ""UBI Graz"", ""reread_used"": false, ""dimensions"": {""gender"": null, ""age_group"": null, ""squad_tier"": null, ""reserve"": null, ""academy"": null}}, ""page"": {""name"": ""UBI Graz (W)"", ""source"": ""ocr"", ""confidence"": null, ""original_name"": ""UBI Graz (W)"", ""reread_used"": false, ""dimensions"": {""gender"": ""women"", ""age_group"": null, ""squad_tier"": null, ""reserve"": null, ""academy"": null}}, ""kind"": ""CANONICAL_MATCH"", ""compatible"": true, ""strong"": true, ""shared_distinctive_tokens"": [""graz"", ""ubi""], ""similarity"": 1.0}","{""feed"": {""name"": ""ZKD Ilirija"", ""source"": ""structured"", ""confidence"": null, ""original_name"": ""ZKD Ilirija"", ""reread_used"": false, ""dimensions"": {""gender"": null, ""age_group"": null, ""squad_tier"": null, ""reserve"": null, ""academy"": null}}, ""page"": {""name"": ""lirija (W)"", ""source"": ""ocr"", ""confidence"": null, ""original_name"": ""lirija (W)"", ""reread_used"": false, ""dimensions"": {""gender"": ""women"", ""age_group"": null, ""squad_tier"": null, ""reserve"": null, ""academy"": null}}, ""kind"": ""UNRELATED"", ""compatible"": false, ""strong"": false, ""shared_distinctive_tokens"": [], ""similarity"": 0.0}","{""home"": {""original"": {""name"": ""UBI Graz (W)"", ""source"": ""ocr"", ""confidence"": null}, ""used"": false}, ""away"": {""original"": {""name"": ""lirija (W)"", ""source"": ""ocr"", ""confidence"": null}, ""used"": false}}",WRONG_EVENT,MISMATCH,NEEDS_RECHECK,"{""conflicts"": [], ""needs_recheck"": [""home_gender"", ""away_gender""], ""missing"": [""competition"", ""names_incomplete_or_unrelated""]}"
on-c721edd77be8f1e7be5da4ab,1475314653:71428,operational,"[""UBI Graz"", ""ZKD Ilirija""]","[""UBI Graz (W)"", ""lirija (W)""]","{""status"": ""AGREE"", ""requested"": ""26832091"", ""observed"": null, ""independently_observed"": false, ""direct_link_capture"": true, ""basis"": ""recorded direct-link navigation plus captured unique event page""}","{""status"": ""AGREE"", ""feed"": ""2026-09-27T11:30:00+00:00"", ""page"": ""2026-09-27T12:30:00+01:00"", ""difference_seconds"": 0.0, ""tolerance_seconds"": 120}","{""status"": ""AGREE"", ""feed"": ""basketball"", ""page"": ""basketball""}","{""status"": ""UNKNOWN"", ""feed"": ""adriatic league 2 women"", ""page"": """", ""approved_mapping"": false, ""reason"": ""unmapped label or conflicting independent evidence""}","{""status"": ""AGREE"", ""alert_market_fingerprint"": {""market"": ""SPREAD"", ""side"": ""HOME"", ""line"": ""3.5"", ""period"": ""FULL_GAME"", ""prices"": {""HOME"": ""1.83"", ""AWAY"": ""1.83""}}, ""page_market_fingerprint"": {""market"": ""SPREAD"", ""side"": ""HOME"", ""line"": ""+3.5"", ""prices"": {""HOME"": ""1.83"", ""AWAY"": ""1.83""}, ""period"": ""FULL_GAME""}, ""fingerprint_match"": ""MATCHES""}","{""home"": {""status"": ""NEEDS_RECHECK"", ""feed"": null, ""page"": ""women"", ""supplied_by_competition"": false}, ""away"": {""status"": ""NEEDS_RECHECK"", ""feed"": null, ""page"": ""women"", ""supplied_by_competition"": false}}","{""home"": {""status"": ""UNKNOWN"", ""feed"": null, ""page"": null, ""supplied_by_competition"": false}, ""away"": {""status"": ""UNKNOWN"", ""feed"": null, ""page"": null, ""supplied_by_competition"": false}}","{""home"": {""status"": ""UNKNOWN"", ""feed"": null, ""page"": null, ""supplied_by_competition"": false}, ""away"": {""status"": ""UNKNOWN"", ""feed"": null, ""page"": null, ""supplied_by_competition"": false}}","{""home"": {""status"": ""UNKNOWN"", ""feed"": null, ""page"": null, ""supplied_by_competition"": false}, ""away"": {""status"": ""UNKNOWN"", ""feed"": null, ""page"": null, ""supplied_by_competition"": false}}","{""home"": {""status"": ""UNKNOWN"", ""feed"": null, ""page"": null, ""supplied_by_competition"": false}, ""away"": {""status"": ""UNKNOWN"", ""feed"": null, ""page"": null, ""supplied_by_competition"": false}}","{""feed"": {""name"": ""UBI Graz"", ""source"": ""structured"", ""confidence"": null, ""original_name"": ""UBI Graz"", ""reread_used"": false, ""dimensions"": {""gender"": null, ""age_group"": null, ""squad_tier"": null, ""reserve"": null, ""academy"": null}}, ""page"": {""name"": ""UBI Graz (W)"", ""source"": ""ocr"", ""confidence"": null, ""original_name"": ""UBI Graz (W)"", ""reread_used"": false, ""dimensions"": {""gender"": ""women"", ""age_group"": null, ""squad_tier"": null, ""reserve"": null, ""academy"": null}}, ""kind"": ""CANONICAL_MATCH"", ""compatible"": true, ""strong"": true, ""shared_distinctive_tokens"": [""graz"", ""ubi""], ""similarity"": 1.0}","{""feed"": {""name"": ""ZKD Ilirija"", ""source"": ""structured"", ""confidence"": null, ""original_name"": ""ZKD Ilirija"", ""reread_used"": false, ""dimensions"": {""gender"": null, ""age_group"": null, ""squad_tier"": null, ""reserve"": null, ""academy"": null}}, ""page"": {""name"": ""lirija (W)"", ""source"": ""ocr"", ""confidence"": null, ""original_name"": ""lirija (W)"", ""reread_used"": false, ""dimensions"": {""gender"": ""women"", ""age_group"": null, ""squad_tier"": null, ""reserve"": null, ""academy"": null}}, ""kind"": ""UNRELATED"", ""compatible"": false, ""strong"": false, ""shared_distinctive_tokens"": [], ""similarity"": 0.0}","{""home"": {""original"": {""name"": ""UBI Graz (W)"", ""source"": ""ocr"", ""confidence"": null}, ""used"": false}, ""away"": {""original"": {""name"": ""lirija (W)"", ""source"": ""ocr"", ""confidence"": null}, ""used"": false}}",WRONG_EVENT,MISMATCH,NEEDS_RECHECK,"{""conflicts"": [], ""needs_recheck"": [""home_gender"", ""away_gender""], ""missing"": [""competition"", ""names_incomplete_or_unrelated""]}"
tzprobe-1790440976-1,evidence/timezone-probe/run-1790440976/1.json;evidence/timezone-probe/run-1790440976/summary.json,archive,"[""UP Mexico"", ""UMAD""]","[""UP Mexico"", ""UMAD""]","{""status"": ""UNKNOWN"", ""requested"": ""26807165"", ""observed"": null, ""independently_observed"": false, ""direct_link_capture"": false, ""basis"": ""unverified""}","{""status"": ""CONFLICT"", ""feed"": ""2026-09-26T21:30:00+00:00"", ""page"": ""2026-09-26T21:30:00+01:00"", ""difference_seconds"": 3600.0, ""tolerance_seconds"": 120}","{""status"": ""UNKNOWN"", ""feed"": ""basketball"", ""page"": """"}","{""status"": ""UNKNOWN"", ""feed"": ""liga abe"", ""page"": """", ""approved_mapping"": false, ""reason"": ""unmapped label or conflicting independent evidence""}","{""status"": ""UNKNOWN"", ""alert_market_fingerprint"": null, ""page_market_fingerprint"": null, ""fingerprint_match"": ""UNAVAILABLE""}","{""home"": {""status"": ""UNKNOWN"", ""feed"": null, ""page"": null, ""supplied_by_competition"": false}, ""away"": {""status"": ""UNKNOWN"", ""feed"": null, ""page"": null, ""supplied_by_competition"": false}}","{""home"": {""status"": ""UNKNOWN"", ""feed"": null, ""page"": null, ""supplied_by_competition"": false}, ""away"": {""status"": ""UNKNOWN"", ""feed"": null, ""page"": null, ""supplied_by_competition"": false}}","{""home"": {""status"": ""UNKNOWN"", ""feed"": null, ""page"": null, ""supplied_by_competition"": false}, ""away"": {""status"": ""UNKNOWN"", ""feed"": null, ""page"": null, ""supplied_by_competition"": false}}","{""home"": {""status"": ""UNKNOWN"", ""feed"": null, ""page"": null, ""supplied_by_competition"": false}, ""away"": {""status"": ""UNKNOWN"", ""feed"": null, ""page"": null, ""supplied_by_competition"": false}}","{""home"": {""status"": ""UNKNOWN"", ""feed"": null, ""page"": null, ""supplied_by_competition"": false}, ""away"": {""status"": ""UNKNOWN"", ""feed"": null, ""page"": null, ""supplied_by_competition"": false}}","{""feed"": {""name"": ""UP Mexico"", ""source"": ""structured"", ""confidence"": null, ""original_name"": ""UP Mexico"", ""reread_used"": false, ""dimensions"": {""gender"": null, ""age_group"": null, ""squad_tier"": null, ""reserve"": null, ""academy"": null}}, ""page"": {""name"": ""UP Mexico"", ""source"": ""ocr"", ""confidence"": null, ""original_name"": ""UP Mexico"", ""reread_used"": false, ""dimensions"": {""gender"": null, ""age_group"": null, ""squad_tier"": null, ""reserve"": null, ""academy"": null}}, ""kind"": ""EXACT"", ""compatible"": true, ""strong"": true, ""shared_distinctive_tokens"": [""mexico"", ""up""], ""similarity"": 1.0}","{""feed"": {""name"": ""UMAD"", ""source"": ""structured"", ""confidence"": null, ""original_name"": ""UMAD"", ""reread_used"": false, ""dimensions"": {""gender"": null, ""age_group"": null, ""squad_tier"": null, ""reserve"": null, ""academy"": null}}, ""page"": {""name"": ""UMAD"", ""source"": ""ocr"", ""confidence"": null, ""original_name"": ""UMAD"", ""reread_used"": false, ""dimensions"": {""gender"": null, ""age_group"": null, ""squad_tier"": null, ""reserve"": null, ""academy"": null}}, ""kind"": ""EXACT"", ""compatible"": true, ""strong"": true, ""shared_distinctive_tokens"": [""umad""], ""similarity"": 1.0}","{""home"": {""original"": {""name"": ""UP Mexico"", ""source"": ""ocr""}, ""used"": false}, ""away"": {""original"": {""name"": ""UMAD"", ""source"": ""ocr""}, ""used"": false}}",WRONG_EVENT,MISMATCH,CONFLICT,"{""conflicts"": [""kickoff""], ""needs_recheck"": [], ""missing"": [""event_id"", ""event_page"", ""competing_event"", ""sport"", ""competition"", ""market_fingerprint"", ""orientation""]}"
tzprobe-1790441189-1,evidence/timezone-probe/run-1790441189/1.json;evidence/timezone-probe/run-1790441189/summary.json,archive,"[""Baloncesto Ciudad De Badajoz"", ""CB Toledo""]","[""Baloncesto Ciudad de Badajoz"", ""Toledo""]","{""status"": ""UNKNOWN"", ""requested"": ""26832209"", ""observed"": null, ""independently_observed"": false, ""direct_link_capture"": false, ""basis"": ""unverified""}","{""status"": ""UNKNOWN"", ""feed"": ""2026-09-26T17:00:00+00:00"", ""page"": null, ""difference_seconds"": null, ""tolerance_seconds"": 120}","{""status"": ""UNKNOWN"", ""feed"": ""basketball"", ""page"": """"}","{""status"": ""UNKNOWN"", ""feed"": ""copa espana"", ""page"": """", ""approved_mapping"": false, ""reason"": ""unmapped label or conflicting independent evidence""}","{""status"": ""UNKNOWN"", ""alert_market_fingerprint"": null, ""page_market_fingerprint"": null, ""fingerprint_match"": ""UNAVAILABLE""}","{""home"": {""status"": ""UNKNOWN"", ""feed"": null, ""page"": null, ""supplied_by_competition"": false}, ""away"": {""status"": ""UNKNOWN"", ""feed"": null, ""page"": null, ""supplied_by_competition"": false}}","{""home"": {""status"": ""UNKNOWN"", ""feed"": null, ""page"": null, ""supplied_by_competition"": false}, ""away"": {""status"": ""UNKNOWN"", ""feed"": null, ""page"": null, ""supplied_by_competition"": false}}","{""home"": {""status"": ""UNKNOWN"", ""feed"": null, ""page"": null, ""supplied_by_competition"": false}, ""away"": {""status"": ""UNKNOWN"", ""feed"": null, ""page"": null, ""supplied_by_competition"": false}}","{""home"": {""status"": ""UNKNOWN"", ""feed"": null, ""page"": null, ""supplied_by_competition"": false}, ""away"": {""status"": ""UNKNOWN"", ""feed"": null, ""page"": null, ""supplied_by_competition"": false}}","{""home"": {""status"": ""UNKNOWN"", ""feed"": null, ""page"": null, ""supplied_by_competition"": false}, ""away"": {""status"": ""UNKNOWN"", ""feed"": null, ""page"": null, ""supplied_by_competition"": false}}","{""feed"": {""name"": ""Baloncesto Ciudad De Badajoz"", ""source"": ""structured"", ""confidence"": null, ""original_name"": ""Baloncesto Ciudad De Badajoz"", ""reread_used"": false, ""dimensions"": {""gender"": null, ""age_group"": null, ""squad_tier"": null, ""reserve"": null, ""academy"": null}}, ""page"": {""name"": ""Baloncesto Ciudad de Badajoz"", ""source"": ""ocr"", ""confidence"": null, ""original_name"": ""Baloncesto Ciudad de Badajoz"", ""reread_used"": false, ""dimensions"": {""gender"": null, ""age_group"": null, ""squad_tier"": null, ""reserve"": null, ""academy"": null}}, ""kind"": ""EXACT"", ""compatible"": true, ""strong"": true, ""shared_distinctive_tokens"": [""badajoz"", ""baloncesto"", ""ciudad""], ""similarity"": 1.0}","{""feed"": {""name"": ""CB Toledo"", ""source"": ""structured"", ""confidence"": null, ""original_name"": ""CB Toledo"", ""reread_used"": false, ""dimensions"": {""gender"": null, ""age_group"": null, ""squad_tier"": null, ""reserve"": null, ""academy"": null}}, ""page"": {""name"": ""Toledo"", ""source"": ""ocr"", ""confidence"": null, ""original_name"": ""Toledo"", ""reread_used"": false, ""dimensions"": {""gender"": null, ""age_group"": null, ""squad_tier"": null, ""reserve"": null, ""academy"": null}}, ""kind"": ""TOKEN_CONTAINMENT"", ""compatible"": true, ""strong"": false, ""shared_distinctive_tokens"": [""toledo""], ""similarity"": 0.5}","{""home"": {""original"": {""name"": ""Baloncesto Ciudad de Badajoz"", ""source"": ""ocr""}, ""used"": false}, ""away"": {""original"": {""name"": ""Toledo"", ""source"": ""ocr""}, ""used"": false}}",TARGET_NOT_FOUND,CANONICAL_MATCH,AMBIGUOUS,"{""conflicts"": [], ""needs_recheck"": [], ""missing"": [""event_id"", ""event_page"", ""competing_event"", ""sport"", ""kickoff"", ""competition"", ""market_fingerprint"", ""orientation""]}"
fbhold-1X2-113024,evidence/football/holds/fbhold-1X2-113024/hold.json,archive,"[""Arlanda"", ""Enkopings""]","[""FC Arlanda"", ""Enk ping""]","{""status"": ""UNKNOWN"", ""requested"": ""201693824"", ""observed"": null, ""independently_observed"": false, ""direct_link_capture"": false, ""basis"": ""unverified""}","{""status"": ""UNKNOWN"", ""feed"": ""2026-09-27T11:00:00+00:00"", ""page"": null, ""difference_seconds"": null, ""tolerance_seconds"": 120}","{""status"": ""UNKNOWN"", ""feed"": ""football"", ""page"": """"}","{""status"": ""UNKNOWN"", ""feed"": ""division 1 norra"", ""page"": """", ""approved_mapping"": false, ""reason"": ""unmapped label or conflicting independent evidence""}","{""status"": ""UNKNOWN"", ""alert_market_fingerprint"": null, ""page_market_fingerprint"": null, ""fingerprint_match"": ""UNAVAILABLE""}","{""home"": {""status"": ""UNKNOWN"", ""feed"": null, ""page"": null, ""supplied_by_competition"": false}, ""away"": {""status"": ""UNKNOWN"", ""feed"": null, ""page"": null, ""supplied_by_competition"": false}}","{""home"": {""status"": ""UNKNOWN"", ""feed"": null, ""page"": null, ""supplied_by_competition"": false}, ""away"": {""status"": ""UNKNOWN"", ""feed"": null, ""page"": null, ""supplied_by_competition"": false}}","{""home"": {""status"": ""UNKNOWN"", ""feed"": null, ""page"": null, ""supplied_by_competition"": false}, ""away"": {""status"": ""UNKNOWN"", ""feed"": null, ""page"": null, ""supplied_by_competition"": false}}","{""home"": {""status"": ""UNKNOWN"", ""feed"": null, ""page"": null, ""supplied_by_competition"": false}, ""away"": {""status"": ""UNKNOWN"", ""feed"": null, ""page"": null, ""supplied_by_competition"": false}}","{""home"": {""status"": ""UNKNOWN"", ""feed"": null, ""page"": null, ""supplied_by_competition"": false}, ""away"": {""status"": ""UNKNOWN"", ""feed"": null, ""page"": null, ""supplied_by_competition"": false}}","{""feed"": {""name"": ""Arlanda"", ""source"": ""structured"", ""confidence"": null, ""original_name"": ""Arlanda"", ""reread_used"": false, ""dimensions"": {""gender"": null, ""age_group"": null, ""squad_tier"": null, ""reserve"": null, ""academy"": null}}, ""page"": {""name"": ""FC Arlanda"", ""source"": ""ocr"", ""confidence"": null, ""original_name"": ""FC Arlanda"", ""reread_used"": false, ""dimensions"": {""gender"": null, ""age_group"": null, ""squad_tier"": null, ""reserve"": null, ""academy"": null}}, ""kind"": ""CANONICAL_MATCH"", ""compatible"": true, ""strong"": true, ""shared_distinctive_tokens"": [""arlanda""], ""similarity"": 1.0}","{""feed"": {""name"": ""Enkopings"", ""source"": ""structured"", ""confidence"": null, ""original_name"": ""Enkopings"", ""reread_used"": false, ""dimensions"": {""gender"": null, ""age_group"": null, ""squad_tier"": null, ""reserve"": null, ""academy"": null}}, ""page"": {""name"": ""Enk ping"", ""source"": ""ocr"", ""confidence"": null, ""original_name"": ""Enk ping"", ""reread_used"": false, ""dimensions"": {""gender"": null, ""age_group"": null, ""squad_tier"": null, ""reserve"": null, ""academy"": null}}, ""kind"": ""UNRELATED"", ""compatible"": false, ""strong"": false, ""shared_distinctive_tokens"": [], ""similarity"": 0.0}","{""home"": {""original"": {""name"": ""FC Arlanda"", ""source"": ""ocr""}, ""used"": false}, ""away"": {""original"": {""name"": ""Enk ping"", ""source"": ""ocr""}, ""used"": false}}",WRONG_EVENT,MISMATCH,AMBIGUOUS,"{""conflicts"": [], ""needs_recheck"": [], ""missing"": [""event_id"", ""event_page"", ""competing_event"", ""sport"", ""kickoff"", ""competition"", ""market_fingerprint"", ""orientation"", ""names_incomplete_or_unrelated""]}"
lan-1789940143-spaces,evidence/coordinator/environment.json,archive,"[null, null]","[null, null]","{""status"": ""UNKNOWN"", ""requested"": null, ""observed"": null, ""independently_observed"": false, ""direct_link_capture"": false, ""basis"": ""unverified""}","{""status"": ""UNKNOWN"", ""feed"": null, ""page"": null, ""difference_seconds"": null, ""tolerance_seconds"": 120}","{""status"": ""UNKNOWN"", ""feed"": """", ""page"": """"}","{""status"": ""UNKNOWN"", ""feed"": """", ""page"": """", ""approved_mapping"": false, ""reason"": ""unmapped label or conflicting independent evidence""}","{""status"": ""UNKNOWN"", ""alert_market_fingerprint"": null, ""page_market_fingerprint"": null, ""fingerprint_match"": ""UNAVAILABLE""}","{""home"": {""status"": ""UNKNOWN"", ""feed"": null, ""page"": null, ""supplied_by_competition"": false}, ""away"": {""status"": ""UNKNOWN"", ""feed"": null, ""page"": null, ""supplied_by_competition"": false}}","{""home"": {""status"": ""UNKNOWN"", ""feed"": null, ""page"": null, ""supplied_by_competition"": false}, ""away"": {""status"": ""UNKNOWN"", ""feed"": null, ""page"": null, ""supplied_by_competition"": false}}","{""home"": {""status"": ""UNKNOWN"", ""feed"": null, ""page"": null, ""supplied_by_competition"": false}, ""away"": {""status"": ""UNKNOWN"", ""feed"": null, ""page"": null, ""supplied_by_competition"": false}}","{""home"": {""status"": ""UNKNOWN"", ""feed"": null, ""page"": null, ""supplied_by_competition"": false}, ""away"": {""status"": ""UNKNOWN"", ""feed"": null, ""page"": null, ""supplied_by_competition"": false}}","{""home"": {""status"": ""UNKNOWN"", ""feed"": null, ""page"": null, ""supplied_by_competition"": false}, ""away"": {""status"": ""UNKNOWN"", ""feed"": null, ""page"": null, ""supplied_by_competition"": false}}","{""feed"": {""name"": """", ""source"": ""unknown"", ""confidence"": null, ""original_name"": """", ""reread_used"": false, ""dimensions"": {""gender"": null, ""age_group"": null, ""squad_tier"": null, ""reserve"": null, ""academy"": null}}, ""page"": {""name"": null, ""source"": ""ocr"", ""confidence"": null, ""original_name"": null, ""reread_used"": false, ""dimensions"": {""gender"": null, ""age_group"": null, ""squad_tier"": null, ""reserve"": null, ""academy"": null}}, ""kind"": ""MISSING"", ""compatible"": false, ""strong"": false, ""shared_distinctive_tokens"": [], ""similarity"": 0.0}","{""feed"": {""name"": """", ""source"": ""unknown"", ""confidence"": null, ""original_name"": """", ""reread_used"": false, ""dimensions"": {""gender"": null, ""age_group"": null, ""squad_tier"": null, ""reserve"": null, ""academy"": null}}, ""page"": {""name"": null, ""source"": ""ocr"", ""confidence"": null, ""original_name"": null, ""reread_used"": false, ""dimensions"": {""gender"": null, ""age_group"": null, ""squad_tier"": null, ""reserve"": null, ""academy"": null}}, ""kind"": ""MISSING"", ""compatible"": false, ""strong"": false, ""shared_distinctive_tokens"": [], ""similarity"": 0.0}","{""home"": {""original"": {""name"": null, ""source"": ""ocr""}, ""used"": false}, ""away"": {""original"": {""name"": null, ""source"": ""ocr""}, ""used"": false}}",TARGET_NOT_FOUND,,AMBIGUOUS,"{""conflicts"": [], ""needs_recheck"": [], ""missing"": [""event_id"", ""event_page"", ""competing_event"", ""sport"", ""kickoff"", ""competition"", ""market_fingerprint"", ""orientation"", ""names_incomplete_or_unrelated""]}"
on-f24902a9a6dc166b07e79880,evidence/identity-corpus/backend_records.json;evidence/live-ready-dispatch/on-f24902a9a6dc166b07e79880-health-after.json;evidence/live-ready-dispatch/on-f24902a9a6dc166b07e79880-result.json;evidence/live-ready-dispatch/phone-result.json;evidence/session-login/session-login-1790175263-health.json,archive,"[null, null]","[null, null]","{""status"": ""UNKNOWN"", ""requested"": null, ""observed"": null, ""independently_observed"": false, ""direct_link_capture"": false, ""basis"": ""unverified""}","{""status"": ""UNKNOWN"", ""feed"": null, ""page"": null, ""difference_seconds"": null, ""tolerance_seconds"": 120}","{""status"": ""UNKNOWN"", ""feed"": ""basketball"", ""page"": """"}","{""status"": ""UNKNOWN"", ""feed"": ""women"", ""page"": """", ""approved_mapping"": false, ""reason"": ""unmapped label or conflicting independent evidence""}","{""status"": ""UNKNOWN"", ""alert_market_fingerprint"": null, ""page_market_fingerprint"": null, ""fingerprint_match"": ""UNAVAILABLE""}","{""home"": {""status"": ""UNKNOWN"", ""feed"": null, ""page"": null, ""supplied_by_competition"": false}, ""away"": {""status"": ""UNKNOWN"", ""feed"": null, ""page"": null, ""supplied_by_competition"": false}}","{""home"": {""status"": ""UNKNOWN"", ""feed"": null, ""page"": null, ""supplied_by_competition"": false}, ""away"": {""status"": ""UNKNOWN"", ""feed"": null, ""page"": null, ""supplied_by_competition"": false}}","{""home"": {""status"": ""UNKNOWN"", ""feed"": null, ""page"": null, ""supplied_by_competition"": false}, ""away"": {""status"": ""UNKNOWN"", ""feed"": null, ""page"": null, ""supplied_by_competition"": false}}","{""home"": {""status"": ""UNKNOWN"", ""feed"": null, ""page"": null, ""supplied_by_competition"": false}, ""away"": {""status"": ""UNKNOWN"", ""feed"": null, ""page"": null, ""supplied_by_competition"": false}}","{""home"": {""status"": ""UNKNOWN"", ""feed"": null, ""page"": null, ""supplied_by_competition"": false}, ""away"": {""status"": ""UNKNOWN"", ""feed"": null, ""page"": null, ""supplied_by_competition"": false}}","{""feed"": {""name"": """", ""source"": ""unknown"", ""confidence"": null, ""original_name"": """", ""reread_used"": false, ""dimensions"": {""gender"": null, ""age_group"": null, ""squad_tier"": null, ""reserve"": null, ""academy"": null}}, ""page"": {""name"": null, ""source"": ""ocr"", ""confidence"": null, ""original_name"": null, ""reread_used"": false, ""dimensions"": {""gender"": null, ""age_group"": null, ""squad_tier"": null, ""reserve"": null, ""academy"": null}}, ""kind"": ""MISSING"", ""compatible"": false, ""strong"": false, ""shared_distinctive_tokens"": [], ""similarity"": 0.0}","{""feed"": {""name"": """", ""source"": ""unknown"", ""confidence"": null, ""original_name"": """", ""reread_used"": false, ""dimensions"": {""gender"": null, ""age_group"": null, ""squad_tier"": null, ""reserve"": null, ""academy"": null}}, ""page"": {""name"": null, ""source"": ""ocr"", ""confidence"": null, ""original_name"": null, ""reread_used"": false, ""dimensions"": {""gender"": null, ""age_group"": null, ""squad_tier"": null, ""reserve"": null, ""academy"": null}}, ""kind"": ""MISSING"", ""compatible"": false, ""strong"": false, ""shared_distinctive_tokens"": [], ""similarity"": 0.0}","{""home"": {""original"": {""name"": null, ""source"": ""ocr""}, ""used"": false}, ""away"": {""original"": {""name"": null, ""source"": ""ocr""}, ""used"": false}}",TARGET_NOT_FOUND,,AMBIGUOUS,"{""conflicts"": [], ""needs_recheck"": [], ""missing"": [""event_id"", ""event_page"", ""competing_event"", ""sport"", ""kickoff"", ""competition"", ""market_fingerprint"", ""orientation"", ""names_incomplete_or_unrelated""]}"
on-baaa1c7fe15d239c2cd5593c,evidence/identity-corpus/backend_records.json,archive,"[null, null]","[null, null]","{""status"": ""UNKNOWN"", ""requested"": null, ""observed"": null, ""independently_observed"": false, ""direct_link_capture"": false, ""basis"": ""unverified""}","{""status"": ""UNKNOWN"", ""feed"": null, ""page"": null, ""difference_seconds"": null, ""tolerance_seconds"": 120}","{""status"": ""UNKNOWN"", ""feed"": ""basketball"", ""page"": """"}","{""status"": ""UNKNOWN"", ""feed"": ""nemzeti bajnoksag i a"", ""page"": """", ""approved_mapping"": false, ""reason"": ""unmapped label or conflicting independent evidence""}","{""status"": ""UNKNOWN"", ""alert_market_fingerprint"": null, ""page_market_fingerprint"": null, ""fingerprint_match"": ""UNAVAILABLE""}","{""home"": {""status"": ""UNKNOWN"", ""feed"": null, ""page"": null, ""supplied_by_competition"": false}, ""away"": {""status"": ""UNKNOWN"", ""feed"": null, ""page"": null, ""supplied_by_competition"": false}}","{""home"": {""status"": ""UNKNOWN"", ""feed"": null, ""page"": null, ""supplied_by_competition"": false}, ""away"": {""status"": ""UNKNOWN"", ""feed"": null, ""page"": null, ""supplied_by_competition"": false}}","{""home"": {""status"": ""UNKNOWN"", ""feed"": null, ""page"": null, ""supplied_by_competition"": false}, ""away"": {""status"": ""UNKNOWN"", ""feed"": null, ""page"": null, ""supplied_by_competition"": false}}","{""home"": {""status"": ""UNKNOWN"", ""feed"": null, ""page"": null, ""supplied_by_competition"": false}, ""away"": {""status"": ""UNKNOWN"", ""feed"": null, ""page"": null, ""supplied_by_competition"": false}}","{""home"": {""status"": ""UNKNOWN"", ""feed"": null, ""page"": null, ""supplied_by_competition"": false}, ""away"": {""status"": ""UNKNOWN"", ""feed"": null, ""page"": null, ""supplied_by_competition"": false}}","{""feed"": {""name"": """", ""source"": ""unknown"", ""confidence"": null, ""original_name"": """", ""reread_used"": false, ""dimensions"": {""gender"": null, ""age_group"": null, ""squad_tier"": null, ""reserve"": null, ""academy"": null}}, ""page"": {""name"": null, ""source"": ""ocr"", ""confidence"": null, ""original_name"": null, ""reread_used"": false, ""dimensions"": {""gender"": null, ""age_group"": null, ""squad_tier"": null, ""reserve"": null, ""academy"": null}}, ""kind"": ""MISSING"", ""compatible"": false, ""strong"": false, ""shared_distinctive_tokens"": [], ""similarity"": 0.0}","{""feed"": {""name"": """", ""source"": ""unknown"", ""confidence"": null, ""original_name"": """", ""reread_used"": false, ""dimensions"": {""gender"": null, ""age_group"": null, ""squad_tier"": null, ""reserve"": null, ""academy"": null}}, ""page"": {""name"": null, ""source"": ""ocr"", ""confidence"": null, ""original_name"": null, ""reread_used"": false, ""dimensions"": {""gender"": null, ""age_group"": null, ""squad_tier"": null, ""reserve"": null, ""academy"": null}}, ""kind"": ""MISSING"", ""compatible"": false, ""strong"": false, ""shared_distinctive_tokens"": [], ""similarity"": 0.0}","{""home"": {""original"": {""name"": null, ""source"": ""ocr""}, ""used"": false}, ""away"": {""original"": {""name"": null, ""source"": ""ocr""}, ""used"": false}}",WRONG_EVENT,,AMBIGUOUS,"{""conflicts"": [], ""needs_recheck"": [], ""missing"": [""event_id"", ""event_page"", ""competing_event"", ""sport"", ""kickoff"", ""competition"", ""market_fingerprint"", ""orientation"", ""names_incomplete_or_unrelated""]}"
wrong_opponent-234553,evidence/milestone-b/wrong_opponent-234553.json,archive,"[""Kyoto Hannaryz"", ""Bayern Munich""]","[""Kyoto Hannaryz"", ""Shiga Lakes""]","{""status"": ""UNKNOWN"", ""requested"": ""26737823"", ""observed"": null, ""independently_observed"": false, ""direct_link_capture"": false, ""basis"": ""unverified""}","{""status"": ""UNKNOWN"", ""feed"": ""2026-09-25T09:35:00+00:00"", ""page"": null, ""difference_seconds"": null, ""tolerance_seconds"": 120}","{""status"": ""UNKNOWN"", ""feed"": ""basketball"", ""page"": """"}","{""status"": ""UNKNOWN"", ""feed"": """", ""page"": """", ""approved_mapping"": false, ""reason"": ""unmapped label or conflicting independent evidence""}","{""status"": ""UNKNOWN"", ""alert_market_fingerprint"": null, ""page_market_fingerprint"": null, ""fingerprint_match"": ""UNAVAILABLE""}","{""home"": {""status"": ""UNKNOWN"", ""feed"": null, ""page"": null, ""supplied_by_competition"": false}, ""away"": {""status"": ""UNKNOWN"", ""feed"": null, ""page"": null, ""supplied_by_competition"": false}}","{""home"": {""status"": ""UNKNOWN"", ""feed"": null, ""page"": null, ""supplied_by_competition"": false}, ""away"": {""status"": ""UNKNOWN"", ""feed"": null, ""page"": null, ""supplied_by_competition"": false}}","{""home"": {""status"": ""UNKNOWN"", ""feed"": null, ""page"": null, ""supplied_by_competition"": false}, ""away"": {""status"": ""UNKNOWN"", ""feed"": null, ""page"": null, ""supplied_by_competition"": false}}","{""home"": {""status"": ""UNKNOWN"", ""feed"": null, ""page"": null, ""supplied_by_competition"": false}, ""away"": {""status"": ""UNKNOWN"", ""feed"": null, ""page"": null, ""supplied_by_competition"": false}}","{""home"": {""status"": ""UNKNOWN"", ""feed"": null, ""page"": null, ""supplied_by_competition"": false}, ""away"": {""status"": ""UNKNOWN"", ""feed"": null, ""page"": null, ""supplied_by_competition"": false}}","{""feed"": {""name"": ""Kyoto Hannaryz"", ""source"": ""structured"", ""confidence"": null, ""original_name"": ""Kyoto Hannaryz"", ""reread_used"": false, ""dimensions"": {""gender"": null, ""age_group"": null, ""squad_tier"": null, ""reserve"": null, ""academy"": null}}, ""page"": {""name"": ""Kyoto Hannaryz"", ""source"": ""ocr"", ""confidence"": null, ""original_name"": ""Kyoto Hannaryz"", ""reread_used"": false, ""dimensions"": {""gender"": null, ""age_group"": null, ""squad_tier"": null, ""reserve"": null, ""academy"": null}}, ""kind"": ""EXACT"", ""compatible"": true, ""strong"": true, ""shared_distinctive_tokens"": [""hannaryz"", ""kyoto""], ""similarity"": 1.0}","{""feed"": {""name"": ""Bayern Munich"", ""source"": ""structured"", ""confidence"": null, ""original_name"": ""Bayern Munich"", ""reread_used"": false, ""dimensions"": {""gender"": null, ""age_group"": null, ""squad_tier"": null, ""reserve"": null, ""academy"": null}}, ""page"": {""name"": ""Shiga Lakes"", ""source"": ""ocr"", ""confidence"": null, ""original_name"": ""Shiga Lakes"", ""reread_used"": false, ""dimensions"": {""gender"": null, ""age_group"": null, ""squad_tier"": null, ""reserve"": null, ""academy"": null}}, ""kind"": ""UNRELATED"", ""compatible"": false, ""strong"": false, ""shared_distinctive_tokens"": [], ""similarity"": 0.0}","{""home"": {""original"": {""name"": ""Kyoto Hannaryz"", ""source"": ""ocr""}, ""used"": false}, ""away"": {""original"": {""name"": ""Shiga Lakes"", ""source"": ""ocr""}, ""used"": false}}",WRONG_EVENT,MISMATCH,AMBIGUOUS,"{""conflicts"": [], ""needs_recheck"": [], ""missing"": [""event_id"", ""event_page"", ""competing_event"", ""sport"", ""kickoff"", ""competition"", ""market_fingerprint"", ""orientation"", ""names_incomplete_or_unrelated""]}"
run:c_37jVB4Bhzay9XEVO3CEONWAfaXcdSfgj_WORvwhumM8,evidence/search-kyoto/batch1/kyoto-201414.json,archive,"[null, null]","[null, null]","{""status"": ""UNKNOWN"", ""requested"": null, ""observed"": null, ""independently_observed"": false, ""direct_link_capture"": false, ""basis"": ""unverified""}","{""status"": ""UNKNOWN"", ""feed"": null, ""page"": null, ""difference_seconds"": null, ""tolerance_seconds"": 120}","{""status"": ""UNKNOWN"", ""feed"": """", ""page"": """"}","{""status"": ""UNKNOWN"", ""feed"": """", ""page"": """", ""approved_mapping"": false, ""reason"": ""unmapped label or conflicting independent evidence""}","{""status"": ""UNKNOWN"", ""alert_market_fingerprint"": null, ""page_market_fingerprint"": null, ""fingerprint_match"": ""UNAVAILABLE""}","{""home"": {""status"": ""UNKNOWN"", ""feed"": null, ""page"": null, ""supplied_by_competition"": false}, ""away"": {""status"": ""UNKNOWN"", ""feed"": null, ""page"": null, ""supplied_by_competition"": false}}","{""home"": {""status"": ""UNKNOWN"", ""feed"": null, ""page"": null, ""supplied_by_competition"": false}, ""away"": {""status"": ""UNKNOWN"", ""feed"": null, ""page"": null, ""supplied_by_competition"": false}}","{""home"": {""status"": ""UNKNOWN"", ""feed"": null, ""page"": null, ""supplied_by_competition"": false}, ""away"": {""status"": ""UNKNOWN"", ""feed"": null, ""page"": null, ""supplied_by_competition"": false}}","{""home"": {""status"": ""UNKNOWN"", ""feed"": null, ""page"": null, ""supplied_by_competition"": false}, ""away"": {""status"": ""UNKNOWN"", ""feed"": null, ""page"": null, ""supplied_by_competition"": false}}","{""home"": {""status"": ""UNKNOWN"", ""feed"": null, ""page"": null, ""supplied_by_competition"": false}, ""away"": {""status"": ""UNKNOWN"", ""feed"": null, ""page"": null, ""supplied_by_competition"": false}}","{""feed"": {""name"": """", ""source"": ""unknown"", ""confidence"": null, ""original_name"": """", ""reread_used"": false, ""dimensions"": {""gender"": null, ""age_group"": null, ""squad_tier"": null, ""reserve"": null, ""academy"": null}}, ""page"": {""name"": null, ""source"": ""ocr"", ""confidence"": null, ""original_name"": null, ""reread_used"": false, ""dimensions"": {""gender"": null, ""age_group"": null, ""squad_tier"": null, ""reserve"": null, ""academy"": null}}, ""kind"": ""MISSING"", ""compatible"": false, ""strong"": false, ""shared_distinctive_tokens"": [], ""similarity"": 0.0}","{""feed"": {""name"": """", ""source"": ""unknown"", ""confidence"": null, ""original_name"": """", ""reread_used"": false, ""dimensions"": {""gender"": null, ""age_group"": null, ""squad_tier"": null, ""reserve"": null, ""academy"": null}}, ""page"": {""name"": null, ""source"": ""ocr"", ""confidence"": null, ""original_name"": null, ""reread_used"": false, ""dimensions"": {""gender"": null, ""age_group"": null, ""squad_tier"": null, ""reserve"": null, ""academy"": null}}, ""kind"": ""MISSING"", ""compatible"": false, ""strong"": false, ""shared_distinctive_tokens"": [], ""similarity"": 0.0}","{""home"": {""original"": {""name"": null, ""source"": ""ocr""}, ""used"": false}, ""away"": {""original"": {""name"": null, ""source"": ""ocr""}, ""used"": false}}",WRONG_EVENT,,AMBIGUOUS,"{""conflicts"": [], ""needs_recheck"": [], ""missing"": [""event_id"", ""event_page"", ""competing_event"", ""sport"", ""kickoff"", ""competition"", ""market_fingerprint"", ""orientation"", ""names_incomplete_or_unrelated""]}"
run:c_3ApI6SSi0c2m2RE2pkv5SxpwaNBPfuCIWX_AM8cgC5Q,evidence/football/captures/fb-vihiga-spread-w-102815/capture.json;evidence/football/captures/session-102830.json,archive,"[""Vihiga Queens"", ""Ulinzi Starlets""]","[""Vihiga Queens FC (W)"", ""Ulinzi Starlets (W)""]","{""status"": ""UNKNOWN"", ""requested"": ""201829714"", ""observed"": null, ""independently_observed"": false, ""direct_link_capture"": false, ""basis"": ""unverified""}","{""status"": ""UNKNOWN"", ""feed"": null, ""page"": null, ""difference_seconds"": null, ""tolerance_seconds"": 120}","{""status"": ""UNKNOWN"", ""feed"": """", ""page"": """"}","{""status"": ""UNKNOWN"", ""feed"": """", ""page"": """", ""approved_mapping"": false, ""reason"": ""unmapped label or conflicting independent evidence""}","{""status"": ""UNKNOWN"", ""alert_market_fingerprint"": null, ""page_market_fingerprint"": null, ""fingerprint_match"": ""UNAVAILABLE""}","{""home"": {""status"": ""NEEDS_RECHECK"", ""feed"": null, ""page"": ""women"", ""supplied_by_competition"": false}, ""away"": {""status"": ""NEEDS_RECHECK"", ""feed"": null, ""page"": ""women"", ""supplied_by_competition"": false}}","{""home"": {""status"": ""UNKNOWN"", ""feed"": null, ""page"": null, ""supplied_by_competition"": false}, ""away"": {""status"": ""UNKNOWN"", ""feed"": null, ""page"": null, ""supplied_by_competition"": false}}","{""home"": {""status"": ""UNKNOWN"", ""feed"": null, ""page"": null, ""supplied_by_competition"": false}, ""away"": {""status"": ""UNKNOWN"", ""feed"": null, ""page"": null, ""supplied_by_competition"": false}}","{""home"": {""status"": ""UNKNOWN"", ""feed"": null, ""page"": null, ""supplied_by_competition"": false}, ""away"": {""status"": ""UNKNOWN"", ""feed"": null, ""page"": null, ""supplied_by_competition"": false}}","{""home"": {""status"": ""UNKNOWN"", ""feed"": null, ""page"": null, ""supplied_by_competition"": false}, ""away"": {""status"": ""UNKNOWN"", ""feed"": null, ""page"": null, ""supplied_by_competition"": false}}","{""feed"": {""name"": ""Vihiga Queens"", ""source"": ""structured"", ""confidence"": null, ""original_name"": ""Vihiga Queens"", ""reread_used"": false, ""dimensions"": {""gender"": null, ""age_group"": null, ""squad_tier"": null, ""reserve"": null, ""academy"": null}}, ""page"": {""name"": ""Vihiga Queens FC (W)"", ""source"": ""ocr"", ""confidence"": null, ""original_name"": ""Vihiga Queens FC (W)"", ""reread_used"": false, ""dimensions"": {""gender"": ""women"", ""age_group"": null, ""squad_tier"": null, ""reserve"": null, ""academy"": null}}, ""kind"": ""CANONICAL_MATCH"", ""compatible"": true, ""strong"": true, ""shared_distinctive_tokens"": [""queens"", ""vihiga""], ""similarity"": 1.0}","{""feed"": {""name"": ""Ulinzi Starlets"", ""source"": ""structured"", ""confidence"": null, ""original_name"": ""Ulinzi Starlets"", ""reread_used"": false, ""dimensions"": {""gender"": null, ""age_group"": null, ""squad_tier"": null, ""reserve"": null, ""academy"": null}}, ""page"": {""name"": ""Ulinzi Starlets (W)"", ""source"": ""ocr"", ""confidence"": null, ""original_name"": ""Ulinzi Starlets (W)"", ""reread_used"": false, ""dimensions"": {""gender"": ""women"", ""age_group"": null, ""squad_tier"": null, ""reserve"": null, ""academy"": null}}, ""kind"": ""CANONICAL_MATCH"", ""compatible"": true, ""strong"": true, ""shared_distinctive_tokens"": [""starlets"", ""ulinzi""], ""similarity"": 1.0}","{""home"": {""original"": {""name"": ""Vihiga Queens FC (W)"", ""source"": ""ocr""}, ""used"": false}, ""away"": {""original"": {""name"": ""Ulinzi Starlets (W)"", ""source"": ""ocr""}, ""used"": false}}",ALIAS_REQUIRED,AMBIGUOUS,NEEDS_RECHECK,"{""conflicts"": [], ""needs_recheck"": [""home_gender"", ""away_gender""], ""missing"": [""event_id"", ""event_page"", ""competing_event"", ""sport"", ""kickoff"", ""competition"", ""market_fingerprint"", ""orientation""]}"
run:c_3GhgeTKnyfdZPd20puOt71MC4uKx0dNfObrG3Ek5o6g,evidence/betslip-proof-0631/proof-spread-104052.json;evidence/betslip-proof-0631/spread-run-result.json,archive,"[null, null]","[null, null]","{""status"": ""UNKNOWN"", ""requested"": null, ""observed"": null, ""independently_observed"": false, ""direct_link_capture"": false, ""basis"": ""unverified""}","{""status"": ""UNKNOWN"", ""feed"": null, ""page"": null, ""difference_seconds"": null, ""tolerance_seconds"": 120}","{""status"": ""UNKNOWN"", ""feed"": """", ""page"": """"}","{""status"": ""UNKNOWN"", ""feed"": """", ""page"": """", ""approved_mapping"": false, ""reason"": ""unmapped label or conflicting independent evidence""}","{""status"": ""UNKNOWN"", ""alert_market_fingerprint"": null, ""page_market_fingerprint"": null, ""fingerprint_match"": ""UNAVAILABLE""}","{""home"": {""status"": ""UNKNOWN"", ""feed"": null, ""page"": null, ""supplied_by_competition"": false}, ""away"": {""status"": ""UNKNOWN"", ""feed"": null, ""page"": null, ""supplied_by_competition"": false}}","{""home"": {""status"": ""UNKNOWN"", ""feed"": null, ""page"": null, ""supplied_by_competition"": false}, ""away"": {""status"": ""UNKNOWN"", ""feed"": null, ""page"": null, ""supplied_by_competition"": false}}","{""home"": {""status"": ""UNKNOWN"", ""feed"": null, ""page"": null, ""supplied_by_competition"": false}, ""away"": {""status"": ""UNKNOWN"", ""feed"": null, ""page"": null, ""supplied_by_competition"": false}}","{""home"": {""status"": ""UNKNOWN"", ""feed"": null, ""page"": null, ""supplied_by_competition"": false}, ""away"": {""status"": ""UNKNOWN"", ""feed"": null, ""page"": null, ""supplied_by_competition"": false}}","{""home"": {""status"": ""UNKNOWN"", ""feed"": null, ""page"": null, ""supplied_by_competition"": false}, ""away"": {""status"": ""UNKNOWN"", ""feed"": null, ""page"": null, ""supplied_by_competition"": false}}","{""feed"": {""name"": """", ""source"": ""unknown"", ""confidence"": null, ""original_name"": """", ""reread_used"": false, ""dimensions"": {""gender"": null, ""age_group"": null, ""squad_tier"": null, ""reserve"": null, ""academy"": null}}, ""page"": {""name"": null, ""source"": ""ocr"", ""confidence"": null, ""original_name"": null, ""reread_used"": false, ""dimensions"": {""gender"": null, ""age_group"": null, ""squad_tier"": null, ""reserve"": null, ""academy"": null}}, ""kind"": ""MISSING"", ""compatible"": false, ""strong"": false, ""shared_distinctive_tokens"": [], ""similarity"": 0.0}","{""feed"": {""name"": """", ""source"": ""unknown"", ""confidence"": null, ""original_name"": """", ""reread_used"": false, ""dimensions"": {""gender"": null, ""age_group"": null, ""squad_tier"": null, ""reserve"": null, ""academy"": null}}, ""page"": {""name"": null, ""source"": ""ocr"", ""confidence"": null, ""original_name"": null, ""reread_used"": false, ""dimensions"": {""gender"": null, ""age_group"": null, ""squad_tier"": null, ""reserve"": null, ""academy"": null}}, ""kind"": ""MISSING"", ""compatible"": false, ""strong"": false, ""shared_distinctive_tokens"": [], ""similarity"": 0.0}","{""home"": {""original"": {""name"": null, ""source"": ""ocr""}, ""used"": false}, ""away"": {""original"": {""name"": null, ""source"": ""ocr""}, ""used"": false}}",WRONG_EVENT,,AMBIGUOUS,"{""conflicts"": [], ""needs_recheck"": [], ""missing"": [""event_id"", ""event_page"", ""competing_event"", ""sport"", ""kickoff"", ""competition"", ""market_fingerprint"", ""orientation"", ""names_incomplete_or_unrelated""]}"
lan-1789944114-missing,evidence/fixture/coordinator-regression/missing/result.json;evidence/fixture/coordinator-regression/results.json,archive,"[null, null]","[null, null]","{""status"": ""UNKNOWN"", ""requested"": null, ""observed"": null, ""independently_observed"": false, ""direct_link_capture"": false, ""basis"": ""unverified""}","{""status"": ""UNKNOWN"", ""feed"": null, ""page"": null, ""difference_seconds"": null, ""tolerance_seconds"": 120}","{""status"": ""UNKNOWN"", ""feed"": """", ""page"": """"}","{""status"": ""UNKNOWN"", ""feed"": """", ""page"": """", ""approved_mapping"": false, ""reason"": ""unmapped label or conflicting independent evidence""}","{""status"": ""UNKNOWN"", ""alert_market_fingerprint"": null, ""page_market_fingerprint"": null, ""fingerprint_match"": ""UNAVAILABLE""}","{""home"": {""status"": ""UNKNOWN"", ""feed"": null, ""page"": null, ""supplied_by_competition"": false}, ""away"": {""status"": ""UNKNOWN"", ""feed"": null, ""page"": null, ""supplied_by_competition"": false}}","{""home"": {""status"": ""UNKNOWN"", ""feed"": null, ""page"": null, ""supplied_by_competition"": false}, ""away"": {""status"": ""UNKNOWN"", ""feed"": null, ""page"": null, ""supplied_by_competition"": false}}","{""home"": {""status"": ""UNKNOWN"", ""feed"": null, ""page"": null, ""supplied_by_competition"": false}, ""away"": {""status"": ""UNKNOWN"", ""feed"": null, ""page"": null, ""supplied_by_competition"": false}}","{""home"": {""status"": ""UNKNOWN"", ""feed"": null, ""page"": null, ""supplied_by_competition"": false}, ""away"": {""status"": ""UNKNOWN"", ""feed"": null, ""page"": null, ""supplied_by_competition"": false}}","{""home"": {""status"": ""UNKNOWN"", ""feed"": null, ""page"": null, ""supplied_by_competition"": false}, ""away"": {""status"": ""UNKNOWN"", ""feed"": null, ""page"": null, ""supplied_by_competition"": false}}","{""feed"": {""name"": """", ""source"": ""unknown"", ""confidence"": null, ""original_name"": """", ""reread_used"": false, ""dimensions"": {""gender"": null, ""age_group"": null, ""squad_tier"": null, ""reserve"": null, ""academy"": null}}, ""page"": {""name"": null, ""source"": ""ocr"", ""confidence"": null, ""original_name"": null, ""reread_used"": false, ""dimensions"": {""gender"": null, ""age_group"": null, ""squad_tier"": null, ""reserve"": null, ""academy"": null}}, ""kind"": ""MISSING"", ""compatible"": false, ""strong"": false, ""shared_distinctive_tokens"": [], ""similarity"": 0.0}","{""feed"": {""name"": """", ""source"": ""unknown"", ""confidence"": null, ""original_name"": """", ""reread_used"": false, ""dimensions"": {""gender"": null, ""age_group"": null, ""squad_tier"": null, ""reserve"": null, ""academy"": null}}, ""page"": {""name"": null, ""source"": ""ocr"", ""confidence"": null, ""original_name"": null, ""reread_used"": false, ""dimensions"": {""gender"": null, ""age_group"": null, ""squad_tier"": null, ""reserve"": null, ""academy"": null}}, ""kind"": ""MISSING"", ""compatible"": false, ""strong"": false, ""shared_distinctive_tokens"": [], ""similarity"": 0.0}","{""home"": {""original"": {""name"": null, ""source"": ""ocr""}, ""used"": false}, ""away"": {""original"": {""name"": null, ""source"": ""ocr""}, ""used"": false}}",TARGET_NOT_FOUND,,AMBIGUOUS,"{""conflicts"": [], ""needs_recheck"": [], ""missing"": [""event_id"", ""event_page"", ""competing_event"", ""sport"", ""kickoff"", ""competition"", ""market_fingerprint"", ""orientation"", ""names_incomplete_or_unrelated""]}"
forensic-1790366148-moved-line,evidence/strategy-audit/phone/run-1790366148/moved-line.json,archive,"[""Kirchheim"", ""SBB Baskets Wolmirstedt""]","[""Kirchheim"", ""SBB Baskets Wolmirstedt""]","{""status"": ""UNKNOWN"", ""requested"": ""26748183"", ""observed"": null, ""independently_observed"": false, ""direct_link_capture"": false, ""basis"": ""unverified""}","{""status"": ""UNKNOWN"", ""feed"": ""2026-09-26T16:00:00+00:00"", ""page"": null, ""difference_seconds"": null, ""tolerance_seconds"": 120}","{""status"": ""UNKNOWN"", ""feed"": ""basketball"", ""page"": """"}","{""status"": ""UNKNOWN"", ""feed"": ""germany pro a 26 sep 17 00"", ""page"": """", ""approved_mapping"": false, ""reason"": ""unmapped label or conflicting independent evidence""}","{""status"": ""UNKNOWN"", ""alert_market_fingerprint"": null, ""page_market_fingerprint"": null, ""fingerprint_match"": ""UNAVAILABLE""}","{""home"": {""status"": ""UNKNOWN"", ""feed"": null, ""page"": null, ""supplied_by_competition"": false}, ""away"": {""status"": ""UNKNOWN"", ""feed"": null, ""page"": null, ""supplied_by_competition"": false}}","{""home"": {""status"": ""UNKNOWN"", ""feed"": null, ""page"": null, ""supplied_by_competition"": false}, ""away"": {""status"": ""UNKNOWN"", ""feed"": null, ""page"": null, ""supplied_by_competition"": false}}","{""home"": {""status"": ""UNKNOWN"", ""feed"": null, ""page"": null, ""supplied_by_competition"": false}, ""away"": {""status"": ""UNKNOWN"", ""feed"": null, ""page"": null, ""supplied_by_competition"": false}}","{""home"": {""status"": ""UNKNOWN"", ""feed"": null, ""page"": null, ""supplied_by_competition"": false}, ""away"": {""status"": ""UNKNOWN"", ""feed"": null, ""page"": null, ""supplied_by_competition"": false}}","{""home"": {""status"": ""UNKNOWN"", ""feed"": null, ""page"": null, ""supplied_by_competition"": false}, ""away"": {""status"": ""UNKNOWN"", ""feed"": null, ""page"": null, ""supplied_by_competition"": false}}","{""feed"": {""name"": ""Kirchheim"", ""source"": ""structured"", ""confidence"": null, ""original_name"": ""Kirchheim"", ""reread_used"": false, ""dimensions"": {""gender"": null, ""age_group"": null, ""squad_tier"": null, ""reserve"": null, ""academy"": null}}, ""page"": {""name"": ""Kirchheim"", ""source"": ""ocr"", ""confidence"": null, ""original_name"": ""Kirchheim"", ""reread_used"": false, ""dimensions"": {""gender"": null, ""age_group"": null, ""squad_tier"": null, ""reserve"": null, ""academy"": null}}, ""kind"": ""EXACT"", ""compatible"": true, ""strong"": true, ""shared_distinctive_tokens"": [""kirchheim""], ""similarity"": 1.0}","{""feed"": {""name"": ""SBB Baskets Wolmirstedt"", ""source"": ""structured"", ""confidence"": null, ""original_name"": ""SBB Baskets Wolmirstedt"", ""reread_used"": false, ""dimensions"": {""gender"": null, ""age_group"": null, ""squad_tier"": null, ""reserve"": null, ""academy"": null}}, ""page"": {""name"": ""SBB Baskets Wolmirstedt"", ""source"": ""ocr"", ""confidence"": null, ""original_name"": ""SBB Baskets Wolmirstedt"", ""reread_used"": false, ""dimensions"": {""gender"": null, ""age_group"": null, ""squad_tier"": null, ""reserve"": null, ""academy"": null}}, ""kind"": ""EXACT"", ""compatible"": true, ""strong"": true, ""shared_distinctive_tokens"": [""baskets"", ""sbb"", ""wolmirstedt""], ""similarity"": 1.0}","{""home"": {""original"": {""name"": ""Kirchheim"", ""source"": ""ocr""}, ""used"": false}, ""away"": {""original"": {""name"": ""SBB Baskets Wolmirstedt"", ""source"": ""ocr""}, ""used"": false}}",TARGET_NOT_FOUND,EXACT,AMBIGUOUS,"{""conflicts"": [], ""needs_recheck"": [], ""missing"": [""event_id"", ""event_page"", ""competing_event"", ""sport"", ""kickoff"", ""competition"", ""market_fingerprint"", ""orientation""]}"
tzprobe-1790441023-7,evidence/timezone-probe/run-1790440976/7.json;evidence/timezone-probe/run-1790440976/summary.json,archive,"[""Defensor Sporting"", ""Malvin""]","[""Defensor Sporting (W)"", ""Malvin (W)""]","{""status"": ""UNKNOWN"", ""requested"": ""26822673"", ""observed"": null, ""independently_observed"": false, ""direct_link_capture"": false, ""basis"": ""unverified""}","{""status"": ""UNKNOWN"", ""feed"": ""2026-09-27T00:45:00+00:00"", ""page"": null, ""difference_seconds"": null, ""tolerance_seconds"": 120}","{""status"": ""UNKNOWN"", ""feed"": ""basketball"", ""page"": """"}","{""status"": ""UNKNOWN"", ""feed"": ""liga femenina"", ""page"": """", ""approved_mapping"": false, ""reason"": ""unmapped label or conflicting independent evidence""}","{""status"": ""UNKNOWN"", ""alert_market_fingerprint"": null, ""page_market_fingerprint"": null, ""fingerprint_match"": ""UNAVAILABLE""}","{""home"": {""status"": ""NEEDS_RECHECK"", ""feed"": null, ""page"": ""women"", ""supplied_by_competition"": false}, ""away"": {""status"": ""NEEDS_RECHECK"", ""feed"": null, ""page"": ""women"", ""supplied_by_competition"": false}}","{""home"": {""status"": ""UNKNOWN"", ""feed"": null, ""page"": null, ""supplied_by_competition"": false}, ""away"": {""status"": ""UNKNOWN"", ""feed"": null, ""page"": null, ""supplied_by_competition"": false}}","{""home"": {""status"": ""UNKNOWN"", ""feed"": null, ""page"": null, ""supplied_by_competition"": false}, ""away"": {""status"": ""UNKNOWN"", ""feed"": null, ""page"": null, ""supplied_by_competition"": false}}","{""home"": {""status"": ""UNKNOWN"", ""feed"": null, ""page"": null, ""supplied_by_competition"": false}, ""away"": {""status"": ""UNKNOWN"", ""feed"": null, ""page"": null, ""supplied_by_competition"": false}}","{""home"": {""status"": ""UNKNOWN"", ""feed"": null, ""page"": null, ""supplied_by_competition"": false}, ""away"": {""status"": ""UNKNOWN"", ""feed"": null, ""page"": null, ""supplied_by_competition"": false}}","{""feed"": {""name"": ""Defensor Sporting"", ""source"": ""structured"", ""confidence"": null, ""original_name"": ""Defensor Sporting"", ""reread_used"": false, ""dimensions"": {""gender"": null, ""age_group"": null, ""squad_tier"": null, ""reserve"": null, ""academy"": null}}, ""page"": {""name"": ""Defensor Sporting (W)"", ""source"": ""ocr"", ""confidence"": null, ""original_name"": ""Defensor Sporting (W)"", ""reread_used"": false, ""dimensions"": {""gender"": ""women"", ""age_group"": null, ""squad_tier"": null, ""reserve"": null, ""academy"": null}}, ""kind"": ""CANONICAL_MATCH"", ""compatible"": true, ""strong"": true, ""shared_distinctive_tokens"": [""defensor"", ""sporting""], ""similarity"": 1.0}","{""feed"": {""name"": ""Malvin"", ""source"": ""structured"", ""confidence"": null, ""original_name"": ""Malvin"", ""reread_used"": false, ""dimensions"": {""gender"": null, ""age_group"": null, ""squad_tier"": null, ""reserve"": null, ""academy"": null}}, ""page"": {""name"": ""Malvin (W)"", ""source"": ""ocr"", ""confidence"": null, ""original_name"": ""Malvin (W)"", ""reread_used"": false, ""dimensions"": {""gender"": ""women"", ""age_group"": null, ""squad_tier"": null, ""reserve"": null, ""academy"": null}}, ""kind"": ""CANONICAL_MATCH"", ""compatible"": true, ""strong"": true, ""shared_distinctive_tokens"": [""malvin""], ""similarity"": 1.0}","{""home"": {""original"": {""name"": ""Defensor Sporting (W)"", ""source"": ""ocr""}, ""used"": false}, ""away"": {""original"": {""name"": ""Malvin (W)"", ""source"": ""ocr""}, ""used"": false}}",WRONG_EVENT,MISMATCH,NEEDS_RECHECK,"{""conflicts"": [], ""needs_recheck"": [""home_gender"", ""away_gender""], ""missing"": [""event_id"", ""event_page"", ""competing_event"", ""sport"", ""kickoff"", ""competition"", ""market_fingerprint"", ""orientation""]}"
run:c_4u0USTXacwZaL-Kis5y8xZ74kD-3Nr5qyfiUTYW-V3I,evidence/search-kyoto/batch1/kyoto-201154.json,archive,"[null, null]","[null, null]","{""status"": ""UNKNOWN"", ""requested"": null, ""observed"": null, ""independently_observed"": false, ""direct_link_capture"": false, ""basis"": ""unverified""}","{""status"": ""UNKNOWN"", ""feed"": null, ""page"": null, ""difference_seconds"": null, ""tolerance_seconds"": 120}","{""status"": ""UNKNOWN"", ""feed"": """", ""page"": """"}","{""status"": ""UNKNOWN"", ""feed"": """", ""page"": """", ""approved_mapping"": false, ""reason"": ""unmapped label or conflicting independent evidence""}","{""status"": ""UNKNOWN"", ""alert_market_fingerprint"": null, ""page_market_fingerprint"": null, ""fingerprint_match"": ""UNAVAILABLE""}","{""home"": {""status"": ""UNKNOWN"", ""feed"": null, ""page"": null, ""supplied_by_competition"": false}, ""away"": {""status"": ""UNKNOWN"", ""feed"": null, ""page"": null, ""supplied_by_competition"": false}}","{""home"": {""status"": ""UNKNOWN"", ""feed"": null, ""page"": null, ""supplied_by_competition"": false}, ""away"": {""status"": ""UNKNOWN"", ""feed"": null, ""page"": null, ""supplied_by_competition"": false}}","{""home"": {""status"": ""UNKNOWN"", ""feed"": null, ""page"": null, ""supplied_by_competition"": false}, ""away"": {""status"": ""UNKNOWN"", ""feed"": null, ""page"": null, ""supplied_by_competition"": false}}","{""home"": {""status"": ""UNKNOWN"", ""feed"": null, ""page"": null, ""supplied_by_competition"": false}, ""away"": {""status"": ""UNKNOWN"", ""feed"": null, ""page"": null, ""supplied_by_competition"": false}}","{""home"": {""status"": ""UNKNOWN"", ""feed"": null, ""page"": null, ""supplied_by_competition"": false}, ""away"": {""status"": ""UNKNOWN"", ""feed"": null, ""page"": null, ""supplied_by_competition"": false}}","{""feed"": {""name"": """", ""source"": ""unknown"", ""confidence"": null, ""original_name"": """", ""reread_used"": false, ""dimensions"": {""gender"": null, ""age_group"": null, ""squad_tier"": null, ""reserve"": null, ""academy"": null}}, ""page"": {""name"": null, ""source"": ""ocr"", ""confidence"": null, ""original_name"": null, ""reread_used"": false, ""dimensions"": {""gender"": null, ""age_group"": null, ""squad_tier"": null, ""reserve"": null, ""academy"": null}}, ""kind"": ""MISSING"", ""compatible"": false, ""strong"": false, ""shared_distinctive_tokens"": [], ""similarity"": 0.0}","{""feed"": {""name"": """", ""source"": ""unknown"", ""confidence"": null, ""original_name"": """", ""reread_used"": false, ""dimensions"": {""gender"": null, ""age_group"": null, ""squad_tier"": null, ""reserve"": null, ""academy"": null}}, ""page"": {""name"": null, ""source"": ""ocr"", ""confidence"": null, ""original_name"": null, ""reread_used"": false, ""dimensions"": {""gender"": null, ""age_group"": null, ""squad_tier"": null, ""reserve"": null, ""academy"": null}}, ""kind"": ""MISSING"", ""compatible"": false, ""strong"": false, ""shared_distinctive_tokens"": [], ""similarity"": 0.0}","{""home"": {""original"": {""name"": null, ""source"": ""ocr""}, ""used"": false}, ""away"": {""original"": {""name"": null, ""source"": ""ocr""}, ""used"": false}}",WRONG_EVENT,,AMBIGUOUS,"{""conflicts"": [], ""needs_recheck"": [], ""missing"": [""event_id"", ""event_page"", ""competing_event"", ""sport"", ""kickoff"", ""competition"", ""market_fingerprint"", ""orientation"", ""names_incomplete_or_unrelated""]}"
run:c_7R5O3gY0dIDRpcEPyshIWVC1VDnfsqHIq7vUd65ah8Q,evidence/search-kyoto/batch1/kyoto-201631.json,archive,"[null, null]","[null, null]","{""status"": ""UNKNOWN"", ""requested"": null, ""observed"": null, ""independently_observed"": false, ""direct_link_capture"": false, ""basis"": ""unverified""}","{""status"": ""UNKNOWN"", ""feed"": null, ""page"": null, ""difference_seconds"": null, ""tolerance_seconds"": 120}","{""status"": ""UNKNOWN"", ""feed"": """", ""page"": """"}","{""status"": ""UNKNOWN"", ""feed"": """", ""page"": """", ""approved_mapping"": false, ""reason"": ""unmapped label or conflicting independent evidence""}","{""status"": ""UNKNOWN"", ""alert_market_fingerprint"": null, ""page_market_fingerprint"": null, ""fingerprint_match"": ""UNAVAILABLE""}","{""home"": {""status"": ""UNKNOWN"", ""feed"": null, ""page"": null, ""supplied_by_competition"": false}, ""away"": {""status"": ""UNKNOWN"", ""feed"": null, ""page"": null, ""supplied_by_competition"": false}}","{""home"": {""status"": ""UNKNOWN"", ""feed"": null, ""page"": null, ""supplied_by_competition"": false}, ""away"": {""status"": ""UNKNOWN"", ""feed"": null, ""page"": null, ""supplied_by_competition"": false}}","{""home"": {""status"": ""UNKNOWN"", ""feed"": null, ""page"": null, ""supplied_by_competition"": false}, ""away"": {""status"": ""UNKNOWN"", ""feed"": null, ""page"": null, ""supplied_by_competition"": false}}","{""home"": {""status"": ""UNKNOWN"", ""feed"": null, ""page"": null, ""supplied_by_competition"": false}, ""away"": {""status"": ""UNKNOWN"", ""feed"": null, ""page"": null, ""supplied_by_competition"": false}}","{""home"": {""status"": ""UNKNOWN"", ""feed"": null, ""page"": null, ""supplied_by_competition"": false}, ""away"": {""status"": ""UNKNOWN"", ""feed"": null, ""page"": null, ""supplied_by_competition"": false}}","{""feed"": {""name"": """", ""source"": ""unknown"", ""confidence"": null, ""original_name"": """", ""reread_used"": false, ""dimensions"": {""gender"": null, ""age_group"": null, ""squad_tier"": null, ""reserve"": null, ""academy"": null}}, ""page"": {""name"": null, ""source"": ""ocr"", ""confidence"": null, ""original_name"": null, ""reread_used"": false, ""dimensions"": {""gender"": null, ""age_group"": null, ""squad_tier"": null, ""reserve"": null, ""academy"": null}}, ""kind"": ""MISSING"", ""compatible"": false, ""strong"": false, ""shared_distinctive_tokens"": [], ""similarity"": 0.0}","{""feed"": {""name"": """", ""source"": ""unknown"", ""confidence"": null, ""original_name"": """", ""reread_used"": false, ""dimensions"": {""gender"": null, ""age_group"": null, ""squad_tier"": null, ""reserve"": null, ""academy"": null}}, ""page"": {""name"": null, ""source"": ""ocr"", ""confidence"": null, ""original_name"": null, ""reread_used"": false, ""dimensions"": {""gender"": null, ""age_group"": null, ""squad_tier"": null, ""reserve"": null, ""academy"": null}}, ""kind"": ""MISSING"", ""compatible"": false, ""strong"": false, ""shared_distinctive_tokens"": [], ""similarity"": 0.0}","{""home"": {""original"": {""name"": null, ""source"": ""ocr""}, ""used"": false}, ""away"": {""original"": {""name"": null, ""source"": ""ocr""}, ""used"": false}}",WRONG_EVENT,,AMBIGUOUS,"{""conflicts"": [], ""needs_recheck"": [], ""missing"": [""event_id"", ""event_page"", ""competing_event"", ""sport"", ""kickoff"", ""competition"", ""market_fingerprint"", ""orientation"", ""names_incomplete_or_unrelated""]}"
run:c_8uwtDedTTNkpouKYWkRAtM3WyhUCxrWOxK6IY7ULULo,evidence/stage-timeout-gunma-proof/gunma-evidence.json;evidence/stage-timeout-gunma-proof/gunma-result.json,archive,"[null, null]","[null, null]","{""status"": ""UNKNOWN"", ""requested"": null, ""observed"": null, ""independently_observed"": false, ""direct_link_capture"": false, ""basis"": ""unverified""}","{""status"": ""UNKNOWN"", ""feed"": null, ""page"": null, ""difference_seconds"": null, ""tolerance_seconds"": 120}","{""status"": ""UNKNOWN"", ""feed"": """", ""page"": """"}","{""status"": ""UNKNOWN"", ""feed"": """", ""page"": """", ""approved_mapping"": false, ""reason"": ""unmapped label or conflicting independent evidence""}","{""status"": ""UNKNOWN"", ""alert_market_fingerprint"": null, ""page_market_fingerprint"": null, ""fingerprint_match"": ""UNAVAILABLE""}","{""home"": {""status"": ""UNKNOWN"", ""feed"": null, ""page"": null, ""supplied_by_competition"": false}, ""away"": {""status"": ""UNKNOWN"", ""feed"": null, ""page"": null, ""supplied_by_competition"": false}}","{""home"": {""status"": ""UNKNOWN"", ""feed"": null, ""page"": null, ""supplied_by_competition"": false}, ""away"": {""status"": ""UNKNOWN"", ""feed"": null, ""page"": null, ""supplied_by_competition"": false}}","{""home"": {""status"": ""UNKNOWN"", ""feed"": null, ""page"": null, ""supplied_by_competition"": false}, ""away"": {""status"": ""UNKNOWN"", ""feed"": null, ""page"": null, ""supplied_by_competition"": false}}","{""home"": {""status"": ""UNKNOWN"", ""feed"": null, ""page"": null, ""supplied_by_competition"": false}, ""away"": {""status"": ""UNKNOWN"", ""feed"": null, ""page"": null, ""supplied_by_competition"": false}}","{""home"": {""status"": ""UNKNOWN"", ""feed"": null, ""page"": null, ""supplied_by_competition"": false}, ""away"": {""status"": ""UNKNOWN"", ""feed"": null, ""page"": null, ""supplied_by_competition"": false}}","{""feed"": {""name"": """", ""source"": ""unknown"", ""confidence"": null, ""original_name"": """", ""reread_used"": false, ""dimensions"": {""gender"": null, ""age_group"": null, ""squad_tier"": null, ""reserve"": null, ""academy"": null}}, ""page"": {""name"": null, ""source"": ""ocr"", ""confidence"": null, ""original_name"": null, ""reread_used"": false, ""dimensions"": {""gender"": null, ""age_group"": null, ""squad_tier"": null, ""reserve"": null, ""academy"": null}}, ""kind"": ""MISSING"", ""compatible"": false, ""strong"": false, ""shared_distinctive_tokens"": [], ""similarity"": 0.0}","{""feed"": {""name"": """", ""source"": ""unknown"", ""confidence"": null, ""original_name"": """", ""reread_used"": false, ""dimensions"": {""gender"": null, ""age_group"": null, ""squad_tier"": null, ""reserve"": null, ""academy"": null}}, ""page"": {""name"": null, ""source"": ""ocr"", ""confidence"": null, ""original_name"": null, ""reread_used"": false, ""dimensions"": {""gender"": null, ""age_group"": null, ""squad_tier"": null, ""reserve"": null, ""academy"": null}}, ""kind"": ""MISSING"", ""compatible"": false, ""strong"": false, ""shared_distinctive_tokens"": [], ""similarity"": 0.0}","{""home"": {""original"": {""name"": null, ""source"": ""ocr""}, ""used"": false}, ""away"": {""original"": {""name"": null, ""source"": ""ocr""}, ""used"": false}}",WRONG_EVENT,,AMBIGUOUS,"{""conflicts"": [], ""needs_recheck"": [], ""missing"": [""event_id"", ""event_page"", ""competing_event"", ""sport"", ""kickoff"", ""competition"", ""market_fingerprint"", ""orientation"", ""names_incomplete_or_unrelated""]}"
tzprobe-1790441007-5,evidence/timezone-probe/run-1790440976/5.json;evidence/timezone-probe/run-1790440976/summary.json,archive,"[""Flammes Carolo Basket"", ""Lyon""]","[""Flammes Carolo Basket (W)"", ""OL Lyonnes (W)""]","{""status"": ""UNKNOWN"", ""requested"": ""26738521"", ""observed"": null, ""independently_observed"": false, ""direct_link_capture"": false, ""basis"": ""unverified""}","{""status"": ""UNKNOWN"", ""feed"": ""2026-09-26T19:00:00+00:00"", ""page"": null, ""difference_seconds"": null, ""tolerance_seconds"": 120}","{""status"": ""UNKNOWN"", ""feed"": ""basketball"", ""page"": """"}","{""status"": ""UNKNOWN"", ""feed"": ""ligue feminine de basketball"", ""page"": """", ""approved_mapping"": false, ""reason"": ""unmapped label or conflicting independent evidence""}","{""status"": ""UNKNOWN"", ""alert_market_fingerprint"": null, ""page_market_fingerprint"": null, ""fingerprint_match"": ""UNAVAILABLE""}","{""home"": {""status"": ""NEEDS_RECHECK"", ""feed"": null, ""page"": ""women"", ""supplied_by_competition"": false}, ""away"": {""status"": ""NEEDS_RECHECK"", ""feed"": null, ""page"": ""women"", ""supplied_by_competition"": false}}","{""home"": {""status"": ""UNKNOWN"", ""feed"": null, ""page"": null, ""supplied_by_competition"": false}, ""away"": {""status"": ""UNKNOWN"", ""feed"": null, ""page"": null, ""supplied_by_competition"": false}}","{""home"": {""status"": ""UNKNOWN"", ""feed"": null, ""page"": null, ""supplied_by_competition"": false}, ""away"": {""status"": ""UNKNOWN"", ""feed"": null, ""page"": null, ""supplied_by_competition"": false}}","{""home"": {""status"": ""UNKNOWN"", ""feed"": null, ""page"": null, ""supplied_by_competition"": false}, ""away"": {""status"": ""UNKNOWN"", ""feed"": null, ""page"": null, ""supplied_by_competition"": false}}","{""home"": {""status"": ""UNKNOWN"", ""feed"": null, ""page"": null, ""supplied_by_competition"": false}, ""away"": {""status"": ""UNKNOWN"", ""feed"": null, ""page"": null, ""supplied_by_competition"": false}}","{""feed"": {""name"": ""Flammes Carolo Basket"", ""source"": ""structured"", ""confidence"": null, ""original_name"": ""Flammes Carolo Basket"", ""reread_used"": false, ""dimensions"": {""gender"": null, ""age_group"": null, ""squad_tier"": null, ""reserve"": null, ""academy"": null}}, ""page"": {""name"": ""Flammes Carolo Basket (W)"", ""source"": ""ocr"", ""confidence"": null, ""original_name"": ""Flammes Carolo Basket (W)"", ""reread_used"": false, ""dimensions"": {""gender"": ""women"", ""age_group"": null, ""squad_tier"": null, ""reserve"": null, ""academy"": null}}, ""kind"": ""CANONICAL_MATCH"", ""compatible"": true, ""strong"": true, ""shared_distinctive_tokens"": [""carolo"", ""flammes""], ""similarity"": 1.0}","{""feed"": {""name"": ""Lyon"", ""source"": ""structured"", ""confidence"": null, ""original_name"": ""Lyon"", ""reread_used"": false, ""dimensions"": {""gender"": null, ""age_group"": null, ""squad_tier"": null, ""reserve"": null, ""academy"": null}}, ""page"": {""name"": ""OL Lyonnes (W)"", ""source"": ""ocr"", ""confidence"": null, ""original_name"": ""OL Lyonnes (W)"", ""reread_used"": false, ""dimensions"": {""gender"": ""women"", ""age_group"": null, ""squad_tier"": null, ""reserve"": null, ""academy"": null}}, ""kind"": ""UNRELATED"", ""compatible"": false, ""strong"": false, ""shared_distinctive_tokens"": [], ""similarity"": 0.0}","{""home"": {""original"": {""name"": ""Flammes Carolo Basket (W)"", ""source"": ""ocr""}, ""used"": false}, ""away"": {""original"": {""name"": ""OL Lyonnes (W)"", ""source"": ""ocr""}, ""used"": false}}",WRONG_EVENT,MISMATCH,NEEDS_RECHECK,"{""conflicts"": [], ""needs_recheck"": [""home_gender"", ""away_gender""], ""missing"": [""event_id"", ""event_page"", ""competing_event"", ""sport"", ""kickoff"", ""competition"", ""market_fingerprint"", ""orientation"", ""names_incomplete_or_unrelated""]}"
run:c_9UhqcdbWDyS6CTeOYu_UEHspGdoLevUUnxwjK681umM,evidence/stage-timeout-gunma-proof/bb3-evidence.json;evidence/stage-timeout-gunma-proof/bb3-result.json,archive,"[null, null]","[null, null]","{""status"": ""UNKNOWN"", ""requested"": null, ""observed"": null, ""independently_observed"": false, ""direct_link_capture"": false, ""basis"": ""unverified""}","{""status"": ""UNKNOWN"", ""feed"": null, ""page"": null, ""difference_seconds"": null, ""tolerance_seconds"": 120}","{""status"": ""UNKNOWN"", ""feed"": """", ""page"": """"}","{""status"": ""UNKNOWN"", ""feed"": """", ""page"": """", ""approved_mapping"": false, ""reason"": ""unmapped label or conflicting independent evidence""}","{""status"": ""UNKNOWN"", ""alert_market_fingerprint"": null, ""page_market_fingerprint"": null, ""fingerprint_match"": ""UNAVAILABLE""}","{""home"": {""status"": ""UNKNOWN"", ""feed"": null, ""page"": null, ""supplied_by_competition"": false}, ""away"": {""status"": ""UNKNOWN"", ""feed"": null, ""page"": null, ""supplied_by_competition"": false}}","{""home"": {""status"": ""UNKNOWN"", ""feed"": null, ""page"": null, ""supplied_by_competition"": false}, ""away"": {""status"": ""UNKNOWN"", ""feed"": null, ""page"": null, ""supplied_by_competition"": false}}","{""home"": {""status"": ""UNKNOWN"", ""feed"": null, ""page"": null, ""supplied_by_competition"": false}, ""away"": {""status"": ""UNKNOWN"", ""feed"": null, ""page"": null, ""supplied_by_competition"": false}}","{""home"": {""status"": ""UNKNOWN"", ""feed"": null, ""page"": null, ""supplied_by_competition"": false}, ""away"": {""status"": ""UNKNOWN"", ""feed"": null, ""page"": null, ""supplied_by_competition"": false}}","{""home"": {""status"": ""UNKNOWN"", ""feed"": null, ""page"": null, ""supplied_by_competition"": false}, ""away"": {""status"": ""UNKNOWN"", ""feed"": null, ""page"": null, ""supplied_by_competition"": false}}","{""feed"": {""name"": """", ""source"": ""unknown"", ""confidence"": null, ""original_name"": """", ""reread_used"": false, ""dimensions"": {""gender"": null, ""age_group"": null, ""squad_tier"": null, ""reserve"": null, ""academy"": null}}, ""page"": {""name"": null, ""source"": ""ocr"", ""confidence"": null, ""original_name"": null, ""reread_used"": false, ""dimensions"": {""gender"": null, ""age_group"": null, ""squad_tier"": null, ""reserve"": null, ""academy"": null}}, ""kind"": ""MISSING"", ""compatible"": false, ""strong"": false, ""shared_distinctive_tokens"": [], ""similarity"": 0.0}","{""feed"": {""name"": """", ""source"": ""unknown"", ""confidence"": null, ""original_name"": """", ""reread_used"": false, ""dimensions"": {""gender"": null, ""age_group"": null, ""squad_tier"": null, ""reserve"": null, ""academy"": null}}, ""page"": {""name"": null, ""source"": ""ocr"", ""confidence"": null, ""original_name"": null, ""reread_used"": false, ""dimensions"": {""gender"": null, ""age_group"": null, ""squad_tier"": null, ""reserve"": null, ""academy"": null}}, ""kind"": ""MISSING"", ""compatible"": false, ""strong"": false, ""shared_distinctive_tokens"": [], ""similarity"": 0.0}","{""home"": {""original"": {""name"": null, ""source"": ""ocr""}, ""used"": false}, ""away"": {""original"": {""name"": null, ""source"": ""ocr""}, ""used"": false}}",TARGET_NOT_FOUND,,AMBIGUOUS,"{""conflicts"": [], ""needs_recheck"": [], ""missing"": [""event_id"", ""event_page"", ""competing_event"", ""sport"", ""kickoff"", ""competition"", ""market_fingerprint"", ""orientation"", ""names_incomplete_or_unrelated""]}"
e-search-wrong-183030,evidence/automatic-approval/e-search-wrong-1790443830/hold.json,archive,"[""Antwerp Giants"", ""Landstede Zwolle""]","[""Landstede Zwolle"", ""Antwerp Giants""]","{""status"": ""UNKNOWN"", ""requested"": null, ""observed"": null, ""independently_observed"": false, ""direct_link_capture"": false, ""basis"": ""unverified""}","{""status"": ""UNKNOWN"", ""feed"": ""2026-09-26T18:30:00+00:00"", ""page"": null, ""difference_seconds"": null, ""tolerance_seconds"": 120}","{""status"": ""UNKNOWN"", ""feed"": ""basketball"", ""page"": """"}","{""status"": ""UNKNOWN"", ""feed"": ""bnxt super cup"", ""page"": """", ""approved_mapping"": false, ""reason"": ""unmapped label or conflicting independent evidence""}","{""status"": ""UNKNOWN"", ""alert_market_fingerprint"": null, ""page_market_fingerprint"": null, ""fingerprint_match"": ""UNAVAILABLE""}","{""home"": {""status"": ""UNKNOWN"", ""feed"": null, ""page"": null, ""supplied_by_competition"": false}, ""away"": {""status"": ""UNKNOWN"", ""feed"": null, ""page"": null, ""supplied_by_competition"": false}}","{""home"": {""status"": ""UNKNOWN"", ""feed"": null, ""page"": null, ""supplied_by_competition"": false}, ""away"": {""status"": ""UNKNOWN"", ""feed"": null, ""page"": null, ""supplied_by_competition"": false}}","{""home"": {""status"": ""UNKNOWN"", ""feed"": null, ""page"": null, ""supplied_by_competition"": false}, ""away"": {""status"": ""UNKNOWN"", ""feed"": null, ""page"": null, ""supplied_by_competition"": false}}","{""home"": {""status"": ""UNKNOWN"", ""feed"": null, ""page"": null, ""supplied_by_competition"": false}, ""away"": {""status"": ""UNKNOWN"", ""feed"": null, ""page"": null, ""supplied_by_competition"": false}}","{""home"": {""status"": ""UNKNOWN"", ""feed"": null, ""page"": null, ""supplied_by_competition"": false}, ""away"": {""status"": ""UNKNOWN"", ""feed"": null, ""page"": null, ""supplied_by_competition"": false}}","{""feed"": {""name"": ""Antwerp Giants"", ""source"": ""structured"", ""confidence"": null, ""original_name"": ""Antwerp Giants"", ""reread_used"": false, ""dimensions"": {""gender"": null, ""age_group"": null, ""squad_tier"": null, ""reserve"": null, ""academy"": null}}, ""page"": {""name"": ""Landstede Zwolle"", ""source"": ""ocr"", ""confidence"": null, ""original_name"": ""Landstede Zwolle"", ""reread_used"": false, ""dimensions"": {""gender"": null, ""age_group"": null, ""squad_tier"": null, ""reserve"": null, ""academy"": null}}, ""kind"": ""UNRELATED"", ""compatible"": false, ""strong"": false, ""shared_distinctive_tokens"": [], ""similarity"": 0.0}","{""feed"": {""name"": ""Landstede Zwolle"", ""source"": ""structured"", ""confidence"": null, ""original_name"": ""Landstede Zwolle"", ""reread_used"": false, ""dimensions"": {""gender"": null, ""age_group"": null, ""squad_tier"": null, ""reserve"": null, ""academy"": null}}, ""page"": {""name"": ""Antwerp Giants"", ""source"": ""ocr"", ""confidence"": null, ""original_name"": ""Antwerp Giants"", ""reread_used"": false, ""dimensions"": {""gender"": null, ""age_group"": null, ""squad_tier"": null, ""reserve"": null, ""academy"": null}}, ""kind"": ""UNRELATED"", ""compatible"": false, ""strong"": false, ""shared_distinctive_tokens"": [], ""similarity"": 0.0}","{""home"": {""original"": {""name"": ""Landstede Zwolle"", ""source"": ""ocr""}, ""used"": false}, ""away"": {""original"": {""name"": ""Antwerp Giants"", ""source"": ""ocr""}, ""used"": false}}",WRONG_EVENT,MISMATCH,CONFLICT,"{""conflicts"": [""orientation""], ""needs_recheck"": [], ""missing"": [""event_id"", ""event_page"", ""competing_event"", ""sport"", ""kickoff"", ""competition"", ""market_fingerprint"", ""names_incomplete_or_unrelated""]}"
alias_required-231854,evidence/milestone-a/alias_required-231854.json,archive,"[""Besancon"", ""Valdeseine""]","[null, null]","{""status"": ""UNKNOWN"", ""requested"": ""26747385"", ""observed"": null, ""independently_observed"": false, ""direct_link_capture"": false, ""basis"": ""unverified""}","{""status"": ""UNKNOWN"", ""feed"": ""2026-09-25T18:00:00+00:00"", ""page"": null, ""difference_seconds"": null, ""tolerance_seconds"": 120}","{""status"": ""UNKNOWN"", ""feed"": ""basketball"", ""page"": """"}","{""status"": ""UNKNOWN"", ""feed"": """", ""page"": """", ""approved_mapping"": false, ""reason"": ""unmapped label or conflicting independent evidence""}","{""status"": ""UNKNOWN"", ""alert_market_fingerprint"": null, ""page_market_fingerprint"": null, ""fingerprint_match"": ""UNAVAILABLE""}","{""home"": {""status"": ""UNKNOWN"", ""feed"": null, ""page"": null, ""supplied_by_competition"": false}, ""away"": {""status"": ""UNKNOWN"", ""feed"": null, ""page"": null, ""supplied_by_competition"": false}}","{""home"": {""status"": ""UNKNOWN"", ""feed"": null, ""page"": null, ""supplied_by_competition"": false}, ""away"": {""status"": ""UNKNOWN"", ""feed"": null, ""page"": null, ""supplied_by_competition"": false}}","{""home"": {""status"": ""UNKNOWN"", ""feed"": null, ""page"": null, ""supplied_by_competition"": false}, ""away"": {""status"": ""UNKNOWN"", ""feed"": null, ""page"": null, ""supplied_by_competition"": false}}","{""home"": {""status"": ""UNKNOWN"", ""feed"": null, ""page"": null, ""supplied_by_competition"": false}, ""away"": {""status"": ""UNKNOWN"", ""feed"": null, ""page"": null, ""supplied_by_competition"": false}}","{""home"": {""status"": ""UNKNOWN"", ""feed"": null, ""page"": null, ""supplied_by_competition"": false}, ""away"": {""status"": ""UNKNOWN"", ""feed"": null, ""page"": null, ""supplied_by_competition"": false}}","{""feed"": {""name"": ""Besancon"", ""source"": ""structured"", ""confidence"": null, ""original_name"": ""Besancon"", ""reread_used"": false, ""dimensions"": {""gender"": null, ""age_group"": null, ""squad_tier"": null, ""reserve"": null, ""academy"": null}}, ""page"": {""name"": null, ""source"": ""ocr"", ""confidence"": null, ""original_name"": null, ""reread_used"": false, ""dimensions"": {""gender"": null, ""age_group"": null, ""squad_tier"": null, ""reserve"": null, ""academy"": null}}, ""kind"": ""MISSING"", ""compatible"": false, ""strong"": false, ""shared_distinctive_tokens"": [], ""similarity"": 0.0}","{""feed"": {""name"": ""Valdeseine"", ""source"": ""structured"", ""confidence"": null, ""original_name"": ""Valdeseine"", ""reread_used"": false, ""dimensions"": {""gender"": null, ""age_group"": null, ""squad_tier"": null, ""reserve"": null, ""academy"": null}}, ""page"": {""name"": null, ""source"": ""ocr"", ""confidence"": null, ""original_name"": null, ""reread_used"": false, ""dimensions"": {""gender"": null, ""age_group"": null, ""squad_tier"": null, ""reserve"": null, ""academy"": null}}, ""kind"": ""MISSING"", ""compatible"": false, ""strong"": false, ""shared_distinctive_tokens"": [], ""similarity"": 0.0}","{""home"": {""original"": {""name"": null, ""source"": ""ocr""}, ""used"": false}, ""away"": {""original"": {""name"": null, ""source"": ""ocr""}, ""used"": false}}",ALIAS_REQUIRED,,AMBIGUOUS,"{""conflicts"": [], ""needs_recheck"": [], ""missing"": [""event_id"", ""event_page"", ""competing_event"", ""sport"", ""kickoff"", ""competition"", ""market_fingerprint"", ""orientation"", ""names_incomplete_or_unrelated""]}"
wrong_link_fail_closed-002741,evidence/milestone-c/wrong_link_fail_closed-002741.json,archive,"[""Kyoto Hannaryz"", ""Shiga Lake Stars""]","[""Besancon AC"", ""Val de Seine""]","{""status"": ""UNKNOWN"", ""requested"": ""26747385"", ""observed"": null, ""independently_observed"": false, ""direct_link_capture"": false, ""basis"": ""unverified""}","{""status"": ""CONFLICT"", ""feed"": ""2026-09-25T09:35:00+00:00"", ""page"": ""2026-09-25T19:00:00+01:00"", ""difference_seconds"": 30300.0, ""tolerance_seconds"": 120}","{""status"": ""UNKNOWN"", ""feed"": ""basketball"", ""page"": """"}","{""status"": ""UNKNOWN"", ""feed"": """", ""page"": """", ""approved_mapping"": false, ""reason"": ""unmapped label or conflicting independent evidence""}","{""status"": ""UNKNOWN"", ""alert_market_fingerprint"": null, ""page_market_fingerprint"": null, ""fingerprint_match"": ""UNAVAILABLE""}","{""home"": {""status"": ""UNKNOWN"", ""feed"": null, ""page"": null, ""supplied_by_competition"": false}, ""away"": {""status"": ""UNKNOWN"", ""feed"": null, ""page"": null, ""supplied_by_competition"": false}}","{""home"": {""status"": ""UNKNOWN"", ""feed"": null, ""page"": null, ""supplied_by_competition"": false}, ""away"": {""status"": ""UNKNOWN"", ""feed"": null, ""page"": null, ""supplied_by_competition"": false}}","{""home"": {""status"": ""UNKNOWN"", ""feed"": null, ""page"": null, ""supplied_by_competition"": false}, ""away"": {""status"": ""UNKNOWN"", ""feed"": null, ""page"": null, ""supplied_by_competition"": false}}","{""home"": {""status"": ""UNKNOWN"", ""feed"": null, ""page"": null, ""supplied_by_competition"": false}, ""away"": {""status"": ""UNKNOWN"", ""feed"": null, ""page"": null, ""supplied_by_competition"": false}}","{""home"": {""status"": ""UNKNOWN"", ""feed"": null, ""page"": null, ""supplied_by_competition"": false}, ""away"": {""status"": ""UNKNOWN"", ""feed"": null, ""page"": null, ""supplied_by_competition"": false}}","{""feed"": {""name"": ""Kyoto Hannaryz"", ""source"": ""structured"", ""confidence"": null, ""original_name"": ""Kyoto Hannaryz"", ""reread_used"": false, ""dimensions"": {""gender"": null, ""age_group"": null, ""squad_tier"": null, ""reserve"": null, ""academy"": null}}, ""page"": {""name"": ""Besancon AC"", ""source"": ""ocr"", ""confidence"": null, ""original_name"": ""Besancon AC"", ""reread_used"": false, ""dimensions"": {""gender"": null, ""age_group"": null, ""squad_tier"": null, ""reserve"": null, ""academy"": null}}, ""kind"": ""UNRELATED"", ""compatible"": false, ""strong"": false, ""shared_distinctive_tokens"": [], ""similarity"": 0.0}","{""feed"": {""name"": ""Shiga Lake Stars"", ""source"": ""structured"", ""confidence"": null, ""original_name"": ""Shiga Lake Stars"", ""reread_used"": false, ""dimensions"": {""gender"": null, ""age_group"": null, ""squad_tier"": null, ""reserve"": null, ""academy"": null}}, ""page"": {""name"": ""Val de Seine"", ""source"": ""ocr"", ""confidence"": null, ""original_name"": ""Val de Seine"", ""reread_used"": false, ""dimensions"": {""gender"": null, ""age_group"": null, ""squad_tier"": null, ""reserve"": null, ""academy"": null}}, ""kind"": ""UNRELATED"", ""compatible"": false, ""strong"": false, ""shared_distinctive_tokens"": [], ""similarity"": 0.0}","{""home"": {""original"": {""name"": ""Besancon AC"", ""source"": ""ocr""}, ""used"": false}, ""away"": {""original"": {""name"": ""Val de Seine"", ""source"": ""ocr""}, ""used"": false}}",WRONG_EVENT,MISMATCH,CONFLICT,"{""conflicts"": [""kickoff""], ""needs_recheck"": [], ""missing"": [""event_id"", ""event_page"", ""competing_event"", ""sport"", ""competition"", ""market_fingerprint"", ""orientation"", ""names_incomplete_or_unrelated""]}"
tzprobe-1790441198-2,evidence/timezone-probe/run-1790441189/2.json;evidence/timezone-probe/run-1790441189/summary.json,archive,"[""UP Mexico"", ""UMAD""]","[""UP Mexico"", ""UMAD""]","{""status"": ""UNKNOWN"", ""requested"": ""26807165"", ""observed"": null, ""independently_observed"": false, ""direct_link_capture"": false, ""basis"": ""unverified""}","{""status"": ""UNKNOWN"", ""feed"": ""2026-09-26T20:30:00+00:00"", ""page"": null, ""difference_seconds"": null, ""tolerance_seconds"": 120}","{""status"": ""UNKNOWN"", ""feed"": ""basketball"", ""page"": """"}","{""status"": ""UNKNOWN"", ""feed"": ""liga abe"", ""page"": """", ""approved_mapping"": false, ""reason"": ""unmapped label or conflicting independent evidence""}","{""status"": ""UNKNOWN"", ""alert_market_fingerprint"": null, ""page_market_fingerprint"": null, ""fingerprint_match"": ""UNAVAILABLE""}","{""home"": {""status"": ""UNKNOWN"", ""feed"": null, ""page"": null, ""supplied_by_competition"": false}, ""away"": {""status"": ""UNKNOWN"", ""feed"": null, ""page"": null, ""supplied_by_competition"": false}}","{""home"": {""status"": ""UNKNOWN"", ""feed"": null, ""page"": null, ""supplied_by_competition"": false}, ""away"": {""status"": ""UNKNOWN"", ""feed"": null, ""page"": null, ""supplied_by_competition"": false}}","{""home"": {""status"": ""UNKNOWN"", ""feed"": null, ""page"": null, ""supplied_by_competition"": false}, ""away"": {""status"": ""UNKNOWN"", ""feed"": null, ""page"": null, ""supplied_by_competition"": false}}","{""home"": {""status"": ""UNKNOWN"", ""feed"": null, ""page"": null, ""supplied_by_competition"": false}, ""away"": {""status"": ""UNKNOWN"", ""feed"": null, ""page"": null, ""supplied_by_competition"": false}}","{""home"": {""status"": ""UNKNOWN"", ""feed"": null, ""page"": null, ""supplied_by_competition"": false}, ""away"": {""status"": ""UNKNOWN"", ""feed"": null, ""page"": null, ""supplied_by_competition"": false}}","{""feed"": {""name"": ""UP Mexico"", ""source"": ""structured"", ""confidence"": null, ""original_name"": ""UP Mexico"", ""reread_used"": false, ""dimensions"": {""gender"": null, ""age_group"": null, ""squad_tier"": null, ""reserve"": null, ""academy"": null}}, ""page"": {""name"": ""UP Mexico"", ""source"": ""ocr"", ""confidence"": null, ""original_name"": ""UP Mexico"", ""reread_used"": false, ""dimensions"": {""gender"": null, ""age_group"": null, ""squad_tier"": null, ""reserve"": null, ""academy"": null}}, ""kind"": ""EXACT"", ""compatible"": true, ""strong"": true, ""shared_distinctive_tokens"": [""mexico"", ""up""], ""similarity"": 1.0}","{""feed"": {""name"": ""UMAD"", ""source"": ""structured"", ""confidence"": null, ""original_name"": ""UMAD"", ""reread_used"": false, ""dimensions"": {""gender"": null, ""age_group"": null, ""squad_tier"": null, ""reserve"": null, ""academy"": null}}, ""page"": {""name"": ""UMAD"", ""source"": ""ocr"", ""confidence"": null, ""original_name"": ""UMAD"", ""reread_used"": false, ""dimensions"": {""gender"": null, ""age_group"": null, ""squad_tier"": null, ""reserve"": null, ""academy"": null}}, ""kind"": ""EXACT"", ""compatible"": true, ""strong"": true, ""shared_distinctive_tokens"": [""umad""], ""similarity"": 1.0}","{""home"": {""original"": {""name"": ""UP Mexico"", ""source"": ""ocr""}, ""used"": false}, ""away"": {""original"": {""name"": ""UMAD"", ""source"": ""ocr""}, ""used"": false}}",ALIAS_REQUIRED,AMBIGUOUS,AMBIGUOUS,"{""conflicts"": [], ""needs_recheck"": [], ""missing"": [""event_id"", ""event_page"", ""competing_event"", ""sport"", ""kickoff"", ""competition"", ""market_fingerprint"", ""orientation""]}"
wrong_link_fail_closed-011034,evidence/task1-stake/wrong_link_fail_closed-011034.json,archive,"[""Kyoto Hannaryz"", ""Shiga Lake Stars""]","[""Besancon AC"", ""Val de Seine""]","{""status"": ""UNKNOWN"", ""requested"": ""26747385"", ""observed"": null, ""independently_observed"": false, ""direct_link_capture"": false, ""basis"": ""unverified""}","{""status"": ""CONFLICT"", ""feed"": ""2026-09-25T09:35:00+00:00"", ""page"": ""2026-09-25T19:00:00+01:00"", ""difference_seconds"": 30300.0, ""tolerance_seconds"": 120}","{""status"": ""UNKNOWN"", ""feed"": ""basketball"", ""page"": """"}","{""status"": ""UNKNOWN"", ""feed"": """", ""page"": """", ""approved_mapping"": false, ""reason"": ""unmapped label or conflicting independent evidence""}","{""status"": ""UNKNOWN"", ""alert_market_fingerprint"": null, ""page_market_fingerprint"": null, ""fingerprint_match"": ""UNAVAILABLE""}","{""home"": {""status"": ""UNKNOWN"", ""feed"": null, ""page"": null, ""supplied_by_competition"": false}, ""away"": {""status"": ""UNKNOWN"", ""feed"": null, ""page"": null, ""supplied_by_competition"": false}}","{""home"": {""status"": ""UNKNOWN"", ""feed"": null, ""page"": null, ""supplied_by_competition"": false}, ""away"": {""status"": ""UNKNOWN"", ""feed"": null, ""page"": null, ""supplied_by_competition"": false}}","{""home"": {""status"": ""UNKNOWN"", ""feed"": null, ""page"": null, ""supplied_by_competition"": false}, ""away"": {""status"": ""UNKNOWN"", ""feed"": null, ""page"": null, ""supplied_by_competition"": false}}","{""home"": {""status"": ""UNKNOWN"", ""feed"": null, ""page"": null, ""supplied_by_competition"": false}, ""away"": {""status"": ""UNKNOWN"", ""feed"": null, ""page"": null, ""supplied_by_competition"": false}}","{""home"": {""status"": ""UNKNOWN"", ""feed"": null, ""page"": null, ""supplied_by_competition"": false}, ""away"": {""status"": ""UNKNOWN"", ""feed"": null, ""page"": null, ""supplied_by_competition"": false}}","{""feed"": {""name"": ""Kyoto Hannaryz"", ""source"": ""structured"", ""confidence"": null, ""original_name"": ""Kyoto Hannaryz"", ""reread_used"": false, ""dimensions"": {""gender"": null, ""age_group"": null, ""squad_tier"": null, ""reserve"": null, ""academy"": null}}, ""page"": {""name"": ""Besancon AC"", ""source"": ""ocr"", ""confidence"": null, ""original_name"": ""Besancon AC"", ""reread_used"": false, ""dimensions"": {""gender"": null, ""age_group"": null, ""squad_tier"": null, ""reserve"": null, ""academy"": null}}, ""kind"": ""UNRELATED"", ""compatible"": false, ""strong"": false, ""shared_distinctive_tokens"": [], ""similarity"": 0.0}","{""feed"": {""name"": ""Shiga Lake Stars"", ""source"": ""structured"", ""confidence"": null, ""original_name"": ""Shiga Lake Stars"", ""reread_used"": false, ""dimensions"": {""gender"": null, ""age_group"": null, ""squad_tier"": null, ""reserve"": null, ""academy"": null}}, ""page"": {""name"": ""Val de Seine"", ""source"": ""ocr"", ""confidence"": null, ""original_name"": ""Val de Seine"", ""reread_used"": false, ""dimensions"": {""gender"": null, ""age_group"": null, ""squad_tier"": null, ""reserve"": null, ""academy"": null}}, ""kind"": ""UNRELATED"", ""compatible"": false, ""strong"": false, ""shared_distinctive_tokens"": [], ""similarity"": 0.0}","{""home"": {""original"": {""name"": ""Besancon AC"", ""source"": ""ocr""}, ""used"": false}, ""away"": {""original"": {""name"": ""Val de Seine"", ""source"": ""ocr""}, ""used"": false}}",WRONG_EVENT,MISMATCH,CONFLICT,"{""conflicts"": [""kickoff""], ""needs_recheck"": [], ""missing"": [""event_id"", ""event_page"", ""competing_event"", ""sport"", ""competition"", ""market_fingerprint"", ""orientation"", ""names_incomplete_or_unrelated""]}"
run:c_E2NGT17c3hdDd8QpbiaDijERLlq4RMiZfaQk4pS2Z84,evidence/betslip-proof-0631/proof-zvezda-111751.json;evidence/betslip-proof-0631/zvezda-run.json,archive,"[null, null]","[null, null]","{""status"": ""UNKNOWN"", ""requested"": null, ""observed"": null, ""independently_observed"": false, ""direct_link_capture"": false, ""basis"": ""unverified""}","{""status"": ""UNKNOWN"", ""feed"": null, ""page"": null, ""difference_seconds"": null, ""tolerance_seconds"": 120}","{""status"": ""UNKNOWN"", ""feed"": """", ""page"": """"}","{""status"": ""UNKNOWN"", ""feed"": """", ""page"": """", ""approved_mapping"": false, ""reason"": ""unmapped label or conflicting independent evidence""}","{""status"": ""UNKNOWN"", ""alert_market_fingerprint"": null, ""page_market_fingerprint"": null, ""fingerprint_match"": ""UNAVAILABLE""}","{""home"": {""status"": ""UNKNOWN"", ""feed"": null, ""page"": null, ""supplied_by_competition"": false}, ""away"": {""status"": ""UNKNOWN"", ""feed"": null, ""page"": null, ""supplied_by_competition"": false}}","{""home"": {""status"": ""UNKNOWN"", ""feed"": null, ""page"": null, ""supplied_by_competition"": false}, ""away"": {""status"": ""UNKNOWN"", ""feed"": null, ""page"": null, ""supplied_by_competition"": false}}","{""home"": {""status"": ""UNKNOWN"", ""feed"": null, ""page"": null, ""supplied_by_competition"": false}, ""away"": {""status"": ""UNKNOWN"", ""feed"": null, ""page"": null, ""supplied_by_competition"": false}}","{""home"": {""status"": ""UNKNOWN"", ""feed"": null, ""page"": null, ""supplied_by_competition"": false}, ""away"": {""status"": ""UNKNOWN"", ""feed"": null, ""page"": null, ""supplied_by_competition"": false}}","{""home"": {""status"": ""UNKNOWN"", ""feed"": null, ""page"": null, ""supplied_by_competition"": false}, ""away"": {""status"": ""UNKNOWN"", ""feed"": null, ""page"": null, ""supplied_by_competition"": false}}","{""feed"": {""name"": """", ""source"": ""unknown"", ""confidence"": null, ""original_name"": """", ""reread_used"": false, ""dimensions"": {""gender"": null, ""age_group"": null, ""squad_tier"": null, ""reserve"": null, ""academy"": null}}, ""page"": {""name"": null, ""source"": ""ocr"", ""confidence"": null, ""original_name"": null, ""reread_used"": false, ""dimensions"": {""gender"": null, ""age_group"": null, ""squad_tier"": null, ""reserve"": null, ""academy"": null}}, ""kind"": ""MISSING"", ""compatible"": false, ""strong"": false, ""shared_distinctive_tokens"": [], ""similarity"": 0.0}","{""feed"": {""name"": """", ""source"": ""unknown"", ""confidence"": null, ""original_name"": """", ""reread_used"": false, ""dimensions"": {""gender"": null, ""age_group"": null, ""squad_tier"": null, ""reserve"": null, ""academy"": null}}, ""page"": {""name"": null, ""source"": ""ocr"", ""confidence"": null, ""original_name"": null, ""reread_used"": false, ""dimensions"": {""gender"": null, ""age_group"": null, ""squad_tier"": null, ""reserve"": null, ""academy"": null}}, ""kind"": ""MISSING"", ""compatible"": false, ""strong"": false, ""shared_distinctive_tokens"": [], ""similarity"": 0.0}","{""home"": {""original"": {""name"": null, ""source"": ""ocr""}, ""used"": false}, ""away"": {""original"": {""name"": null, ""source"": ""ocr""}, ""used"": false}}",WRONG_EVENT,,AMBIGUOUS,"{""conflicts"": [], ""needs_recheck"": [], ""missing"": [""event_id"", ""event_page"", ""competing_event"", ""sport"", ""kickoff"", ""competition"", ""market_fingerprint"", ""orientation"", ""names_incomplete_or_unrelated""]}"
sm-logged-out-login-1790319036,evidence/session-machine/sm-logged-out-login-1790319036.json,archive,"[null, null]","[null, null]","{""status"": ""UNKNOWN"", ""requested"": null, ""observed"": null, ""independently_observed"": false, ""direct_link_capture"": false, ""basis"": ""unverified""}","{""status"": ""UNKNOWN"", ""feed"": null, ""page"": null, ""difference_seconds"": null, ""tolerance_seconds"": 120}","{""status"": ""UNKNOWN"", ""feed"": """", ""page"": """"}","{""status"": ""UNKNOWN"", ""feed"": """", ""page"": """", ""approved_mapping"": false, ""reason"": ""unmapped label or conflicting independent evidence""}","{""status"": ""UNKNOWN"", ""alert_market_fingerprint"": null, ""page_market_fingerprint"": null, ""fingerprint_match"": ""UNAVAILABLE""}","{""home"": {""status"": ""UNKNOWN"", ""feed"": null, ""page"": null, ""supplied_by_competition"": false}, ""away"": {""status"": ""UNKNOWN"", ""feed"": null, ""page"": null, ""supplied_by_competition"": false}}","{""home"": {""status"": ""UNKNOWN"", ""feed"": null, ""page"": null, ""supplied_by_competition"": false}, ""away"": {""status"": ""UNKNOWN"", ""feed"": null, ""page"": null, ""supplied_by_competition"": false}}","{""home"": {""status"": ""UNKNOWN"", ""feed"": null, ""page"": null, ""supplied_by_competition"": false}, ""away"": {""status"": ""UNKNOWN"", ""feed"": null, ""page"": null, ""supplied_by_competition"": false}}","{""home"": {""status"": ""UNKNOWN"", ""feed"": null, ""page"": null, ""supplied_by_competition"": false}, ""away"": {""status"": ""UNKNOWN"", ""feed"": null, ""page"": null, ""supplied_by_competition"": false}}","{""home"": {""status"": ""UNKNOWN"", ""feed"": null, ""page"": null, ""supplied_by_competition"": false}, ""away"": {""status"": ""UNKNOWN"", ""feed"": null, ""page"": null, ""supplied_by_competition"": false}}","{""feed"": {""name"": """", ""source"": ""unknown"", ""confidence"": null, ""original_name"": """", ""reread_used"": false, ""dimensions"": {""gender"": null, ""age_group"": null, ""squad_tier"": null, ""reserve"": null, ""academy"": null}}, ""page"": {""name"": null, ""source"": ""ocr"", ""confidence"": null, ""original_name"": null, ""reread_used"": false, ""dimensions"": {""gender"": null, ""age_group"": null, ""squad_tier"": null, ""reserve"": null, ""academy"": null}}, ""kind"": ""MISSING"", ""compatible"": false, ""strong"": false, ""shared_distinctive_tokens"": [], ""similarity"": 0.0}","{""feed"": {""name"": """", ""source"": ""unknown"", ""confidence"": null, ""original_name"": """", ""reread_used"": false, ""dimensions"": {""gender"": null, ""age_group"": null, ""squad_tier"": null, ""reserve"": null, ""academy"": null}}, ""page"": {""name"": null, ""source"": ""ocr"", ""confidence"": null, ""original_name"": null, ""reread_used"": false, ""dimensions"": {""gender"": null, ""age_group"": null, ""squad_tier"": null, ""reserve"": null, ""academy"": null}}, ""kind"": ""MISSING"", ""compatible"": false, ""strong"": false, ""shared_distinctive_tokens"": [], ""similarity"": 0.0}","{""home"": {""original"": {""name"": null, ""source"": ""ocr""}, ""used"": false}, ""away"": {""original"": {""name"": null, ""source"": ""ocr""}, ""used"": false}}",TARGET_NOT_FOUND,,AMBIGUOUS,"{""conflicts"": [], ""needs_recheck"": [], ""missing"": [""event_id"", ""event_page"", ""competing_event"", ""sport"", ""kickoff"", ""competition"", ""market_fingerprint"", ""orientation"", ""names_incomplete_or_unrelated""]}"
wrong_link_fail_closed-005843,evidence/task1-stake/wrong_link_fail_closed-005843.json,archive,"[""Kyoto Hannaryz"", ""Shiga Lake Stars""]","[""Besancon AC"", ""Val de Seine""]","{""status"": ""UNKNOWN"", ""requested"": ""26747385"", ""observed"": null, ""independently_observed"": false, ""direct_link_capture"": false, ""basis"": ""unverified""}","{""status"": ""CONFLICT"", ""feed"": ""2026-09-25T09:35:00+00:00"", ""page"": ""2026-09-25T19:00:00+01:00"", ""difference_seconds"": 30300.0, ""tolerance_seconds"": 120}","{""status"": ""UNKNOWN"", ""feed"": ""basketball"", ""page"": """"}","{""status"": ""UNKNOWN"", ""feed"": """", ""page"": """", ""approved_mapping"": false, ""reason"": ""unmapped label or conflicting independent evidence""}","{""status"": ""UNKNOWN"", ""alert_market_fingerprint"": null, ""page_market_fingerprint"": null, ""fingerprint_match"": ""UNAVAILABLE""}","{""home"": {""status"": ""UNKNOWN"", ""feed"": null, ""page"": null, ""supplied_by_competition"": false}, ""away"": {""status"": ""UNKNOWN"", ""feed"": null, ""page"": null, ""supplied_by_competition"": false}}","{""home"": {""status"": ""UNKNOWN"", ""feed"": null, ""page"": null, ""supplied_by_competition"": false}, ""away"": {""status"": ""UNKNOWN"", ""feed"": null, ""page"": null, ""supplied_by_competition"": false}}","{""home"": {""status"": ""UNKNOWN"", ""feed"": null, ""page"": null, ""supplied_by_competition"": false}, ""away"": {""status"": ""UNKNOWN"", ""feed"": null, ""page"": null, ""supplied_by_competition"": false}}","{""home"": {""status"": ""UNKNOWN"", ""feed"": null, ""page"": null, ""supplied_by_competition"": false}, ""away"": {""status"": ""UNKNOWN"", ""feed"": null, ""page"": null, ""supplied_by_competition"": false}}","{""home"": {""status"": ""UNKNOWN"", ""feed"": null, ""page"": null, ""supplied_by_competition"": false}, ""away"": {""status"": ""UNKNOWN"", ""feed"": null, ""page"": null, ""supplied_by_competition"": false}}","{""feed"": {""name"": ""Kyoto Hannaryz"", ""source"": ""structured"", ""confidence"": null, ""original_name"": ""Kyoto Hannaryz"", ""reread_used"": false, ""dimensions"": {""gender"": null, ""age_group"": null, ""squad_tier"": null, ""reserve"": null, ""academy"": null}}, ""page"": {""name"": ""Besancon AC"", ""source"": ""ocr"", ""confidence"": null, ""original_name"": ""Besancon AC"", ""reread_used"": false, ""dimensions"": {""gender"": null, ""age_group"": null, ""squad_tier"": null, ""reserve"": null, ""academy"": null}}, ""kind"": ""UNRELATED"", ""compatible"": false, ""strong"": false, ""shared_distinctive_tokens"": [], ""similarity"": 0.0}","{""feed"": {""name"": ""Shiga Lake Stars"", ""source"": ""structured"", ""confidence"": null, ""original_name"": ""Shiga Lake Stars"", ""reread_used"": false, ""dimensions"": {""gender"": null, ""age_group"": null, ""squad_tier"": null, ""reserve"": null, ""academy"": null}}, ""page"": {""name"": ""Val de Seine"", ""source"": ""ocr"", ""confidence"": null, ""original_name"": ""Val de Seine"", ""reread_used"": false, ""dimensions"": {""gender"": null, ""age_group"": null, ""squad_tier"": null, ""reserve"": null, ""academy"": null}}, ""kind"": ""UNRELATED"", ""compatible"": false, ""strong"": false, ""shared_distinctive_tokens"": [], ""similarity"": 0.0}","{""home"": {""original"": {""name"": ""Besancon AC"", ""source"": ""ocr""}, ""used"": false}, ""away"": {""original"": {""name"": ""Val de Seine"", ""source"": ""ocr""}, ""used"": false}}",WRONG_EVENT,MISMATCH,CONFLICT,"{""conflicts"": [""kickoff""], ""needs_recheck"": [], ""missing"": [""event_id"", ""event_page"", ""competing_event"", ""sport"", ""competition"", ""market_fingerprint"", ""orientation"", ""names_incomplete_or_unrelated""]}"
besancon-085702,evidence/women-marker/besancon-085702.json,archive,"[""Besancon"", ""Val De Seine""]","[""Besancon AC"", ""Val de Seine""]","{""status"": ""UNKNOWN"", ""requested"": ""26747385"", ""observed"": null, ""independently_observed"": false, ""direct_link_capture"": false, ""basis"": ""unverified""}","{""status"": ""UNKNOWN"", ""feed"": ""2026-09-25T18:00:00+00:00"", ""page"": null, ""difference_seconds"": null, ""tolerance_seconds"": 120}","{""status"": ""UNKNOWN"", ""feed"": ""basketball"", ""page"": """"}","{""status"": ""UNKNOWN"", ""feed"": """", ""page"": """", ""approved_mapping"": false, ""reason"": ""unmapped label or conflicting independent evidence""}","{""status"": ""UNKNOWN"", ""alert_market_fingerprint"": null, ""page_market_fingerprint"": null, ""fingerprint_match"": ""UNAVAILABLE""}","{""home"": {""status"": ""UNKNOWN"", ""feed"": null, ""page"": null, ""supplied_by_competition"": false}, ""away"": {""status"": ""UNKNOWN"", ""feed"": null, ""page"": null, ""supplied_by_competition"": false}}","{""home"": {""status"": ""UNKNOWN"", ""feed"": null, ""page"": null, ""supplied_by_competition"": false}, ""away"": {""status"": ""UNKNOWN"", ""feed"": null, ""page"": null, ""supplied_by_competition"": false}}","{""home"": {""status"": ""UNKNOWN"", ""feed"": null, ""page"": null, ""supplied_by_competition"": false}, ""away"": {""status"": ""UNKNOWN"", ""feed"": null, ""page"": null, ""supplied_by_competition"": false}}","{""home"": {""status"": ""UNKNOWN"", ""feed"": null, ""page"": null, ""supplied_by_competition"": false}, ""away"": {""status"": ""UNKNOWN"", ""feed"": null, ""page"": null, ""supplied_by_competition"": false}}","{""home"": {""status"": ""UNKNOWN"", ""feed"": null, ""page"": null, ""supplied_by_competition"": false}, ""away"": {""status"": ""UNKNOWN"", ""feed"": null, ""page"": null, ""supplied_by_competition"": false}}","{""feed"": {""name"": ""Besancon"", ""source"": ""structured"", ""confidence"": null, ""original_name"": ""Besancon"", ""reread_used"": false, ""dimensions"": {""gender"": null, ""age_group"": null, ""squad_tier"": null, ""reserve"": null, ""academy"": null}}, ""page"": {""name"": ""Besancon AC"", ""source"": ""ocr"", ""confidence"": null, ""original_name"": ""Besancon AC"", ""reread_used"": false, ""dimensions"": {""gender"": null, ""age_group"": null, ""squad_tier"": null, ""reserve"": null, ""academy"": null}}, ""kind"": ""CANONICAL_MATCH"", ""compatible"": true, ""strong"": true, ""shared_distinctive_tokens"": [""besancon""], ""similarity"": 1.0}","{""feed"": {""name"": ""Val De Seine"", ""source"": ""structured"", ""confidence"": null, ""original_name"": ""Val De Seine"", ""reread_used"": false, ""dimensions"": {""gender"": null, ""age_group"": null, ""squad_tier"": null, ""reserve"": null, ""academy"": null}}, ""page"": {""name"": ""Val de Seine"", ""source"": ""ocr"", ""confidence"": null, ""original_name"": ""Val de Seine"", ""reread_used"": false, ""dimensions"": {""gender"": null, ""age_group"": null, ""squad_tier"": null, ""reserve"": null, ""academy"": null}}, ""kind"": ""EXACT"", ""compatible"": true, ""strong"": true, ""shared_distinctive_tokens"": [""seine"", ""val""], ""similarity"": 1.0}","{""home"": {""original"": {""name"": ""Besancon AC"", ""source"": ""ocr""}, ""used"": false}, ""away"": {""original"": {""name"": ""Val de Seine"", ""source"": ""ocr""}, ""used"": false}}",TARGET_NOT_FOUND,CANONICAL_MATCH,AMBIGUOUS,"{""conflicts"": [], ""needs_recheck"": [], ""missing"": [""event_id"", ""event_page"", ""competing_event"", ""sport"", ""kickoff"", ""competition"", ""market_fingerprint"", ""orientation""]}"
autoreg-171528,evidence/automatic-approval/hold-1790439328/hold.json,archive,"[""Lliria"", ""FC Cartagena CB""]","[""Lliria"", ""Cartagena""]","{""status"": ""UNKNOWN"", ""requested"": ""26825718"", ""observed"": null, ""independently_observed"": false, ""direct_link_capture"": false, ""basis"": ""unverified""}","{""status"": ""CONFLICT"", ""feed"": ""2026-09-26T17:30:00+00:00"", ""page"": ""2026-09-26T17:30:00+01:00"", ""difference_seconds"": 3600.0, ""tolerance_seconds"": 120}","{""status"": ""UNKNOWN"", ""feed"": ""basketball"", ""page"": """"}","{""status"": ""UNKNOWN"", ""feed"": ""copa espana"", ""page"": """", ""approved_mapping"": false, ""reason"": ""unmapped label or conflicting independent evidence""}","{""status"": ""UNKNOWN"", ""alert_market_fingerprint"": null, ""page_market_fingerprint"": null, ""fingerprint_match"": ""UNAVAILABLE""}","{""home"": {""status"": ""UNKNOWN"", ""feed"": null, ""page"": null, ""supplied_by_competition"": false}, ""away"": {""status"": ""UNKNOWN"", ""feed"": null, ""page"": null, ""supplied_by_competition"": false}}","{""home"": {""status"": ""UNKNOWN"", ""feed"": null, ""page"": null, ""supplied_by_competition"": false}, ""away"": {""status"": ""UNKNOWN"", ""feed"": null, ""page"": null, ""supplied_by_competition"": false}}","{""home"": {""status"": ""UNKNOWN"", ""feed"": null, ""page"": null, ""supplied_by_competition"": false}, ""away"": {""status"": ""UNKNOWN"", ""feed"": null, ""page"": null, ""supplied_by_competition"": false}}","{""home"": {""status"": ""UNKNOWN"", ""feed"": null, ""page"": null, ""supplied_by_competition"": false}, ""away"": {""status"": ""UNKNOWN"", ""feed"": null, ""page"": null, ""supplied_by_competition"": false}}","{""home"": {""status"": ""UNKNOWN"", ""feed"": null, ""page"": null, ""supplied_by_competition"": false}, ""away"": {""status"": ""UNKNOWN"", ""feed"": null, ""page"": null, ""supplied_by_competition"": false}}","{""feed"": {""name"": ""Lliria"", ""source"": ""structured"", ""confidence"": null, ""original_name"": ""Lliria"", ""reread_used"": false, ""dimensions"": {""gender"": null, ""age_group"": null, ""squad_tier"": null, ""reserve"": null, ""academy"": null}}, ""page"": {""name"": ""Lliria"", ""source"": ""ocr"", ""confidence"": null, ""original_name"": ""Lliria"", ""reread_used"": false, ""dimensions"": {""gender"": null, ""age_group"": null, ""squad_tier"": null, ""reserve"": null, ""academy"": null}}, ""kind"": ""EXACT"", ""compatible"": true, ""strong"": true, ""shared_distinctive_tokens"": [""lliria""], ""similarity"": 1.0}","{""feed"": {""name"": ""FC Cartagena CB"", ""source"": ""structured"", ""confidence"": null, ""original_name"": ""FC Cartagena CB"", ""reread_used"": false, ""dimensions"": {""gender"": null, ""age_group"": null, ""squad_tier"": null, ""reserve"": null, ""academy"": null}}, ""page"": {""name"": ""Cartagena"", ""source"": ""ocr"", ""confidence"": null, ""original_name"": ""Cartagena"", ""reread_used"": false, ""dimensions"": {""gender"": null, ""age_group"": null, ""squad_tier"": null, ""reserve"": null, ""academy"": null}}, ""kind"": ""TOKEN_CONTAINMENT"", ""compatible"": true, ""strong"": false, ""shared_distinctive_tokens"": [""cartagena""], ""similarity"": 0.5}","{""home"": {""original"": {""name"": ""Lliria"", ""source"": ""ocr""}, ""used"": false}, ""away"": {""original"": {""name"": ""Cartagena"", ""source"": ""ocr""}, ""used"": false}}",WRONG_EVENT,MISMATCH,CONFLICT,"{""conflicts"": [""kickoff""], ""needs_recheck"": [], ""missing"": [""event_id"", ""event_page"", ""competing_event"", ""sport"", ""competition"", ""market_fingerprint"", ""orientation""]}"
wrong_link_fail_closed-003247,evidence/milestone-c/wrong_link_fail_closed-003247.json,archive,"[""Kyoto Hannaryz"", ""Shiga Lake Stars""]","[""Besancon AC"", ""Val de Seine""]","{""status"": ""UNKNOWN"", ""requested"": ""26747385"", ""observed"": null, ""independently_observed"": false, ""direct_link_capture"": false, ""basis"": ""unverified""}","{""status"": ""CONFLICT"", ""feed"": ""2026-09-25T09:35:00+00:00"", ""page"": ""2026-09-25T19:00:00+01:00"", ""difference_seconds"": 30300.0, ""tolerance_seconds"": 120}","{""status"": ""UNKNOWN"", ""feed"": ""basketball"", ""page"": """"}","{""status"": ""UNKNOWN"", ""feed"": """", ""page"": """", ""approved_mapping"": false, ""reason"": ""unmapped label or conflicting independent evidence""}","{""status"": ""UNKNOWN"", ""alert_market_fingerprint"": null, ""page_market_fingerprint"": null, ""fingerprint_match"": ""UNAVAILABLE""}","{""home"": {""status"": ""UNKNOWN"", ""feed"": null, ""page"": null, ""supplied_by_competition"": false}, ""away"": {""status"": ""UNKNOWN"", ""feed"": null, ""page"": null, ""supplied_by_competition"": false}}","{""home"": {""status"": ""UNKNOWN"", ""feed"": null, ""page"": null, ""supplied_by_competition"": false}, ""away"": {""status"": ""UNKNOWN"", ""feed"": null, ""page"": null, ""supplied_by_competition"": false}}","{""home"": {""status"": ""UNKNOWN"", ""feed"": null, ""page"": null, ""supplied_by_competition"": false}, ""away"": {""status"": ""UNKNOWN"", ""feed"": null, ""page"": null, ""supplied_by_competition"": false}}","{""home"": {""status"": ""UNKNOWN"", ""feed"": null, ""page"": null, ""supplied_by_competition"": false}, ""away"": {""status"": ""UNKNOWN"", ""feed"": null, ""page"": null, ""supplied_by_competition"": false}}","{""home"": {""status"": ""UNKNOWN"", ""feed"": null, ""page"": null, ""supplied_by_competition"": false}, ""away"": {""status"": ""UNKNOWN"", ""feed"": null, ""page"": null, ""supplied_by_competition"": false}}","{""feed"": {""name"": ""Kyoto Hannaryz"", ""source"": ""structured"", ""confidence"": null, ""original_name"": ""Kyoto Hannaryz"", ""reread_used"": false, ""dimensions"": {""gender"": null, ""age_group"": null, ""squad_tier"": null, ""reserve"": null, ""academy"": null}}, ""page"": {""name"": ""Besancon AC"", ""source"": ""ocr"", ""confidence"": null, ""original_name"": ""Besancon AC"", ""reread_used"": false, ""dimensions"": {""gender"": null, ""age_group"": null, ""squad_tier"": null, ""reserve"": null, ""academy"": null}}, ""kind"": ""UNRELATED"", ""compatible"": false, ""strong"": false, ""shared_distinctive_tokens"": [], ""similarity"": 0.0}","{""feed"": {""name"": ""Shiga Lake Stars"", ""source"": ""structured"", ""confidence"": null, ""original_name"": ""Shiga Lake Stars"", ""reread_used"": false, ""dimensions"": {""gender"": null, ""age_group"": null, ""squad_tier"": null, ""reserve"": null, ""academy"": null}}, ""page"": {""name"": ""Val de Seine"", ""source"": ""ocr"", ""confidence"": null, ""original_name"": ""Val de Seine"", ""reread_used"": false, ""dimensions"": {""gender"": null, ""age_group"": null, ""squad_tier"": null, ""reserve"": null, ""academy"": null}}, ""kind"": ""UNRELATED"", ""compatible"": false, ""strong"": false, ""shared_distinctive_tokens"": [], ""similarity"": 0.0}","{""home"": {""original"": {""name"": ""Besancon AC"", ""source"": ""ocr""}, ""used"": false}, ""away"": {""original"": {""name"": ""Val de Seine"", ""source"": ""ocr""}, ""used"": false}}",WRONG_EVENT,MISMATCH,CONFLICT,"{""conflicts"": [""kickoff""], ""needs_recheck"": [], ""missing"": [""event_id"", ""event_page"", ""competing_event"", ""sport"", ""competition"", ""market_fingerprint"", ""orientation"", ""names_incomplete_or_unrelated""]}"
fbhold-1x2-arlanda-113234,evidence/football/holds/fbhold-1x2-arlanda-113234/hold.json,archive,"[""Arlanda"", ""Enkopings""]","[""FC Arlanda"", ""Enkoping""]","{""status"": ""UNKNOWN"", ""requested"": ""201693824"", ""observed"": null, ""independently_observed"": false, ""direct_link_capture"": false, ""basis"": ""unverified""}","{""status"": ""UNKNOWN"", ""feed"": ""2026-09-27T11:00:00+00:00"", ""page"": null, ""difference_seconds"": null, ""tolerance_seconds"": 120}","{""status"": ""UNKNOWN"", ""feed"": ""football"", ""page"": """"}","{""status"": ""UNKNOWN"", ""feed"": ""division 1 norra"", ""page"": """", ""approved_mapping"": false, ""reason"": ""unmapped label or conflicting independent evidence""}","{""status"": ""UNKNOWN"", ""alert_market_fingerprint"": null, ""page_market_fingerprint"": null, ""fingerprint_match"": ""UNAVAILABLE""}","{""home"": {""status"": ""UNKNOWN"", ""feed"": null, ""page"": null, ""supplied_by_competition"": false}, ""away"": {""status"": ""UNKNOWN"", ""feed"": null, ""page"": null, ""supplied_by_competition"": false}}","{""home"": {""status"": ""UNKNOWN"", ""feed"": null, ""page"": null, ""supplied_by_competition"": false}, ""away"": {""status"": ""UNKNOWN"", ""feed"": null, ""page"": null, ""supplied_by_competition"": false}}","{""home"": {""status"": ""UNKNOWN"", ""feed"": null, ""page"": null, ""supplied_by_competition"": false}, ""away"": {""status"": ""UNKNOWN"", ""feed"": null, ""page"": null, ""supplied_by_competition"": false}}","{""home"": {""status"": ""UNKNOWN"", ""feed"": null, ""page"": null, ""supplied_by_competition"": false}, ""away"": {""status"": ""UNKNOWN"", ""feed"": null, ""page"": null, ""supplied_by_competition"": false}}","{""home"": {""status"": ""UNKNOWN"", ""feed"": null, ""page"": null, ""supplied_by_competition"": false}, ""away"": {""status"": ""UNKNOWN"", ""feed"": null, ""page"": null, ""supplied_by_competition"": false}}","{""feed"": {""name"": ""Arlanda"", ""source"": ""structured"", ""confidence"": null, ""original_name"": ""Arlanda"", ""reread_used"": false, ""dimensions"": {""gender"": null, ""age_group"": null, ""squad_tier"": null, ""reserve"": null, ""academy"": null}}, ""page"": {""name"": ""FC Arlanda"", ""source"": ""ocr"", ""confidence"": null, ""original_name"": ""FC Arlanda"", ""reread_used"": false, ""dimensions"": {""gender"": null, ""age_group"": null, ""squad_tier"": null, ""reserve"": null, ""academy"": null}}, ""kind"": ""CANONICAL_MATCH"", ""compatible"": true, ""strong"": true, ""shared_distinctive_tokens"": [""arlanda""], ""similarity"": 1.0}","{""feed"": {""name"": ""Enkopings"", ""source"": ""structured"", ""confidence"": null, ""original_name"": ""Enkopings"", ""reread_used"": false, ""dimensions"": {""gender"": null, ""age_group"": null, ""squad_tier"": null, ""reserve"": null, ""academy"": null}}, ""page"": {""name"": ""Enkoping"", ""source"": ""ocr"", ""confidence"": null, ""original_name"": ""Enkoping"", ""reread_used"": false, ""dimensions"": {""gender"": null, ""age_group"": null, ""squad_tier"": null, ""reserve"": null, ""academy"": null}}, ""kind"": ""UNRELATED"", ""compatible"": false, ""strong"": false, ""shared_distinctive_tokens"": [], ""similarity"": 0.0}","{""home"": {""original"": {""name"": ""FC Arlanda"", ""source"": ""ocr""}, ""used"": false}, ""away"": {""original"": {""name"": ""Enkoping"", ""source"": ""ocr""}, ""used"": false}}",ALIAS_REQUIRED,AMBIGUOUS,AMBIGUOUS,"{""conflicts"": [], ""needs_recheck"": [], ""missing"": [""event_id"", ""event_page"", ""competing_event"", ""sport"", ""kickoff"", ""competition"", ""market_fingerprint"", ""orientation"", ""names_incomplete_or_unrelated""]}"
run:c_H-axNQrUXRMasrJ8wdiFZTUctPCQLuZdEhFVMxR5UMs,evidence/sports-discovery-proof/bball-03-evidence.json;evidence/sports-discovery-proof/bball-03-result.json,archive,"[null, null]","[null, null]","{""status"": ""UNKNOWN"", ""requested"": null, ""observed"": null, ""independently_observed"": false, ""direct_link_capture"": false, ""basis"": ""unverified""}","{""status"": ""UNKNOWN"", ""feed"": null, ""page"": null, ""difference_seconds"": null, ""tolerance_seconds"": 120}","{""status"": ""UNKNOWN"", ""feed"": """", ""page"": """"}","{""status"": ""UNKNOWN"", ""feed"": """", ""page"": """", ""approved_mapping"": false, ""reason"": ""unmapped label or conflicting independent evidence""}","{""status"": ""UNKNOWN"", ""alert_market_fingerprint"": null, ""page_market_fingerprint"": null, ""fingerprint_match"": ""UNAVAILABLE""}","{""home"": {""status"": ""UNKNOWN"", ""feed"": null, ""page"": null, ""supplied_by_competition"": false}, ""away"": {""status"": ""UNKNOWN"", ""feed"": null, ""page"": null, ""supplied_by_competition"": false}}","{""home"": {""status"": ""UNKNOWN"", ""feed"": null, ""page"": null, ""supplied_by_competition"": false}, ""away"": {""status"": ""UNKNOWN"", ""feed"": null, ""page"": null, ""supplied_by_competition"": false}}","{""home"": {""status"": ""UNKNOWN"", ""feed"": null, ""page"": null, ""supplied_by_competition"": false}, ""away"": {""status"": ""UNKNOWN"", ""feed"": null, ""page"": null, ""supplied_by_competition"": false}}","{""home"": {""status"": ""UNKNOWN"", ""feed"": null, ""page"": null, ""supplied_by_competition"": false}, ""away"": {""status"": ""UNKNOWN"", ""feed"": null, ""page"": null, ""supplied_by_competition"": false}}","{""home"": {""status"": ""UNKNOWN"", ""feed"": null, ""page"": null, ""supplied_by_competition"": false}, ""away"": {""status"": ""UNKNOWN"", ""feed"": null, ""page"": null, ""supplied_by_competition"": false}}","{""feed"": {""name"": """", ""source"": ""unknown"", ""confidence"": null, ""original_name"": """", ""reread_used"": false, ""dimensions"": {""gender"": null, ""age_group"": null, ""squad_tier"": null, ""reserve"": null, ""academy"": null}}, ""page"": {""name"": null, ""source"": ""ocr"", ""confidence"": null, ""original_name"": null, ""reread_used"": false, ""dimensions"": {""gender"": null, ""age_group"": null, ""squad_tier"": null, ""reserve"": null, ""academy"": null}}, ""kind"": ""MISSING"", ""compatible"": false, ""strong"": false, ""shared_distinctive_tokens"": [], ""similarity"": 0.0}","{""feed"": {""name"": """", ""source"": ""unknown"", ""confidence"": null, ""original_name"": """", ""reread_used"": false, ""dimensions"": {""gender"": null, ""age_group"": null, ""squad_tier"": null, ""reserve"": null, ""academy"": null}}, ""page"": {""name"": null, ""source"": ""ocr"", ""confidence"": null, ""original_name"": null, ""reread_used"": false, ""dimensions"": {""gender"": null, ""age_group"": null, ""squad_tier"": null, ""reserve"": null, ""academy"": null}}, ""kind"": ""MISSING"", ""compatible"": false, ""strong"": false, ""shared_distinctive_tokens"": [], ""similarity"": 0.0}","{""home"": {""original"": {""name"": null, ""source"": ""ocr""}, ""used"": false}, ""away"": {""original"": {""name"": null, ""source"": ""ocr""}, ""used"": false}}",TARGET_NOT_FOUND,,AMBIGUOUS,"{""conflicts"": [], ""needs_recheck"": [], ""missing"": [""event_id"", ""event_page"", ""competing_event"", ""sport"", ""kickoff"", ""competition"", ""market_fingerprint"", ""orientation"", ""names_incomplete_or_unrelated""]}"
e-totals-poland-182835,evidence/automatic-approval/e-totals-poland-1790443715/hold.json,archive,"[""Kotwica Kolobrzeg"", ""Polonia Warszawa""]","[""Kotwica Kolobrzeg"", ""Polonia Warszawa""]","{""status"": ""UNKNOWN"", ""requested"": ""26747589"", ""observed"": null, ""independently_observed"": false, ""direct_link_capture"": false, ""basis"": ""unverified""}","{""status"": ""UNKNOWN"", ""feed"": ""2026-09-26T18:00:00+00:00"", ""page"": null, ""difference_seconds"": null, ""tolerance_seconds"": 120}","{""status"": ""UNKNOWN"", ""feed"": ""basketball"", ""page"": """"}","{""status"": ""UNKNOWN"", ""feed"": ""1 liga"", ""page"": """", ""approved_mapping"": false, ""reason"": ""unmapped label or conflicting independent evidence""}","{""status"": ""UNKNOWN"", ""alert_market_fingerprint"": null, ""page_market_fingerprint"": null, ""fingerprint_match"": ""UNAVAILABLE""}","{""home"": {""status"": ""UNKNOWN"", ""feed"": null, ""page"": null, ""supplied_by_competition"": false}, ""away"": {""status"": ""UNKNOWN"", ""feed"": null, ""page"": null, ""supplied_by_competition"": false}}","{""home"": {""status"": ""UNKNOWN"", ""feed"": null, ""page"": null, ""supplied_by_competition"": false}, ""away"": {""status"": ""UNKNOWN"", ""feed"": null, ""page"": null, ""supplied_by_competition"": false}}","{""home"": {""status"": ""UNKNOWN"", ""feed"": null, ""page"": null, ""supplied_by_competition"": false}, ""away"": {""status"": ""UNKNOWN"", ""feed"": null, ""page"": null, ""supplied_by_competition"": false}}","{""home"": {""status"": ""UNKNOWN"", ""feed"": null, ""page"": null, ""supplied_by_competition"": false}, ""away"": {""status"": ""UNKNOWN"", ""feed"": null, ""page"": null, ""supplied_by_competition"": false}}","{""home"": {""status"": ""UNKNOWN"", ""feed"": null, ""page"": null, ""supplied_by_competition"": false}, ""away"": {""status"": ""UNKNOWN"", ""feed"": null, ""page"": null, ""supplied_by_competition"": false}}","{""feed"": {""name"": ""Kotwica Kolobrzeg"", ""source"": ""structured"", ""confidence"": null, ""original_name"": ""Kotwica Kolobrzeg"", ""reread_used"": false, ""dimensions"": {""gender"": null, ""age_group"": null, ""squad_tier"": null, ""reserve"": null, ""academy"": null}}, ""page"": {""name"": ""Kotwica Kolobrzeg"", ""source"": ""ocr"", ""confidence"": null, ""original_name"": ""Kotwica Kolobrzeg"", ""reread_used"": false, ""dimensions"": {""gender"": null, ""age_group"": null, ""squad_tier"": null, ""reserve"": null, ""academy"": null}}, ""kind"": ""EXACT"", ""compatible"": true, ""strong"": true, ""shared_distinctive_tokens"": [""kolobrzeg"", ""kotwica""], ""similarity"": 1.0}","{""feed"": {""name"": ""Polonia Warszawa"", ""source"": ""structured"", ""confidence"": null, ""original_name"": ""Polonia Warszawa"", ""reread_used"": false, ""dimensions"": {""gender"": null, ""age_group"": null, ""squad_tier"": null, ""reserve"": null, ""academy"": null}}, ""page"": {""name"": ""Polonia Warszawa"", ""source"": ""ocr"", ""confidence"": null, ""original_name"": ""Polonia Warszawa"", ""reread_used"": false, ""dimensions"": {""gender"": null, ""age_group"": null, ""squad_tier"": null, ""reserve"": null, ""academy"": null}}, ""kind"": ""EXACT"", ""compatible"": true, ""strong"": true, ""shared_distinctive_tokens"": [""polonia"", ""warszawa""], ""similarity"": 1.0}","{""home"": {""original"": {""name"": ""Kotwica Kolobrzeg"", ""source"": ""ocr""}, ""used"": false}, ""away"": {""original"": {""name"": ""Polonia Warszawa"", ""source"": ""ocr""}, ""used"": false}}",TARGET_NOT_FOUND,EXACT,AMBIGUOUS,"{""conflicts"": [], ""needs_recheck"": [], ""missing"": [""event_id"", ""event_page"", ""competing_event"", ""sport"", ""kickoff"", ""competition"", ""market_fingerprint"", ""orientation""]}"
fbhold-1X2-114917,evidence/football/holds/fbhold-1X2-114917/hold.json,archive,"[""Lucksta"", ""Taftea""]","[""Lucksta IF"", ""Taftea IK""]","{""status"": ""UNKNOWN"", ""requested"": ""201816566"", ""observed"": null, ""independently_observed"": false, ""direct_link_capture"": false, ""basis"": ""unverified""}","{""status"": ""UNKNOWN"", ""feed"": ""2026-09-27T11:00:00+00:00"", ""page"": null, ""difference_seconds"": null, ""tolerance_seconds"": 120}","{""status"": ""UNKNOWN"", ""feed"": ""football"", ""page"": """"}","{""status"": ""UNKNOWN"", ""feed"": ""division 2"", ""page"": """", ""approved_mapping"": false, ""reason"": ""unmapped label or conflicting independent evidence""}","{""status"": ""UNKNOWN"", ""alert_market_fingerprint"": null, ""page_market_fingerprint"": null, ""fingerprint_match"": ""UNAVAILABLE""}","{""home"": {""status"": ""UNKNOWN"", ""feed"": null, ""page"": null, ""supplied_by_competition"": false}, ""away"": {""status"": ""UNKNOWN"", ""feed"": null, ""page"": null, ""supplied_by_competition"": false}}","{""home"": {""status"": ""UNKNOWN"", ""feed"": null, ""page"": null, ""supplied_by_competition"": false}, ""away"": {""status"": ""UNKNOWN"", ""feed"": null, ""page"": null, ""supplied_by_competition"": false}}","{""home"": {""status"": ""UNKNOWN"", ""feed"": null, ""page"": null, ""supplied_by_competition"": false}, ""away"": {""status"": ""UNKNOWN"", ""feed"": null, ""page"": null, ""supplied_by_competition"": false}}","{""home"": {""status"": ""UNKNOWN"", ""feed"": null, ""page"": null, ""supplied_by_competition"": false}, ""away"": {""status"": ""UNKNOWN"", ""feed"": null, ""page"": null, ""supplied_by_competition"": false}}","{""home"": {""status"": ""UNKNOWN"", ""feed"": null, ""page"": null, ""supplied_by_competition"": false}, ""away"": {""status"": ""UNKNOWN"", ""feed"": null, ""page"": null, ""supplied_by_competition"": false}}","{""feed"": {""name"": ""Lucksta"", ""source"": ""structured"", ""confidence"": null, ""original_name"": ""Lucksta"", ""reread_used"": false, ""dimensions"": {""gender"": null, ""age_group"": null, ""squad_tier"": null, ""reserve"": null, ""academy"": null}}, ""page"": {""name"": ""Lucksta IF"", ""source"": ""ocr"", ""confidence"": null, ""original_name"": ""Lucksta IF"", ""reread_used"": false, ""dimensions"": {""gender"": null, ""age_group"": null, ""squad_tier"": null, ""reserve"": null, ""academy"": null}}, ""kind"": ""TOKEN_CONTAINMENT"", ""compatible"": true, ""strong"": false, ""shared_distinctive_tokens"": [""lucksta""], ""similarity"": 0.5}","{""feed"": {""name"": ""Taftea"", ""source"": ""structured"", ""confidence"": null, ""original_name"": ""Taftea"", ""reread_used"": false, ""dimensions"": {""gender"": null, ""age_group"": null, ""squad_tier"": null, ""reserve"": null, ""academy"": null}}, ""page"": {""name"": ""Taftea IK"", ""source"": ""ocr"", ""confidence"": null, ""original_name"": ""Taftea IK"", ""reread_used"": false, ""dimensions"": {""gender"": null, ""age_group"": null, ""squad_tier"": null, ""reserve"": null, ""academy"": null}}, ""kind"": ""TOKEN_CONTAINMENT"", ""compatible"": true, ""strong"": false, ""shared_distinctive_tokens"": [""taftea""], ""similarity"": 0.5}","{""home"": {""original"": {""name"": ""Lucksta IF"", ""source"": ""ocr""}, ""used"": false}, ""away"": {""original"": {""name"": ""Taftea IK"", ""source"": ""ocr""}, ""used"": false}}",ALIAS_REQUIRED,AMBIGUOUS,AMBIGUOUS,"{""conflicts"": [], ""needs_recheck"": [], ""missing"": [""event_id"", ""event_page"", ""competing_event"", ""sport"", ""kickoff"", ""competition"", ""market_fingerprint"", ""orientation""]}"
st-inact2-1790203438,evidence/stage-timeout-gunma-proof/inactivity2-result.json,archive,"[null, null]","[null, null]","{""status"": ""UNKNOWN"", ""requested"": null, ""observed"": null, ""independently_observed"": false, ""direct_link_capture"": false, ""basis"": ""unverified""}","{""status"": ""UNKNOWN"", ""feed"": null, ""page"": null, ""difference_seconds"": null, ""tolerance_seconds"": 120}","{""status"": ""UNKNOWN"", ""feed"": """", ""page"": """"}","{""status"": ""UNKNOWN"", ""feed"": ""football casino"", ""page"": """", ""approved_mapping"": false, ""reason"": ""unmapped label or conflicting independent evidence""}","{""status"": ""UNKNOWN"", ""alert_market_fingerprint"": null, ""page_market_fingerprint"": null, ""fingerprint_match"": ""UNAVAILABLE""}","{""home"": {""status"": ""UNKNOWN"", ""feed"": null, ""page"": null, ""supplied_by_competition"": false}, ""away"": {""status"": ""UNKNOWN"", ""feed"": null, ""page"": null, ""supplied_by_competition"": false}}","{""home"": {""status"": ""UNKNOWN"", ""feed"": null, ""page"": null, ""supplied_by_competition"": false}, ""away"": {""status"": ""UNKNOWN"", ""feed"": null, ""page"": null, ""supplied_by_competition"": false}}","{""home"": {""status"": ""UNKNOWN"", ""feed"": null, ""page"": null, ""supplied_by_competition"": false}, ""away"": {""status"": ""UNKNOWN"", ""feed"": null, ""page"": null, ""supplied_by_competition"": false}}","{""home"": {""status"": ""UNKNOWN"", ""feed"": null, ""page"": null, ""supplied_by_competition"": false}, ""away"": {""status"": ""UNKNOWN"", ""feed"": null, ""page"": null, ""supplied_by_competition"": false}}","{""home"": {""status"": ""UNKNOWN"", ""feed"": null, ""page"": null, ""supplied_by_competition"": false}, ""away"": {""status"": ""UNKNOWN"", ""feed"": null, ""page"": null, ""supplied_by_competition"": false}}","{""feed"": {""name"": """", ""source"": ""unknown"", ""confidence"": null, ""original_name"": """", ""reread_used"": false, ""dimensions"": {""gender"": null, ""age_group"": null, ""squad_tier"": null, ""reserve"": null, ""academy"": null}}, ""page"": {""name"": null, ""source"": ""ocr"", ""confidence"": null, ""original_name"": null, ""reread_used"": false, ""dimensions"": {""gender"": null, ""age_group"": null, ""squad_tier"": null, ""reserve"": null, ""academy"": null}}, ""kind"": ""MISSING"", ""compatible"": false, ""strong"": false, ""shared_distinctive_tokens"": [], ""similarity"": 0.0}","{""feed"": {""name"": """", ""source"": ""unknown"", ""confidence"": null, ""original_name"": """", ""reread_used"": false, ""dimensions"": {""gender"": null, ""age_group"": null, ""squad_tier"": null, ""reserve"": null, ""academy"": null}}, ""page"": {""name"": null, ""source"": ""ocr"", ""confidence"": null, ""original_name"": null, ""reread_used"": false, ""dimensions"": {""gender"": null, ""age_group"": null, ""squad_tier"": null, ""reserve"": null, ""academy"": null}}, ""kind"": ""MISSING"", ""compatible"": false, ""strong"": false, ""shared_distinctive_tokens"": [], ""similarity"": 0.0}","{""home"": {""original"": {""name"": null, ""source"": ""ocr""}, ""used"": false}, ""away"": {""original"": {""name"": null, ""source"": ""ocr""}, ""used"": false}}",TARGET_NOT_FOUND,,AMBIGUOUS,"{""conflicts"": [], ""needs_recheck"": [], ""missing"": [""event_id"", ""event_page"", ""competing_event"", ""sport"", ""kickoff"", ""competition"", ""market_fingerprint"", ""orientation"", ""names_incomplete_or_unrelated""]}"
sopron-011657,evidence/task1-stake/sopron-011657.json,archive,"[""Soproni KC"", ""Debreceni EAC""]","[""Sopron KC"", ""DEAC Debreceni""]","{""status"": ""UNKNOWN"", ""requested"": ""26748278"", ""observed"": null, ""independently_observed"": false, ""direct_link_capture"": false, ""basis"": ""unverified""}","{""status"": ""UNKNOWN"", ""feed"": ""2026-09-25T17:00:00+00:00"", ""page"": null, ""difference_seconds"": null, ""tolerance_seconds"": 120}","{""status"": ""UNKNOWN"", ""feed"": ""basketball"", ""page"": """"}","{""status"": ""UNKNOWN"", ""feed"": """", ""page"": """", ""approved_mapping"": false, ""reason"": ""unmapped label or conflicting independent evidence""}","{""status"": ""UNKNOWN"", ""alert_market_fingerprint"": null, ""page_market_fingerprint"": null, ""fingerprint_match"": ""UNAVAILABLE""}","{""home"": {""status"": ""UNKNOWN"", ""feed"": null, ""page"": null, ""supplied_by_competition"": false}, ""away"": {""status"": ""UNKNOWN"", ""feed"": null, ""page"": null, ""supplied_by_competition"": false}}","{""home"": {""status"": ""UNKNOWN"", ""feed"": null, ""page"": null, ""supplied_by_competition"": false}, ""away"": {""status"": ""UNKNOWN"", ""feed"": null, ""page"": null, ""supplied_by_competition"": false}}","{""home"": {""status"": ""UNKNOWN"", ""feed"": null, ""page"": null, ""supplied_by_competition"": false}, ""away"": {""status"": ""UNKNOWN"", ""feed"": null, ""page"": null, ""supplied_by_competition"": false}}","{""home"": {""status"": ""UNKNOWN"", ""feed"": null, ""page"": null, ""supplied_by_competition"": false}, ""away"": {""status"": ""UNKNOWN"", ""feed"": null, ""page"": null, ""supplied_by_competition"": false}}","{""home"": {""status"": ""UNKNOWN"", ""feed"": null, ""page"": null, ""supplied_by_competition"": false}, ""away"": {""status"": ""UNKNOWN"", ""feed"": null, ""page"": null, ""supplied_by_competition"": false}}","{""feed"": {""name"": ""Soproni KC"", ""source"": ""structured"", ""confidence"": null, ""original_name"": ""Soproni KC"", ""reread_used"": false, ""dimensions"": {""gender"": null, ""age_group"": null, ""squad_tier"": null, ""reserve"": null, ""academy"": null}}, ""page"": {""name"": ""Sopron KC"", ""source"": ""ocr"", ""confidence"": null, ""original_name"": ""Sopron KC"", ""reread_used"": false, ""dimensions"": {""gender"": null, ""age_group"": null, ""squad_tier"": null, ""reserve"": null, ""academy"": null}}, ""kind"": ""UNRELATED"", ""compatible"": false, ""strong"": false, ""shared_distinctive_tokens"": [], ""similarity"": 0.0}","{""feed"": {""name"": ""Debreceni EAC"", ""source"": ""structured"", ""confidence"": null, ""original_name"": ""Debreceni EAC"", ""reread_used"": false, ""dimensions"": {""gender"": null, ""age_group"": null, ""squad_tier"": null, ""reserve"": null, ""academy"": null}}, ""page"": {""name"": ""DEAC Debreceni"", ""source"": ""ocr"", ""confidence"": null, ""original_name"": ""DEAC Debreceni"", ""reread_used"": false, ""dimensions"": {""gender"": null, ""age_group"": null, ""squad_tier"": null, ""reserve"": null, ""academy"": null}}, ""kind"": ""SHARED_CORE_CONTEXT_ONLY"", ""compatible"": true, ""strong"": false, ""shared_distinctive_tokens"": [""debreceni""], ""similarity"": 0.3333}","{""home"": {""original"": {""name"": ""Sopron KC"", ""source"": ""ocr""}, ""used"": false}, ""away"": {""original"": {""name"": ""DEAC Debreceni"", ""source"": ""ocr""}, ""used"": false}}",TARGET_NOT_FOUND,ALIAS_MATCH,AMBIGUOUS,"{""conflicts"": [], ""needs_recheck"": [], ""missing"": [""event_id"", ""event_page"", ""competing_event"", ""sport"", ""kickoff"", ""competition"", ""market_fingerprint"", ""orientation"", ""names_incomplete_or_unrelated""]}"
tzprobe-1790441000-4,evidence/timezone-probe/run-1790440976/4.json;evidence/timezone-probe/run-1790440976/summary.json,archive,"[""Spojnia Stargard"", ""Polonia Bytom""]","[""Spojnia Stargard"", ""Polonia Bytom""]","{""status"": ""UNKNOWN"", ""requested"": ""26747588"", ""observed"": null, ""independently_observed"": false, ""direct_link_capture"": false, ""basis"": ""unverified""}","{""status"": ""CONFLICT"", ""feed"": ""2026-09-26T19:00:00+00:00"", ""page"": ""2026-09-26T19:00:00+01:00"", ""difference_seconds"": 3600.0, ""tolerance_seconds"": 120}","{""status"": ""UNKNOWN"", ""feed"": ""basketball"", ""page"": """"}","{""status"": ""UNKNOWN"", ""feed"": ""1 liga"", ""page"": """", ""approved_mapping"": false, ""reason"": ""unmapped label or conflicting independent evidence""}","{""status"": ""UNKNOWN"", ""alert_market_fingerprint"": null, ""page_market_fingerprint"": null, ""fingerprint_match"": ""UNAVAILABLE""}","{""home"": {""status"": ""UNKNOWN"", ""feed"": null, ""page"": null, ""supplied_by_competition"": false}, ""away"": {""status"": ""UNKNOWN"", ""feed"": null, ""page"": null, ""supplied_by_competition"": false}}","{""home"": {""status"": ""UNKNOWN"", ""feed"": null, ""page"": null, ""supplied_by_competition"": false}, ""away"": {""status"": ""UNKNOWN"", ""feed"": null, ""page"": null, ""supplied_by_competition"": false}}","{""home"": {""status"": ""UNKNOWN"", ""feed"": null, ""page"": null, ""supplied_by_competition"": false}, ""away"": {""status"": ""UNKNOWN"", ""feed"": null, ""page"": null, ""supplied_by_competition"": false}}","{""home"": {""status"": ""UNKNOWN"", ""feed"": null, ""page"": null, ""supplied_by_competition"": false}, ""away"": {""status"": ""UNKNOWN"", ""feed"": null, ""page"": null, ""supplied_by_competition"": false}}","{""home"": {""status"": ""UNKNOWN"", ""feed"": null, ""page"": null, ""supplied_by_competition"": false}, ""away"": {""status"": ""UNKNOWN"", ""feed"": null, ""page"": null, ""supplied_by_competition"": false}}","{""feed"": {""name"": ""Spojnia Stargard"", ""source"": ""structured"", ""confidence"": null, ""original_name"": ""Spojnia Stargard"", ""reread_used"": false, ""dimensions"": {""gender"": null, ""age_group"": null, ""squad_tier"": null, ""reserve"": null, ""academy"": null}}, ""page"": {""name"": ""Spojnia Stargard"", ""source"": ""ocr"", ""confidence"": null, ""original_name"": ""Spojnia Stargard"", ""reread_used"": false, ""dimensions"": {""gender"": null, ""age_group"": null, ""squad_tier"": null, ""reserve"": null, ""academy"": null}}, ""kind"": ""EXACT"", ""compatible"": true, ""strong"": true, ""shared_distinctive_tokens"": [""spojnia"", ""stargard""], ""similarity"": 1.0}","{""feed"": {""name"": ""Polonia Bytom"", ""source"": ""structured"", ""confidence"": null, ""original_name"": ""Polonia Bytom"", ""reread_used"": false, ""dimensions"": {""gender"": null, ""age_group"": null, ""squad_tier"": null, ""reserve"": null, ""academy"": null}}, ""page"": {""name"": ""Polonia Bytom"", ""source"": ""ocr"", ""confidence"": null, ""original_name"": ""Polonia Bytom"", ""reread_used"": false, ""dimensions"": {""gender"": null, ""age_group"": null, ""squad_tier"": null, ""reserve"": null, ""academy"": null}}, ""kind"": ""EXACT"", ""compatible"": true, ""strong"": true, ""shared_distinctive_tokens"": [""bytom"", ""polonia""], ""similarity"": 1.0}","{""home"": {""original"": {""name"": ""Spojnia Stargard"", ""source"": ""ocr""}, ""used"": false}, ""away"": {""original"": {""name"": ""Polonia Bytom"", ""source"": ""ocr""}, ""used"": false}}",WRONG_EVENT,MISMATCH,CONFLICT,"{""conflicts"": [""kickoff""], ""needs_recheck"": [], ""missing"": [""event_id"", ""event_page"", ""competing_event"", ""sport"", ""competition"", ""market_fingerprint"", ""orientation""]}"
sm-logged-out-login-1790318028,evidence/session-machine/sm-logged-out-login-1790318028.json,archive,"[null, null]","[null, null]","{""status"": ""UNKNOWN"", ""requested"": null, ""observed"": null, ""independently_observed"": false, ""direct_link_capture"": false, ""basis"": ""unverified""}","{""status"": ""UNKNOWN"", ""feed"": null, ""page"": null, ""difference_seconds"": null, ""tolerance_seconds"": 120}","{""status"": ""UNKNOWN"", ""feed"": """", ""page"": """"}","{""status"": ""UNKNOWN"", ""feed"": """", ""page"": """", ""approved_mapping"": false, ""reason"": ""unmapped label or conflicting independent evidence""}","{""status"": ""UNKNOWN"", ""alert_market_fingerprint"": null, ""page_market_fingerprint"": null, ""fingerprint_match"": ""UNAVAILABLE""}","{""home"": {""status"": ""UNKNOWN"", ""feed"": null, ""page"": null, ""supplied_by_competition"": false}, ""away"": {""status"": ""UNKNOWN"", ""feed"": null, ""page"": null, ""supplied_by_competition"": false}}","{""home"": {""status"": ""UNKNOWN"", ""feed"": null, ""page"": null, ""supplied_by_competition"": false}, ""away"": {""status"": ""UNKNOWN"", ""feed"": null, ""page"": null, ""supplied_by_competition"": false}}","{""home"": {""status"": ""UNKNOWN"", ""feed"": null, ""page"": null, ""supplied_by_competition"": false}, ""away"": {""status"": ""UNKNOWN"", ""feed"": null, ""page"": null, ""supplied_by_competition"": false}}","{""home"": {""status"": ""UNKNOWN"", ""feed"": null, ""page"": null, ""supplied_by_competition"": false}, ""away"": {""status"": ""UNKNOWN"", ""feed"": null, ""page"": null, ""supplied_by_competition"": false}}","{""home"": {""status"": ""UNKNOWN"", ""feed"": null, ""page"": null, ""supplied_by_competition"": false}, ""away"": {""status"": ""UNKNOWN"", ""feed"": null, ""page"": null, ""supplied_by_competition"": false}}","{""feed"": {""name"": """", ""source"": ""unknown"", ""confidence"": null, ""original_name"": """", ""reread_used"": false, ""dimensions"": {""gender"": null, ""age_group"": null, ""squad_tier"": null, ""reserve"": null, ""academy"": null}}, ""page"": {""name"": null, ""source"": ""ocr"", ""confidence"": null, ""original_name"": null, ""reread_used"": false, ""dimensions"": {""gender"": null, ""age_group"": null, ""squad_tier"": null, ""reserve"": null, ""academy"": null}}, ""kind"": ""MISSING"", ""compatible"": false, ""strong"": false, ""shared_distinctive_tokens"": [], ""similarity"": 0.0}","{""feed"": {""name"": """", ""source"": ""unknown"", ""confidence"": null, ""original_name"": """", ""reread_used"": false, ""dimensions"": {""gender"": null, ""age_group"": null, ""squad_tier"": null, ""reserve"": null, ""academy"": null}}, ""page"": {""name"": null, ""source"": ""ocr"", ""confidence"": null, ""original_name"": null, ""reread_used"": false, ""dimensions"": {""gender"": null, ""age_group"": null, ""squad_tier"": null, ""reserve"": null, ""academy"": null}}, ""kind"": ""MISSING"", ""compatible"": false, ""strong"": false, ""shared_distinctive_tokens"": [], ""similarity"": 0.0}","{""home"": {""original"": {""name"": null, ""source"": ""ocr""}, ""used"": false}, ""away"": {""original"": {""name"": null, ""source"": ""ocr""}, ""used"": false}}",TARGET_NOT_FOUND,,AMBIGUOUS,"{""conflicts"": [], ""needs_recheck"": [], ""missing"": [""event_id"", ""event_page"", ""competing_event"", ""sport"", ""kickoff"", ""competition"", ""market_fingerprint"", ""orientation"", ""names_incomplete_or_unrelated""]}"
run:c_MLY9kYPMwfGlBODHKBJQw9VU3lkp4iCuLGwMW9_hFBM,evidence/identity-corpus/backend_records.json;evidence/search-kyoto/live/run.json,archive,"[null, null]","[null, null]","{""status"": ""UNKNOWN"", ""requested"": null, ""observed"": null, ""independently_observed"": false, ""direct_link_capture"": false, ""basis"": ""unverified""}","{""status"": ""UNKNOWN"", ""feed"": null, ""page"": null, ""difference_seconds"": null, ""tolerance_seconds"": 120}","{""status"": ""UNKNOWN"", ""feed"": """", ""page"": """"}","{""status"": ""UNKNOWN"", ""feed"": """", ""page"": """", ""approved_mapping"": false, ""reason"": ""unmapped label or conflicting independent evidence""}","{""status"": ""UNKNOWN"", ""alert_market_fingerprint"": null, ""page_market_fingerprint"": null, ""fingerprint_match"": ""UNAVAILABLE""}","{""home"": {""status"": ""UNKNOWN"", ""feed"": null, ""page"": null, ""supplied_by_competition"": false}, ""away"": {""status"": ""UNKNOWN"", ""feed"": null, ""page"": null, ""supplied_by_competition"": false}}","{""home"": {""status"": ""UNKNOWN"", ""feed"": null, ""page"": null, ""supplied_by_competition"": false}, ""away"": {""status"": ""UNKNOWN"", ""feed"": null, ""page"": null, ""supplied_by_competition"": false}}","{""home"": {""status"": ""UNKNOWN"", ""feed"": null, ""page"": null, ""supplied_by_competition"": false}, ""away"": {""status"": ""UNKNOWN"", ""feed"": null, ""page"": null, ""supplied_by_competition"": false}}","{""home"": {""status"": ""UNKNOWN"", ""feed"": null, ""page"": null, ""supplied_by_competition"": false}, ""away"": {""status"": ""UNKNOWN"", ""feed"": null, ""page"": null, ""supplied_by_competition"": false}}","{""home"": {""status"": ""UNKNOWN"", ""feed"": null, ""page"": null, ""supplied_by_competition"": false}, ""away"": {""status"": ""UNKNOWN"", ""feed"": null, ""page"": null, ""supplied_by_competition"": false}}","{""feed"": {""name"": """", ""source"": ""unknown"", ""confidence"": null, ""original_name"": """", ""reread_used"": false, ""dimensions"": {""gender"": null, ""age_group"": null, ""squad_tier"": null, ""reserve"": null, ""academy"": null}}, ""page"": {""name"": null, ""source"": ""ocr"", ""confidence"": null, ""original_name"": null, ""reread_used"": false, ""dimensions"": {""gender"": null, ""age_group"": null, ""squad_tier"": null, ""reserve"": null, ""academy"": null}}, ""kind"": ""MISSING"", ""compatible"": false, ""strong"": false, ""shared_distinctive_tokens"": [], ""similarity"": 0.0}","{""feed"": {""name"": """", ""source"": ""unknown"", ""confidence"": null, ""original_name"": """", ""reread_used"": false, ""dimensions"": {""gender"": null, ""age_group"": null, ""squad_tier"": null, ""reserve"": null, ""academy"": null}}, ""page"": {""name"": null, ""source"": ""ocr"", ""confidence"": null, ""original_name"": null, ""reread_used"": false, ""dimensions"": {""gender"": null, ""age_group"": null, ""squad_tier"": null, ""reserve"": null, ""academy"": null}}, ""kind"": ""MISSING"", ""compatible"": false, ""strong"": false, ""shared_distinctive_tokens"": [], ""similarity"": 0.0}","{""home"": {""original"": {""name"": null, ""source"": ""ocr""}, ""used"": false}, ""away"": {""original"": {""name"": null, ""source"": ""ocr""}, ""used"": false}}",TARGET_NOT_FOUND,,AMBIGUOUS,"{""conflicts"": [], ""needs_recheck"": [], ""missing"": [""event_id"", ""event_page"", ""competing_event"", ""sport"", ""kickoff"", ""competition"", ""market_fingerprint"", ""orientation"", ""names_incomplete_or_unrelated""]}"
wrong_opponent-232729,evidence/milestone-a/wrong_opponent-232729.json,archive,"[""Kyoto Hannaryz"", ""Bayern Munich""]","[null, null]","{""status"": ""UNKNOWN"", ""requested"": ""26737823"", ""observed"": null, ""independently_observed"": false, ""direct_link_capture"": false, ""basis"": ""unverified""}","{""status"": ""UNKNOWN"", ""feed"": ""2026-09-25T09:35:00+00:00"", ""page"": null, ""difference_seconds"": null, ""tolerance_seconds"": 120}","{""status"": ""UNKNOWN"", ""feed"": ""basketball"", ""page"": """"}","{""status"": ""UNKNOWN"", ""feed"": """", ""page"": """", ""approved_mapping"": false, ""reason"": ""unmapped label or conflicting independent evidence""}","{""status"": ""UNKNOWN"", ""alert_market_fingerprint"": null, ""page_market_fingerprint"": null, ""fingerprint_match"": ""UNAVAILABLE""}","{""home"": {""status"": ""UNKNOWN"", ""feed"": null, ""page"": null, ""supplied_by_competition"": false}, ""away"": {""status"": ""UNKNOWN"", ""feed"": null, ""page"": null, ""supplied_by_competition"": false}}","{""home"": {""status"": ""UNKNOWN"", ""feed"": null, ""page"": null, ""supplied_by_competition"": false}, ""away"": {""status"": ""UNKNOWN"", ""feed"": null, ""page"": null, ""supplied_by_competition"": false}}","{""home"": {""status"": ""UNKNOWN"", ""feed"": null, ""page"": null, ""supplied_by_competition"": false}, ""away"": {""status"": ""UNKNOWN"", ""feed"": null, ""page"": null, ""supplied_by_competition"": false}}","{""home"": {""status"": ""UNKNOWN"", ""feed"": null, ""page"": null, ""supplied_by_competition"": false}, ""away"": {""status"": ""UNKNOWN"", ""feed"": null, ""page"": null, ""supplied_by_competition"": false}}","{""home"": {""status"": ""UNKNOWN"", ""feed"": null, ""page"": null, ""supplied_by_competition"": false}, ""away"": {""status"": ""UNKNOWN"", ""feed"": null, ""page"": null, ""supplied_by_competition"": false}}","{""feed"": {""name"": ""Kyoto Hannaryz"", ""source"": ""structured"", ""confidence"": null, ""original_name"": ""Kyoto Hannaryz"", ""reread_used"": false, ""dimensions"": {""gender"": null, ""age_group"": null, ""squad_tier"": null, ""reserve"": null, ""academy"": null}}, ""page"": {""name"": null, ""source"": ""ocr"", ""confidence"": null, ""original_name"": null, ""reread_used"": false, ""dimensions"": {""gender"": null, ""age_group"": null, ""squad_tier"": null, ""reserve"": null, ""academy"": null}}, ""kind"": ""MISSING"", ""compatible"": false, ""strong"": false, ""shared_distinctive_tokens"": [], ""similarity"": 0.0}","{""feed"": {""name"": ""Bayern Munich"", ""source"": ""structured"", ""confidence"": null, ""original_name"": ""Bayern Munich"", ""reread_used"": false, ""dimensions"": {""gender"": null, ""age_group"": null, ""squad_tier"": null, ""reserve"": null, ""academy"": null}}, ""page"": {""name"": null, ""source"": ""ocr"", ""confidence"": null, ""original_name"": null, ""reread_used"": false, ""dimensions"": {""gender"": null, ""age_group"": null, ""squad_tier"": null, ""reserve"": null, ""academy"": null}}, ""kind"": ""MISSING"", ""compatible"": false, ""strong"": false, ""shared_distinctive_tokens"": [], ""similarity"": 0.0}","{""home"": {""original"": {""name"": null, ""source"": ""ocr""}, ""used"": false}, ""away"": {""original"": {""name"": null, ""source"": ""ocr""}, ""used"": false}}",WRONG_EVENT,,AMBIGUOUS,"{""conflicts"": [], ""needs_recheck"": [], ""missing"": [""event_id"", ""event_page"", ""competing_event"", ""sport"", ""kickoff"", ""competition"", ""market_fingerprint"", ""orientation"", ""names_incomplete_or_unrelated""]}"
run:c_O-qRB_vZkf_5EsfJttCigF8DIt9yx8b53JjUEauGWco,evidence/sports-discovery-proof/bball-chartres-evidence.json;evidence/sports-discovery-proof/bball-chartres-result.json,archive,"[null, null]","[null, null]","{""status"": ""UNKNOWN"", ""requested"": null, ""observed"": null, ""independently_observed"": false, ""direct_link_capture"": false, ""basis"": ""unverified""}","{""status"": ""UNKNOWN"", ""feed"": null, ""page"": null, ""difference_seconds"": null, ""tolerance_seconds"": 120}","{""status"": ""UNKNOWN"", ""feed"": """", ""page"": """"}","{""status"": ""UNKNOWN"", ""feed"": """", ""page"": """", ""approved_mapping"": false, ""reason"": ""unmapped label or conflicting independent evidence""}","{""status"": ""UNKNOWN"", ""alert_market_fingerprint"": null, ""page_market_fingerprint"": null, ""fingerprint_match"": ""UNAVAILABLE""}","{""home"": {""status"": ""UNKNOWN"", ""feed"": null, ""page"": null, ""supplied_by_competition"": false}, ""away"": {""status"": ""UNKNOWN"", ""feed"": null, ""page"": null, ""supplied_by_competition"": false}}","{""home"": {""status"": ""UNKNOWN"", ""feed"": null, ""page"": null, ""supplied_by_competition"": false}, ""away"": {""status"": ""UNKNOWN"", ""feed"": null, ""page"": null, ""supplied_by_competition"": false}}","{""home"": {""status"": ""UNKNOWN"", ""feed"": null, ""page"": null, ""supplied_by_competition"": false}, ""away"": {""status"": ""UNKNOWN"", ""feed"": null, ""page"": null, ""supplied_by_competition"": false}}","{""home"": {""status"": ""UNKNOWN"", ""feed"": null, ""page"": null, ""supplied_by_competition"": false}, ""away"": {""status"": ""UNKNOWN"", ""feed"": null, ""page"": null, ""supplied_by_competition"": false}}","{""home"": {""status"": ""UNKNOWN"", ""feed"": null, ""page"": null, ""supplied_by_competition"": false}, ""away"": {""status"": ""UNKNOWN"", ""feed"": null, ""page"": null, ""supplied_by_competition"": false}}","{""feed"": {""name"": """", ""source"": ""unknown"", ""confidence"": null, ""original_name"": """", ""reread_used"": false, ""dimensions"": {""gender"": null, ""age_group"": null, ""squad_tier"": null, ""reserve"": null, ""academy"": null}}, ""page"": {""name"": null, ""source"": ""ocr"", ""confidence"": null, ""original_name"": null, ""reread_used"": false, ""dimensions"": {""gender"": null, ""age_group"": null, ""squad_tier"": null, ""reserve"": null, ""academy"": null}}, ""kind"": ""MISSING"", ""compatible"": false, ""strong"": false, ""shared_distinctive_tokens"": [], ""similarity"": 0.0}","{""feed"": {""name"": """", ""source"": ""unknown"", ""confidence"": null, ""original_name"": """", ""reread_used"": false, ""dimensions"": {""gender"": null, ""age_group"": null, ""squad_tier"": null, ""reserve"": null, ""academy"": null}}, ""page"": {""name"": null, ""source"": ""ocr"", ""confidence"": null, ""original_name"": null, ""reread_used"": false, ""dimensions"": {""gender"": null, ""age_group"": null, ""squad_tier"": null, ""reserve"": null, ""academy"": null}}, ""kind"": ""MISSING"", ""compatible"": false, ""strong"": false, ""shared_distinctive_tokens"": [], ""similarity"": 0.0}","{""home"": {""original"": {""name"": null, ""source"": ""ocr""}, ""used"": false}, ""away"": {""original"": {""name"": null, ""source"": ""ocr""}, ""used"": false}}",WRONG_EVENT,,AMBIGUOUS,"{""conflicts"": [], ""needs_recheck"": [], ""missing"": [""event_id"", ""event_page"", ""competing_event"", ""sport"", ""kickoff"", ""competition"", ""market_fingerprint"", ""orientation"", ""names_incomplete_or_unrelated""]}"
berck-010229,evidence/task1-stake/berck-010229.json,archive,"[""Berck Fliers Range"", ""Pays Salonais Basket 13""]","[""Berck/Rang du Fliers"", ""Pays Salonais Basket""]","{""status"": ""UNKNOWN"", ""requested"": ""26747383"", ""observed"": null, ""independently_observed"": false, ""direct_link_capture"": false, ""basis"": ""unverified""}","{""status"": ""UNKNOWN"", ""feed"": ""2026-09-25T18:00:00+00:00"", ""page"": null, ""difference_seconds"": null, ""tolerance_seconds"": 120}","{""status"": ""UNKNOWN"", ""feed"": ""basketball"", ""page"": """"}","{""status"": ""UNKNOWN"", ""feed"": """", ""page"": """", ""approved_mapping"": false, ""reason"": ""unmapped label or conflicting independent evidence""}","{""status"": ""UNKNOWN"", ""alert_market_fingerprint"": null, ""page_market_fingerprint"": null, ""fingerprint_match"": ""UNAVAILABLE""}","{""home"": {""status"": ""UNKNOWN"", ""feed"": null, ""page"": null, ""supplied_by_competition"": false}, ""away"": {""status"": ""UNKNOWN"", ""feed"": null, ""page"": null, ""supplied_by_competition"": false}}","{""home"": {""status"": ""UNKNOWN"", ""feed"": null, ""page"": null, ""supplied_by_competition"": false}, ""away"": {""status"": ""UNKNOWN"", ""feed"": null, ""page"": null, ""supplied_by_competition"": false}}","{""home"": {""status"": ""UNKNOWN"", ""feed"": null, ""page"": null, ""supplied_by_competition"": false}, ""away"": {""status"": ""UNKNOWN"", ""feed"": null, ""page"": null, ""supplied_by_competition"": false}}","{""home"": {""status"": ""UNKNOWN"", ""feed"": null, ""page"": null, ""supplied_by_competition"": false}, ""away"": {""status"": ""UNKNOWN"", ""feed"": null, ""page"": null, ""supplied_by_competition"": false}}","{""home"": {""status"": ""UNKNOWN"", ""feed"": null, ""page"": null, ""supplied_by_competition"": false}, ""away"": {""status"": ""UNKNOWN"", ""feed"": null, ""page"": null, ""supplied_by_competition"": false}}","{""feed"": {""name"": ""Berck Fliers Range"", ""source"": ""structured"", ""confidence"": null, ""original_name"": ""Berck Fliers Range"", ""reread_used"": false, ""dimensions"": {""gender"": null, ""age_group"": null, ""squad_tier"": null, ""reserve"": null, ""academy"": null}}, ""page"": {""name"": ""Berck/Rang du Fliers"", ""source"": ""ocr"", ""confidence"": null, ""original_name"": ""Berck/Rang du Fliers"", ""reread_used"": false, ""dimensions"": {""gender"": null, ""age_group"": null, ""squad_tier"": null, ""reserve"": null, ""academy"": null}}, ""kind"": ""SHARED_CORE_CONTEXT_ONLY"", ""compatible"": true, ""strong"": false, ""shared_distinctive_tokens"": [""berck"", ""fliers""], ""similarity"": 0.4}","{""feed"": {""name"": ""Pays Salonais Basket 13"", ""source"": ""structured"", ""confidence"": null, ""original_name"": ""Pays Salonais Basket 13"", ""reread_used"": false, ""dimensions"": {""gender"": null, ""age_group"": null, ""squad_tier"": null, ""reserve"": null, ""academy"": null}}, ""page"": {""name"": ""Pays Salonais Basket"", ""source"": ""ocr"", ""confidence"": null, ""original_name"": ""Pays Salonais Basket"", ""reread_used"": false, ""dimensions"": {""gender"": null, ""age_group"": null, ""squad_tier"": null, ""reserve"": null, ""academy"": null}}, ""kind"": ""TOKEN_CONTAINMENT"", ""compatible"": true, ""strong"": true, ""shared_distinctive_tokens"": [""pays"", ""salonais""], ""similarity"": 0.6825}","{""home"": {""original"": {""name"": ""Berck/Rang du Fliers"", ""source"": ""ocr""}, ""used"": false}, ""away"": {""original"": {""name"": ""Pays Salonais Basket"", ""source"": ""ocr""}, ""used"": false}}",ALIAS_REQUIRED,AMBIGUOUS,AMBIGUOUS,"{""conflicts"": [], ""needs_recheck"": [], ""missing"": [""event_id"", ""event_page"", ""competing_event"", ""sport"", ""kickoff"", ""competition"", ""market_fingerprint"", ""orientation""]}"
run:c_OErk6jLTuUn3-QZIcFq_Y_e_eT0oIUK-J-kgIurNZwM,evidence/prepare-0641/prep4-run.json;evidence/prepare-0641/proof-prep-193206.json,archive,"[null, null]","[null, null]","{""status"": ""UNKNOWN"", ""requested"": null, ""observed"": null, ""independently_observed"": false, ""direct_link_capture"": false, ""basis"": ""unverified""}","{""status"": ""UNKNOWN"", ""feed"": null, ""page"": null, ""difference_seconds"": null, ""tolerance_seconds"": 120}","{""status"": ""UNKNOWN"", ""feed"": """", ""page"": """"}","{""status"": ""UNKNOWN"", ""feed"": """", ""page"": """", ""approved_mapping"": false, ""reason"": ""unmapped label or conflicting independent evidence""}","{""status"": ""UNKNOWN"", ""alert_market_fingerprint"": null, ""page_market_fingerprint"": null, ""fingerprint_match"": ""UNAVAILABLE""}","{""home"": {""status"": ""UNKNOWN"", ""feed"": null, ""page"": null, ""supplied_by_competition"": false}, ""away"": {""status"": ""UNKNOWN"", ""feed"": null, ""page"": null, ""supplied_by_competition"": false}}","{""home"": {""status"": ""UNKNOWN"", ""feed"": null, ""page"": null, ""supplied_by_competition"": false}, ""away"": {""status"": ""UNKNOWN"", ""feed"": null, ""page"": null, ""supplied_by_competition"": false}}","{""home"": {""status"": ""UNKNOWN"", ""feed"": null, ""page"": null, ""supplied_by_competition"": false}, ""away"": {""status"": ""UNKNOWN"", ""feed"": null, ""page"": null, ""supplied_by_competition"": false}}","{""home"": {""status"": ""UNKNOWN"", ""feed"": null, ""page"": null, ""supplied_by_competition"": false}, ""away"": {""status"": ""UNKNOWN"", ""feed"": null, ""page"": null, ""supplied_by_competition"": false}}","{""home"": {""status"": ""UNKNOWN"", ""feed"": null, ""page"": null, ""supplied_by_competition"": false}, ""away"": {""status"": ""UNKNOWN"", ""feed"": null, ""page"": null, ""supplied_by_competition"": false}}","{""feed"": {""name"": """", ""source"": ""unknown"", ""confidence"": null, ""original_name"": """", ""reread_used"": false, ""dimensions"": {""gender"": null, ""age_group"": null, ""squad_tier"": null, ""reserve"": null, ""academy"": null}}, ""page"": {""name"": null, ""source"": ""ocr"", ""confidence"": null, ""original_name"": null, ""reread_used"": false, ""dimensions"": {""gender"": null, ""age_group"": null, ""squad_tier"": null, ""reserve"": null, ""academy"": null}}, ""kind"": ""MISSING"", ""compatible"": false, ""strong"": false, ""shared_distinctive_tokens"": [], ""similarity"": 0.0}","{""feed"": {""name"": """", ""source"": ""unknown"", ""confidence"": null, ""original_name"": """", ""reread_used"": false, ""dimensions"": {""gender"": null, ""age_group"": null, ""squad_tier"": null, ""reserve"": null, ""academy"": null}}, ""page"": {""name"": null, ""source"": ""ocr"", ""confidence"": null, ""original_name"": null, ""reread_used"": false, ""dimensions"": {""gender"": null, ""age_group"": null, ""squad_tier"": null, ""reserve"": null, ""academy"": null}}, ""kind"": ""MISSING"", ""compatible"": false, ""strong"": false, ""shared_distinctive_tokens"": [], ""similarity"": 0.0}","{""home"": {""original"": {""name"": null, ""source"": ""ocr""}, ""used"": false}, ""away"": {""original"": {""name"": null, ""source"": ""ocr""}, ""used"": false}}",TARGET_NOT_FOUND,,AMBIGUOUS,"{""conflicts"": [], ""needs_recheck"": [], ""missing"": [""event_id"", ""event_page"", ""competing_event"", ""sport"", ""kickoff"", ""competition"", ""market_fingerprint"", ""orientation"", ""names_incomplete_or_unrelated""]}"
wrong_link_fail_closed-011706,evidence/task1-stake/wrong_link_fail_closed-011706.json,archive,"[""Kyoto Hannaryz"", ""Shiga Lake Stars""]","[""Besancon AC"", ""Val de Seine""]","{""status"": ""UNKNOWN"", ""requested"": ""26747385"", ""observed"": null, ""independently_observed"": false, ""direct_link_capture"": false, ""basis"": ""unverified""}","{""status"": ""CONFLICT"", ""feed"": ""2026-09-25T09:35:00+00:00"", ""page"": ""2026-09-25T19:00:00+01:00"", ""difference_seconds"": 30300.0, ""tolerance_seconds"": 120}","{""status"": ""UNKNOWN"", ""feed"": ""basketball"", ""page"": """"}","{""status"": ""UNKNOWN"", ""feed"": """", ""page"": """", ""approved_mapping"": false, ""reason"": ""unmapped label or conflicting independent evidence""}","{""status"": ""UNKNOWN"", ""alert_market_fingerprint"": null, ""page_market_fingerprint"": null, ""fingerprint_match"": ""UNAVAILABLE""}","{""home"": {""status"": ""UNKNOWN"", ""feed"": null, ""page"": null, ""supplied_by_competition"": false}, ""away"": {""status"": ""UNKNOWN"", ""feed"": null, ""page"": null, ""supplied_by_competition"": false}}","{""home"": {""status"": ""UNKNOWN"", ""feed"": null, ""page"": null, ""supplied_by_competition"": false}, ""away"": {""status"": ""UNKNOWN"", ""feed"": null, ""page"": null, ""supplied_by_competition"": false}}","{""home"": {""status"": ""UNKNOWN"", ""feed"": null, ""page"": null, ""supplied_by_competition"": false}, ""away"": {""status"": ""UNKNOWN"", ""feed"": null, ""page"": null, ""supplied_by_competition"": false}}","{""home"": {""status"": ""UNKNOWN"", ""feed"": null, ""page"": null, ""supplied_by_competition"": false}, ""away"": {""status"": ""UNKNOWN"", ""feed"": null, ""page"": null, ""supplied_by_competition"": false}}","{""home"": {""status"": ""UNKNOWN"", ""feed"": null, ""page"": null, ""supplied_by_competition"": false}, ""away"": {""status"": ""UNKNOWN"", ""feed"": null, ""page"": null, ""supplied_by_competition"": false}}","{""feed"": {""name"": ""Kyoto Hannaryz"", ""source"": ""structured"", ""confidence"": null, ""original_name"": ""Kyoto Hannaryz"", ""reread_used"": false, ""dimensions"": {""gender"": null, ""age_group"": null, ""squad_tier"": null, ""reserve"": null, ""academy"": null}}, ""page"": {""name"": ""Besancon AC"", ""source"": ""ocr"", ""confidence"": null, ""original_name"": ""Besancon AC"", ""reread_used"": false, ""dimensions"": {""gender"": null, ""age_group"": null, ""squad_tier"": null, ""reserve"": null, ""academy"": null}}, ""kind"": ""UNRELATED"", ""compatible"": false, ""strong"": false, ""shared_distinctive_tokens"": [], ""similarity"": 0.0}","{""feed"": {""name"": ""Shiga Lake Stars"", ""source"": ""structured"", ""confidence"": null, ""original_name"": ""Shiga Lake Stars"", ""reread_used"": false, ""dimensions"": {""gender"": null, ""age_group"": null, ""squad_tier"": null, ""reserve"": null, ""academy"": null}}, ""page"": {""name"": ""Val de Seine"", ""source"": ""ocr"", ""confidence"": null, ""original_name"": ""Val de Seine"", ""reread_used"": false, ""dimensions"": {""gender"": null, ""age_group"": null, ""squad_tier"": null, ""reserve"": null, ""academy"": null}}, ""kind"": ""UNRELATED"", ""compatible"": false, ""strong"": false, ""shared_distinctive_tokens"": [], ""similarity"": 0.0}","{""home"": {""original"": {""name"": ""Besancon AC"", ""source"": ""ocr""}, ""used"": false}, ""away"": {""original"": {""name"": ""Val de Seine"", ""source"": ""ocr""}, ""used"": false}}",WRONG_EVENT,MISMATCH,CONFLICT,"{""conflicts"": [""kickoff""], ""needs_recheck"": [], ""missing"": [""event_id"", ""event_page"", ""competing_event"", ""sport"", ""competition"", ""market_fingerprint"", ""orientation"", ""names_incomplete_or_unrelated""]}"
run:c_QOwg_e9ukRMyR6mKtGIVDCE4caRUtbdbLimGRe6I0EA,evidence/stage-timeout-gunma-proof/bb1-evidence.json;evidence/stage-timeout-gunma-proof/bb1-result.json,archive,"[null, null]","[null, null]","{""status"": ""UNKNOWN"", ""requested"": null, ""observed"": null, ""independently_observed"": false, ""direct_link_capture"": false, ""basis"": ""unverified""}","{""status"": ""UNKNOWN"", ""feed"": null, ""page"": null, ""difference_seconds"": null, ""tolerance_seconds"": 120}","{""status"": ""UNKNOWN"", ""feed"": """", ""page"": """"}","{""status"": ""UNKNOWN"", ""feed"": """", ""page"": """", ""approved_mapping"": false, ""reason"": ""unmapped label or conflicting independent evidence""}","{""status"": ""UNKNOWN"", ""alert_market_fingerprint"": null, ""page_market_fingerprint"": null, ""fingerprint_match"": ""UNAVAILABLE""}","{""home"": {""status"": ""UNKNOWN"", ""feed"": null, ""page"": null, ""supplied_by_competition"": false}, ""away"": {""status"": ""UNKNOWN"", ""feed"": null, ""page"": null, ""supplied_by_competition"": false}}","{""home"": {""status"": ""UNKNOWN"", ""feed"": null, ""page"": null, ""supplied_by_competition"": false}, ""away"": {""status"": ""UNKNOWN"", ""feed"": null, ""page"": null, ""supplied_by_competition"": false}}","{""home"": {""status"": ""UNKNOWN"", ""feed"": null, ""page"": null, ""supplied_by_competition"": false}, ""away"": {""status"": ""UNKNOWN"", ""feed"": null, ""page"": null, ""supplied_by_competition"": false}}","{""home"": {""status"": ""UNKNOWN"", ""feed"": null, ""page"": null, ""supplied_by_competition"": false}, ""away"": {""status"": ""UNKNOWN"", ""feed"": null, ""page"": null, ""supplied_by_competition"": false}}","{""home"": {""status"": ""UNKNOWN"", ""feed"": null, ""page"": null, ""supplied_by_competition"": false}, ""away"": {""status"": ""UNKNOWN"", ""feed"": null, ""page"": null, ""supplied_by_competition"": false}}","{""feed"": {""name"": """", ""source"": ""unknown"", ""confidence"": null, ""original_name"": """", ""reread_used"": false, ""dimensions"": {""gender"": null, ""age_group"": null, ""squad_tier"": null, ""reserve"": null, ""academy"": null}}, ""page"": {""name"": null, ""source"": ""ocr"", ""confidence"": null, ""original_name"": null, ""reread_used"": false, ""dimensions"": {""gender"": null, ""age_group"": null, ""squad_tier"": null, ""reserve"": null, ""academy"": null}}, ""kind"": ""MISSING"", ""compatible"": false, ""strong"": false, ""shared_distinctive_tokens"": [], ""similarity"": 0.0}","{""feed"": {""name"": """", ""source"": ""unknown"", ""confidence"": null, ""original_name"": """", ""reread_used"": false, ""dimensions"": {""gender"": null, ""age_group"": null, ""squad_tier"": null, ""reserve"": null, ""academy"": null}}, ""page"": {""name"": null, ""source"": ""ocr"", ""confidence"": null, ""original_name"": null, ""reread_used"": false, ""dimensions"": {""gender"": null, ""age_group"": null, ""squad_tier"": null, ""reserve"": null, ""academy"": null}}, ""kind"": ""MISSING"", ""compatible"": false, ""strong"": false, ""shared_distinctive_tokens"": [], ""similarity"": 0.0}","{""home"": {""original"": {""name"": null, ""source"": ""ocr""}, ""used"": false}, ""away"": {""original"": {""name"": null, ""source"": ""ocr""}, ""used"": false}}",TARGET_NOT_FOUND,,AMBIGUOUS,"{""conflicts"": [], ""needs_recheck"": [], ""missing"": [""event_id"", ""event_page"", ""competing_event"", ""sport"", ""kickoff"", ""competition"", ""market_fingerprint"", ""orientation"", ""names_incomplete_or_unrelated""]}"
run:c_RTw6Kk1vwtsajFrh5KskaLqzRccHnrboOS9SWMkZcxw,evidence/search-kyoto/batch1/kyoto-200936.json,archive,"[null, null]","[null, null]","{""status"": ""UNKNOWN"", ""requested"": null, ""observed"": null, ""independently_observed"": false, ""direct_link_capture"": false, ""basis"": ""unverified""}","{""status"": ""UNKNOWN"", ""feed"": null, ""page"": null, ""difference_seconds"": null, ""tolerance_seconds"": 120}","{""status"": ""UNKNOWN"", ""feed"": """", ""page"": """"}","{""status"": ""UNKNOWN"", ""feed"": """", ""page"": """", ""approved_mapping"": false, ""reason"": ""unmapped label or conflicting independent evidence""}","{""status"": ""UNKNOWN"", ""alert_market_fingerprint"": null, ""page_market_fingerprint"": null, ""fingerprint_match"": ""UNAVAILABLE""}","{""home"": {""status"": ""UNKNOWN"", ""feed"": null, ""page"": null, ""supplied_by_competition"": false}, ""away"": {""status"": ""UNKNOWN"", ""feed"": null, ""page"": null, ""supplied_by_competition"": false}}","{""home"": {""status"": ""UNKNOWN"", ""feed"": null, ""page"": null, ""supplied_by_competition"": false}, ""away"": {""status"": ""UNKNOWN"", ""feed"": null, ""page"": null, ""supplied_by_competition"": false}}","{""home"": {""status"": ""UNKNOWN"", ""feed"": null, ""page"": null, ""supplied_by_competition"": false}, ""away"": {""status"": ""UNKNOWN"", ""feed"": null, ""page"": null, ""supplied_by_competition"": false}}","{""home"": {""status"": ""UNKNOWN"", ""feed"": null, ""page"": null, ""supplied_by_competition"": false}, ""away"": {""status"": ""UNKNOWN"", ""feed"": null, ""page"": null, ""supplied_by_competition"": false}}","{""home"": {""status"": ""UNKNOWN"", ""feed"": null, ""page"": null, ""supplied_by_competition"": false}, ""away"": {""status"": ""UNKNOWN"", ""feed"": null, ""page"": null, ""supplied_by_competition"": false}}","{""feed"": {""name"": """", ""source"": ""unknown"", ""confidence"": null, ""original_name"": """", ""reread_used"": false, ""dimensions"": {""gender"": null, ""age_group"": null, ""squad_tier"": null, ""reserve"": null, ""academy"": null}}, ""page"": {""name"": null, ""source"": ""ocr"", ""confidence"": null, ""original_name"": null, ""reread_used"": false, ""dimensions"": {""gender"": null, ""age_group"": null, ""squad_tier"": null, ""reserve"": null, ""academy"": null}}, ""kind"": ""MISSING"", ""compatible"": false, ""strong"": false, ""shared_distinctive_tokens"": [], ""similarity"": 0.0}","{""feed"": {""name"": """", ""source"": ""unknown"", ""confidence"": null, ""original_name"": """", ""reread_used"": false, ""dimensions"": {""gender"": null, ""age_group"": null, ""squad_tier"": null, ""reserve"": null, ""academy"": null}}, ""page"": {""name"": null, ""source"": ""ocr"", ""confidence"": null, ""original_name"": null, ""reread_used"": false, ""dimensions"": {""gender"": null, ""age_group"": null, ""squad_tier"": null, ""reserve"": null, ""academy"": null}}, ""kind"": ""MISSING"", ""compatible"": false, ""strong"": false, ""shared_distinctive_tokens"": [], ""similarity"": 0.0}","{""home"": {""original"": {""name"": null, ""source"": ""ocr""}, ""used"": false}, ""away"": {""original"": {""name"": null, ""source"": ""ocr""}, ""used"": false}}",WRONG_EVENT,,AMBIGUOUS,"{""conflicts"": [], ""needs_recheck"": [], ""missing"": [""event_id"", ""event_page"", ""competing_event"", ""sport"", ""kickoff"", ""competition"", ""market_fingerprint"", ""orientation"", ""names_incomplete_or_unrelated""]}"
link-szolnoki-130334,evidence/milestone-b/search-route-defect/verify-0.9.15/link-szolnoki-130334.json,archive,"[""Szolnoki Olaj"", ""OSE Lions""]","[""Szolnoki Olaj"", ""OSE Lions""]","{""status"": ""UNKNOWN"", ""requested"": ""26748276"", ""observed"": null, ""independently_observed"": false, ""direct_link_capture"": false, ""basis"": ""unverified""}","{""status"": ""UNKNOWN"", ""feed"": ""2026-09-25T16:00:00+00:00"", ""page"": null, ""difference_seconds"": null, ""tolerance_seconds"": 120}","{""status"": ""UNKNOWN"", ""feed"": ""basketball"", ""page"": """"}","{""status"": ""UNKNOWN"", ""feed"": """", ""page"": """", ""approved_mapping"": false, ""reason"": ""unmapped label or conflicting independent evidence""}","{""status"": ""UNKNOWN"", ""alert_market_fingerprint"": null, ""page_market_fingerprint"": null, ""fingerprint_match"": ""UNAVAILABLE""}","{""home"": {""status"": ""UNKNOWN"", ""feed"": null, ""page"": null, ""supplied_by_competition"": false}, ""away"": {""status"": ""UNKNOWN"", ""feed"": null, ""page"": null, ""supplied_by_competition"": false}}","{""home"": {""status"": ""UNKNOWN"", ""feed"": null, ""page"": null, ""supplied_by_competition"": false}, ""away"": {""status"": ""UNKNOWN"", ""feed"": null, ""page"": null, ""supplied_by_competition"": false}}","{""home"": {""status"": ""UNKNOWN"", ""feed"": null, ""page"": null, ""supplied_by_competition"": false}, ""away"": {""status"": ""UNKNOWN"", ""feed"": null, ""page"": null, ""supplied_by_competition"": false}}","{""home"": {""status"": ""UNKNOWN"", ""feed"": null, ""page"": null, ""supplied_by_competition"": false}, ""away"": {""status"": ""UNKNOWN"", ""feed"": null, ""page"": null, ""supplied_by_competition"": false}}","{""home"": {""status"": ""UNKNOWN"", ""feed"": null, ""page"": null, ""supplied_by_competition"": false}, ""away"": {""status"": ""UNKNOWN"", ""feed"": null, ""page"": null, ""supplied_by_competition"": false}}","{""feed"": {""name"": ""Szolnoki Olaj"", ""source"": ""structured"", ""confidence"": null, ""original_name"": ""Szolnoki Olaj"", ""reread_used"": false, ""dimensions"": {""gender"": null, ""age_group"": null, ""squad_tier"": null, ""reserve"": null, ""academy"": null}}, ""page"": {""name"": ""Szolnoki Olaj"", ""source"": ""ocr"", ""confidence"": null, ""original_name"": ""Szolnoki Olaj"", ""reread_used"": false, ""dimensions"": {""gender"": null, ""age_group"": null, ""squad_tier"": null, ""reserve"": null, ""academy"": null}}, ""kind"": ""EXACT"", ""compatible"": true, ""strong"": true, ""shared_distinctive_tokens"": [""olaj"", ""szolnoki""], ""similarity"": 1.0}","{""feed"": {""name"": ""OSE Lions"", ""source"": ""structured"", ""confidence"": null, ""original_name"": ""OSE Lions"", ""reread_used"": false, ""dimensions"": {""gender"": null, ""age_group"": null, ""squad_tier"": null, ""reserve"": null, ""academy"": null}}, ""page"": {""name"": ""OSE Lions"", ""source"": ""ocr"", ""confidence"": null, ""original_name"": ""OSE Lions"", ""reread_used"": false, ""dimensions"": {""gender"": null, ""age_group"": null, ""squad_tier"": null, ""reserve"": null, ""academy"": null}}, ""kind"": ""EXACT"", ""compatible"": true, ""strong"": true, ""shared_distinctive_tokens"": [""ose""], ""similarity"": 1.0}","{""home"": {""original"": {""name"": ""Szolnoki Olaj"", ""source"": ""ocr""}, ""used"": false}, ""away"": {""original"": {""name"": ""OSE Lions"", ""source"": ""ocr""}, ""used"": false}}",TARGET_NOT_FOUND,EXACT,AMBIGUOUS,"{""conflicts"": [], ""needs_recheck"": [], ""missing"": [""event_id"", ""event_page"", ""competing_event"", ""sport"", ""kickoff"", ""competition"", ""market_fingerprint"", ""orientation""]}"
run:c_SODyaH1jdRensYo0Y9aABtxhQ7NjGkEw4M6vy35CX8Q,evidence/football/captures/fb-japs-totals-102753/capture.json;evidence/football/captures/session-102830.json,archive,"[""JaPS"", ""PPJ""]","[""JaPS U21"", ""PPJ U21""]","{""status"": ""UNKNOWN"", ""requested"": ""201845402"", ""observed"": null, ""independently_observed"": false, ""direct_link_capture"": false, ""basis"": ""unverified""}","{""status"": ""UNKNOWN"", ""feed"": null, ""page"": null, ""difference_seconds"": null, ""tolerance_seconds"": 120}","{""status"": ""UNKNOWN"", ""feed"": """", ""page"": """"}","{""status"": ""UNKNOWN"", ""feed"": """", ""page"": """", ""approved_mapping"": false, ""reason"": ""unmapped label or conflicting independent evidence""}","{""status"": ""UNKNOWN"", ""alert_market_fingerprint"": null, ""page_market_fingerprint"": null, ""fingerprint_match"": ""UNAVAILABLE""}","{""home"": {""status"": ""UNKNOWN"", ""feed"": null, ""page"": null, ""supplied_by_competition"": false}, ""away"": {""status"": ""UNKNOWN"", ""feed"": null, ""page"": null, ""supplied_by_competition"": false}}","{""home"": {""status"": ""NEEDS_RECHECK"", ""feed"": null, ""page"": ""u21"", ""supplied_by_competition"": false}, ""away"": {""status"": ""NEEDS_RECHECK"", ""feed"": null, ""page"": ""u21"", ""supplied_by_competition"": false}}","{""home"": {""status"": ""UNKNOWN"", ""feed"": null, ""page"": null, ""supplied_by_competition"": false}, ""away"": {""status"": ""UNKNOWN"", ""feed"": null, ""page"": null, ""supplied_by_competition"": false}}","{""home"": {""status"": ""UNKNOWN"", ""feed"": null, ""page"": null, ""supplied_by_competition"": false}, ""away"": {""status"": ""UNKNOWN"", ""feed"": null, ""page"": null, ""supplied_by_competition"": false}}","{""home"": {""status"": ""UNKNOWN"", ""feed"": null, ""page"": null, ""supplied_by_competition"": false}, ""away"": {""status"": ""UNKNOWN"", ""feed"": null, ""page"": null, ""supplied_by_competition"": false}}","{""feed"": {""name"": ""JaPS"", ""source"": ""structured"", ""confidence"": null, ""original_name"": ""JaPS"", ""reread_used"": false, ""dimensions"": {""gender"": null, ""age_group"": null, ""squad_tier"": null, ""reserve"": null, ""academy"": null}}, ""page"": {""name"": ""JaPS U21"", ""source"": ""ocr"", ""confidence"": null, ""original_name"": ""JaPS U21"", ""reread_used"": false, ""dimensions"": {""gender"": null, ""age_group"": ""u21"", ""squad_tier"": null, ""reserve"": null, ""academy"": null}}, ""kind"": ""CANONICAL_MATCH"", ""compatible"": true, ""strong"": true, ""shared_distinctive_tokens"": [""japs""], ""similarity"": 1.0}","{""feed"": {""name"": ""PPJ"", ""source"": ""structured"", ""confidence"": null, ""original_name"": ""PPJ"", ""reread_used"": false, ""dimensions"": {""gender"": null, ""age_group"": null, ""squad_tier"": null, ""reserve"": null, ""academy"": null}}, ""page"": {""name"": ""PPJ U21"", ""source"": ""ocr"", ""confidence"": null, ""original_name"": ""PPJ U21"", ""reread_used"": false, ""dimensions"": {""gender"": null, ""age_group"": ""u21"", ""squad_tier"": null, ""reserve"": null, ""academy"": null}}, ""kind"": ""CANONICAL_MATCH"", ""compatible"": true, ""strong"": true, ""shared_distinctive_tokens"": [""ppj""], ""similarity"": 1.0}","{""home"": {""original"": {""name"": ""JaPS U21"", ""source"": ""ocr""}, ""used"": false}, ""away"": {""original"": {""name"": ""PPJ U21"", ""source"": ""ocr""}, ""used"": false}}",WRONG_EVENT,MISMATCH,NEEDS_RECHECK,"{""conflicts"": [], ""needs_recheck"": [""home_age_group"", ""away_age_group""], ""missing"": [""event_id"", ""event_page"", ""competing_event"", ""sport"", ""kickoff"", ""competition"", ""market_fingerprint"", ""orientation""]}"
sm-logged-out-login-1790318106,evidence/session-machine/sm-logged-out-login-1790318106.json,archive,"[null, null]","[null, null]","{""status"": ""UNKNOWN"", ""requested"": null, ""observed"": null, ""independently_observed"": false, ""direct_link_capture"": false, ""basis"": ""unverified""}","{""status"": ""UNKNOWN"", ""feed"": null, ""page"": null, ""difference_seconds"": null, ""tolerance_seconds"": 120}","{""status"": ""UNKNOWN"", ""feed"": """", ""page"": """"}","{""status"": ""UNKNOWN"", ""feed"": """", ""page"": """", ""approved_mapping"": false, ""reason"": ""unmapped label or conflicting independent evidence""}","{""status"": ""UNKNOWN"", ""alert_market_fingerprint"": null, ""page_market_fingerprint"": null, ""fingerprint_match"": ""UNAVAILABLE""}","{""home"": {""status"": ""UNKNOWN"", ""feed"": null, ""page"": null, ""supplied_by_competition"": false}, ""away"": {""status"": ""UNKNOWN"", ""feed"": null, ""page"": null, ""supplied_by_competition"": false}}","{""home"": {""status"": ""UNKNOWN"", ""feed"": null, ""page"": null, ""supplied_by_competition"": false}, ""away"": {""status"": ""UNKNOWN"", ""feed"": null, ""page"": null, ""supplied_by_competition"": false}}","{""home"": {""status"": ""UNKNOWN"", ""feed"": null, ""page"": null, ""supplied_by_competition"": false}, ""away"": {""status"": ""UNKNOWN"", ""feed"": null, ""page"": null, ""supplied_by_competition"": false}}","{""home"": {""status"": ""UNKNOWN"", ""feed"": null, ""page"": null, ""supplied_by_competition"": false}, ""away"": {""status"": ""UNKNOWN"", ""feed"": null, ""page"": null, ""supplied_by_competition"": false}}","{""home"": {""status"": ""UNKNOWN"", ""feed"": null, ""page"": null, ""supplied_by_competition"": false}, ""away"": {""status"": ""UNKNOWN"", ""feed"": null, ""page"": null, ""supplied_by_competition"": false}}","{""feed"": {""name"": """", ""source"": ""unknown"", ""confidence"": null, ""original_name"": """", ""reread_used"": false, ""dimensions"": {""gender"": null, ""age_group"": null, ""squad_tier"": null, ""reserve"": null, ""academy"": null}}, ""page"": {""name"": null, ""source"": ""ocr"", ""confidence"": null, ""original_name"": null, ""reread_used"": false, ""dimensions"": {""gender"": null, ""age_group"": null, ""squad_tier"": null, ""reserve"": null, ""academy"": null}}, ""kind"": ""MISSING"", ""compatible"": false, ""strong"": false, ""shared_distinctive_tokens"": [], ""similarity"": 0.0}","{""feed"": {""name"": """", ""source"": ""unknown"", ""confidence"": null, ""original_name"": """", ""reread_used"": false, ""dimensions"": {""gender"": null, ""age_group"": null, ""squad_tier"": null, ""reserve"": null, ""academy"": null}}, ""page"": {""name"": null, ""source"": ""ocr"", ""confidence"": null, ""original_name"": null, ""reread_used"": false, ""dimensions"": {""gender"": null, ""age_group"": null, ""squad_tier"": null, ""reserve"": null, ""academy"": null}}, ""kind"": ""MISSING"", ""compatible"": false, ""strong"": false, ""shared_distinctive_tokens"": [], ""similarity"": 0.0}","{""home"": {""original"": {""name"": null, ""source"": ""ocr""}, ""used"": false}, ""away"": {""original"": {""name"": null, ""source"": ""ocr""}, ""used"": false}}",TARGET_NOT_FOUND,,AMBIGUOUS,"{""conflicts"": [], ""needs_recheck"": [], ""missing"": [""event_id"", ""event_page"", ""competing_event"", ""sport"", ""kickoff"", ""competition"", ""market_fingerprint"", ""orientation"", ""names_incomplete_or_unrelated""]}"
hardening-1790373127-wrong-link,evidence/execution-hardening/phone-/hardening-1790373127/wrong-link.json,archive,"[""Kyoto Hannaryz"", ""Shiga Lake Stars""]","[""Kirchheim"", ""SBB Baskets Wolmirstedt""]","{""status"": ""UNKNOWN"", ""requested"": ""26748183"", ""observed"": null, ""independently_observed"": false, ""direct_link_capture"": false, ""basis"": ""unverified""}","{""status"": ""UNKNOWN"", ""feed"": ""2026-09-26T16:00:00+00:00"", ""page"": null, ""difference_seconds"": null, ""tolerance_seconds"": 120}","{""status"": ""UNKNOWN"", ""feed"": ""basketball"", ""page"": """"}","{""status"": ""UNKNOWN"", ""feed"": ""germany pro a"", ""page"": """", ""approved_mapping"": false, ""reason"": ""unmapped label or conflicting independent evidence""}","{""status"": ""UNKNOWN"", ""alert_market_fingerprint"": null, ""page_market_fingerprint"": null, ""fingerprint_match"": ""UNAVAILABLE""}","{""home"": {""status"": ""UNKNOWN"", ""feed"": null, ""page"": null, ""supplied_by_competition"": false}, ""away"": {""status"": ""UNKNOWN"", ""feed"": null, ""page"": null, ""supplied_by_competition"": false}}","{""home"": {""status"": ""UNKNOWN"", ""feed"": null, ""page"": null, ""supplied_by_competition"": false}, ""away"": {""status"": ""UNKNOWN"", ""feed"": null, ""page"": null, ""supplied_by_competition"": false}}","{""home"": {""status"": ""UNKNOWN"", ""feed"": null, ""page"": null, ""supplied_by_competition"": false}, ""away"": {""status"": ""UNKNOWN"", ""feed"": null, ""page"": null, ""supplied_by_competition"": false}}","{""home"": {""status"": ""UNKNOWN"", ""feed"": null, ""page"": null, ""supplied_by_competition"": false}, ""away"": {""status"": ""UNKNOWN"", ""feed"": null, ""page"": null, ""supplied_by_competition"": false}}","{""home"": {""status"": ""UNKNOWN"", ""feed"": null, ""page"": null, ""supplied_by_competition"": false}, ""away"": {""status"": ""UNKNOWN"", ""feed"": null, ""page"": null, ""supplied_by_competition"": false}}","{""feed"": {""name"": ""Kyoto Hannaryz"", ""source"": ""structured"", ""confidence"": null, ""original_name"": ""Kyoto Hannaryz"", ""reread_used"": false, ""dimensions"": {""gender"": null, ""age_group"": null, ""squad_tier"": null, ""reserve"": null, ""academy"": null}}, ""page"": {""name"": ""Kirchheim"", ""source"": ""ocr"", ""confidence"": null, ""original_name"": ""Kirchheim"", ""reread_used"": false, ""dimensions"": {""gender"": null, ""age_group"": null, ""squad_tier"": null, ""reserve"": null, ""academy"": null}}, ""kind"": ""UNRELATED"", ""compatible"": false, ""strong"": false, ""shared_distinctive_tokens"": [], ""similarity"": 0.0}","{""feed"": {""name"": ""Shiga Lake Stars"", ""source"": ""structured"", ""confidence"": null, ""original_name"": ""Shiga Lake Stars"", ""reread_used"": false, ""dimensions"": {""gender"": null, ""age_group"": null, ""squad_tier"": null, ""reserve"": null, ""academy"": null}}, ""page"": {""name"": ""SBB Baskets Wolmirstedt"", ""source"": ""ocr"", ""confidence"": null, ""original_name"": ""SBB Baskets Wolmirstedt"", ""reread_used"": false, ""dimensions"": {""gender"": null, ""age_group"": null, ""squad_tier"": null, ""reserve"": null, ""academy"": null}}, ""kind"": ""UNRELATED"", ""compatible"": false, ""strong"": false, ""shared_distinctive_tokens"": [], ""similarity"": 0.0}","{""home"": {""original"": {""name"": ""Kirchheim"", ""source"": ""ocr""}, ""used"": false}, ""away"": {""original"": {""name"": ""SBB Baskets Wolmirstedt"", ""source"": ""ocr""}, ""used"": false}}",WRONG_EVENT,MISMATCH,AMBIGUOUS,"{""conflicts"": [], ""needs_recheck"": [], ""missing"": [""event_id"", ""event_page"", ""competing_event"", ""sport"", ""kickoff"", ""competition"", ""market_fingerprint"", ""orientation"", ""names_incomplete_or_unrelated""]}"
search-tofas-130256,evidence/milestone-b/search-route-defect/verify-0.9.15/search-tofas-130256.json,archive,"[""Tofas SK"", ""Bordo Sportif""]","[null, null]","{""status"": ""UNKNOWN"", ""requested"": null, ""observed"": null, ""independently_observed"": false, ""direct_link_capture"": false, ""basis"": ""unverified""}","{""status"": ""UNKNOWN"", ""feed"": ""2026-09-25T16:00:00+00:00"", ""page"": null, ""difference_seconds"": null, ""tolerance_seconds"": 120}","{""status"": ""UNKNOWN"", ""feed"": ""basketball"", ""page"": """"}","{""status"": ""UNKNOWN"", ""feed"": """", ""page"": """", ""approved_mapping"": false, ""reason"": ""unmapped label or conflicting independent evidence""}","{""status"": ""UNKNOWN"", ""alert_market_fingerprint"": null, ""page_market_fingerprint"": null, ""fingerprint_match"": ""UNAVAILABLE""}","{""home"": {""status"": ""UNKNOWN"", ""feed"": null, ""page"": null, ""supplied_by_competition"": false}, ""away"": {""status"": ""UNKNOWN"", ""feed"": null, ""page"": null, ""supplied_by_competition"": false}}","{""home"": {""status"": ""UNKNOWN"", ""feed"": null, ""page"": null, ""supplied_by_competition"": false}, ""away"": {""status"": ""UNKNOWN"", ""feed"": null, ""page"": null, ""supplied_by_competition"": false}}","{""home"": {""status"": ""UNKNOWN"", ""feed"": null, ""page"": null, ""supplied_by_competition"": false}, ""away"": {""status"": ""UNKNOWN"", ""feed"": null, ""page"": null, ""supplied_by_competition"": false}}","{""home"": {""status"": ""UNKNOWN"", ""feed"": null, ""page"": null, ""supplied_by_competition"": false}, ""away"": {""status"": ""UNKNOWN"", ""feed"": null, ""page"": null, ""supplied_by_competition"": false}}","{""home"": {""status"": ""UNKNOWN"", ""feed"": null, ""page"": null, ""supplied_by_competition"": false}, ""away"": {""status"": ""UNKNOWN"", ""feed"": null, ""page"": null, ""supplied_by_competition"": false}}","{""feed"": {""name"": ""Tofas SK"", ""source"": ""structured"", ""confidence"": null, ""original_name"": ""Tofas SK"", ""reread_used"": false, ""dimensions"": {""gender"": null, ""age_group"": null, ""squad_tier"": null, ""reserve"": null, ""academy"": null}}, ""page"": {""name"": null, ""source"": ""ocr"", ""confidence"": null, ""original_name"": null, ""reread_used"": false, ""dimensions"": {""gender"": null, ""age_group"": null, ""squad_tier"": null, ""reserve"": null, ""academy"": null}}, ""kind"": ""MISSING"", ""compatible"": false, ""strong"": false, ""shared_distinctive_tokens"": [], ""similarity"": 0.0}","{""feed"": {""name"": ""Bordo Sportif"", ""source"": ""structured"", ""confidence"": null, ""original_name"": ""Bordo Sportif"", ""reread_used"": false, ""dimensions"": {""gender"": null, ""age_group"": null, ""squad_tier"": null, ""reserve"": null, ""academy"": null}}, ""page"": {""name"": null, ""source"": ""ocr"", ""confidence"": null, ""original_name"": null, ""reread_used"": false, ""dimensions"": {""gender"": null, ""age_group"": null, ""squad_tier"": null, ""reserve"": null, ""academy"": null}}, ""kind"": ""MISSING"", ""compatible"": false, ""strong"": false, ""shared_distinctive_tokens"": [], ""similarity"": 0.0}","{""home"": {""original"": {""name"": null, ""source"": ""ocr""}, ""used"": false}, ""away"": {""original"": {""name"": null, ""source"": ""ocr""}, ""used"": false}}",TARGET_NOT_FOUND,,AMBIGUOUS,"{""conflicts"": [], ""needs_recheck"": [], ""missing"": [""event_id"", ""event_page"", ""competing_event"", ""sport"", ""kickoff"", ""competition"", ""market_fingerprint"", ""orientation"", ""names_incomplete_or_unrelated""]}"
sopron-002726,evidence/milestone-c/sopron-002726.json,archive,"[""Soproni KC"", ""Debreceni EAC""]","[""Sopron KC"", ""DEAC Debreceni""]","{""status"": ""UNKNOWN"", ""requested"": ""26748278"", ""observed"": null, ""independently_observed"": false, ""direct_link_capture"": false, ""basis"": ""unverified""}","{""status"": ""UNKNOWN"", ""feed"": ""2026-09-25T17:00:00+00:00"", ""page"": null, ""difference_seconds"": null, ""tolerance_seconds"": 120}","{""status"": ""UNKNOWN"", ""feed"": ""basketball"", ""page"": """"}","{""status"": ""UNKNOWN"", ""feed"": """", ""page"": """", ""approved_mapping"": false, ""reason"": ""unmapped label or conflicting independent evidence""}","{""status"": ""UNKNOWN"", ""alert_market_fingerprint"": null, ""page_market_fingerprint"": null, ""fingerprint_match"": ""UNAVAILABLE""}","{""home"": {""status"": ""UNKNOWN"", ""feed"": null, ""page"": null, ""supplied_by_competition"": false}, ""away"": {""status"": ""UNKNOWN"", ""feed"": null, ""page"": null, ""supplied_by_competition"": false}}","{""home"": {""status"": ""UNKNOWN"", ""feed"": null, ""page"": null, ""supplied_by_competition"": false}, ""away"": {""status"": ""UNKNOWN"", ""feed"": null, ""page"": null, ""supplied_by_competition"": false}}","{""home"": {""status"": ""UNKNOWN"", ""feed"": null, ""page"": null, ""supplied_by_competition"": false}, ""away"": {""status"": ""UNKNOWN"", ""feed"": null, ""page"": null, ""supplied_by_competition"": false}}","{""home"": {""status"": ""UNKNOWN"", ""feed"": null, ""page"": null, ""supplied_by_competition"": false}, ""away"": {""status"": ""UNKNOWN"", ""feed"": null, ""page"": null, ""supplied_by_competition"": false}}","{""home"": {""status"": ""UNKNOWN"", ""feed"": null, ""page"": null, ""supplied_by_competition"": false}, ""away"": {""status"": ""UNKNOWN"", ""feed"": null, ""page"": null, ""supplied_by_competition"": false}}","{""feed"": {""name"": ""Soproni KC"", ""source"": ""structured"", ""confidence"": null, ""original_name"": ""Soproni KC"", ""reread_used"": false, ""dimensions"": {""gender"": null, ""age_group"": null, ""squad_tier"": null, ""reserve"": null, ""academy"": null}}, ""page"": {""name"": ""Sopron KC"", ""source"": ""ocr"", ""confidence"": null, ""original_name"": ""Sopron KC"", ""reread_used"": false, ""dimensions"": {""gender"": null, ""age_group"": null, ""squad_tier"": null, ""reserve"": null, ""academy"": null}}, ""kind"": ""UNRELATED"", ""compatible"": false, ""strong"": false, ""shared_distinctive_tokens"": [], ""similarity"": 0.0}","{""feed"": {""name"": ""Debreceni EAC"", ""source"": ""structured"", ""confidence"": null, ""original_name"": ""Debreceni EAC"", ""reread_used"": false, ""dimensions"": {""gender"": null, ""age_group"": null, ""squad_tier"": null, ""reserve"": null, ""academy"": null}}, ""page"": {""name"": ""DEAC Debreceni"", ""source"": ""ocr"", ""confidence"": null, ""original_name"": ""DEAC Debreceni"", ""reread_used"": false, ""dimensions"": {""gender"": null, ""age_group"": null, ""squad_tier"": null, ""reserve"": null, ""academy"": null}}, ""kind"": ""SHARED_CORE_CONTEXT_ONLY"", ""compatible"": true, ""strong"": false, ""shared_distinctive_tokens"": [""debreceni""], ""similarity"": 0.3333}","{""home"": {""original"": {""name"": ""Sopron KC"", ""source"": ""ocr""}, ""used"": false}, ""away"": {""original"": {""name"": ""DEAC Debreceni"", ""source"": ""ocr""}, ""used"": false}}",TARGET_NOT_FOUND,ALIAS_MATCH,AMBIGUOUS,"{""conflicts"": [], ""needs_recheck"": [], ""missing"": [""event_id"", ""event_page"", ""competing_event"", ""sport"", ""kickoff"", ""competition"", ""market_fingerprint"", ""orientation"", ""names_incomplete_or_unrelated""]}"
saga-085826,evidence/women-marker/saga-085826.json,archive,"[""Saga Ballooners"", ""Hiroshima Dragonflies""]","[""Saga Ballooners"", ""Hiroshima Dragonflies""]","{""status"": ""UNKNOWN"", ""requested"": ""26737826"", ""observed"": null, ""independently_observed"": false, ""direct_link_capture"": false, ""basis"": ""unverified""}","{""status"": ""UNKNOWN"", ""feed"": ""2026-09-25T09:45:00+00:00"", ""page"": null, ""difference_seconds"": null, ""tolerance_seconds"": 120}","{""status"": ""UNKNOWN"", ""feed"": ""basketball"", ""page"": """"}","{""status"": ""UNKNOWN"", ""feed"": """", ""page"": """", ""approved_mapping"": false, ""reason"": ""unmapped label or conflicting independent evidence""}","{""status"": ""UNKNOWN"", ""alert_market_fingerprint"": null, ""page_market_fingerprint"": null, ""fingerprint_match"": ""UNAVAILABLE""}","{""home"": {""status"": ""UNKNOWN"", ""feed"": null, ""page"": null, ""supplied_by_competition"": false}, ""away"": {""status"": ""UNKNOWN"", ""feed"": null, ""page"": null, ""supplied_by_competition"": false}}","{""home"": {""status"": ""UNKNOWN"", ""feed"": null, ""page"": null, ""supplied_by_competition"": false}, ""away"": {""status"": ""UNKNOWN"", ""feed"": null, ""page"": null, ""supplied_by_competition"": false}}","{""home"": {""status"": ""UNKNOWN"", ""feed"": null, ""page"": null, ""supplied_by_competition"": false}, ""away"": {""status"": ""UNKNOWN"", ""feed"": null, ""page"": null, ""supplied_by_competition"": false}}","{""home"": {""status"": ""UNKNOWN"", ""feed"": null, ""page"": null, ""supplied_by_competition"": false}, ""away"": {""status"": ""UNKNOWN"", ""feed"": null, ""page"": null, ""supplied_by_competition"": false}}","{""home"": {""status"": ""UNKNOWN"", ""feed"": null, ""page"": null, ""supplied_by_competition"": false}, ""away"": {""status"": ""UNKNOWN"", ""feed"": null, ""page"": null, ""supplied_by_competition"": false}}","{""feed"": {""name"": ""Saga Ballooners"", ""source"": ""structured"", ""confidence"": null, ""original_name"": ""Saga Ballooners"", ""reread_used"": false, ""dimensions"": {""gender"": null, ""age_group"": null, ""squad_tier"": null, ""reserve"": null, ""academy"": null}}, ""page"": {""name"": ""Saga Ballooners"", ""source"": ""ocr"", ""confidence"": null, ""original_name"": ""Saga Ballooners"", ""reread_used"": false, ""dimensions"": {""gender"": null, ""age_group"": null, ""squad_tier"": null, ""reserve"": null, ""academy"": null}}, ""kind"": ""EXACT"", ""compatible"": true, ""strong"": true, ""shared_distinctive_tokens"": [""ballooners"", ""saga""], ""similarity"": 1.0}","{""feed"": {""name"": ""Hiroshima Dragonflies"", ""source"": ""structured"", ""confidence"": null, ""original_name"": ""Hiroshima Dragonflies"", ""reread_used"": false, ""dimensions"": {""gender"": null, ""age_group"": null, ""squad_tier"": null, ""reserve"": null, ""academy"": null}}, ""page"": {""name"": ""Hiroshima Dragonflies"", ""source"": ""ocr"", ""confidence"": null, ""original_name"": ""Hiroshima Dragonflies"", ""reread_used"": false, ""dimensions"": {""gender"": null, ""age_group"": null, ""squad_tier"": null, ""reserve"": null, ""academy"": null}}, ""kind"": ""EXACT"", ""compatible"": true, ""strong"": true, ""shared_distinctive_tokens"": [""dragonflies"", ""hiroshima""], ""similarity"": 1.0}","{""home"": {""original"": {""name"": ""Saga Ballooners"", ""source"": ""ocr""}, ""used"": false}, ""away"": {""original"": {""name"": ""Hiroshima Dragonflies"", ""source"": ""ocr""}, ""used"": false}}",TARGET_NOT_FOUND,EXACT,AMBIGUOUS,"{""conflicts"": [], ""needs_recheck"": [], ""missing"": [""event_id"", ""event_page"", ""competing_event"", ""sport"", ""kickoff"", ""competition"", ""market_fingerprint"", ""orientation""]}"
sm-eventlink-login-1790319232,evidence/session-machine/sm-eventlink-login-1790319232.json,archive,"[""Besancon"", ""Val De Seine""]","[""Besancon AC"", ""Val de Seine""]","{""status"": ""UNKNOWN"", ""requested"": ""26747385"", ""observed"": null, ""independently_observed"": false, ""direct_link_capture"": false, ""basis"": ""unverified""}","{""status"": ""UNKNOWN"", ""feed"": null, ""page"": null, ""difference_seconds"": null, ""tolerance_seconds"": 120}","{""status"": ""UNKNOWN"", ""feed"": """", ""page"": """"}","{""status"": ""UNKNOWN"", ""feed"": ""france nationale 1 25 sep 19 00"", ""page"": """", ""approved_mapping"": false, ""reason"": ""unmapped label or conflicting independent evidence""}","{""status"": ""UNKNOWN"", ""alert_market_fingerprint"": null, ""page_market_fingerprint"": null, ""fingerprint_match"": ""UNAVAILABLE""}","{""home"": {""status"": ""UNKNOWN"", ""feed"": null, ""page"": null, ""supplied_by_competition"": false}, ""away"": {""status"": ""UNKNOWN"", ""feed"": null, ""page"": null, ""supplied_by_competition"": false}}","{""home"": {""status"": ""UNKNOWN"", ""feed"": null, ""page"": null, ""supplied_by_competition"": false}, ""away"": {""status"": ""UNKNOWN"", ""feed"": null, ""page"": null, ""supplied_by_competition"": false}}","{""home"": {""status"": ""UNKNOWN"", ""feed"": null, ""page"": null, ""supplied_by_competition"": false}, ""away"": {""status"": ""UNKNOWN"", ""feed"": null, ""page"": null, ""supplied_by_competition"": false}}","{""home"": {""status"": ""UNKNOWN"", ""feed"": null, ""page"": null, ""supplied_by_competition"": false}, ""away"": {""status"": ""UNKNOWN"", ""feed"": null, ""page"": null, ""supplied_by_competition"": false}}","{""home"": {""status"": ""UNKNOWN"", ""feed"": null, ""page"": null, ""supplied_by_competition"": false}, ""away"": {""status"": ""UNKNOWN"", ""feed"": null, ""page"": null, ""supplied_by_competition"": false}}","{""feed"": {""name"": ""Besancon"", ""source"": ""structured"", ""confidence"": null, ""original_name"": ""Besancon"", ""reread_used"": false, ""dimensions"": {""gender"": null, ""age_group"": null, ""squad_tier"": null, ""reserve"": null, ""academy"": null}}, ""page"": {""name"": ""Besancon AC"", ""source"": ""ocr"", ""confidence"": null, ""original_name"": ""Besancon AC"", ""reread_used"": false, ""dimensions"": {""gender"": null, ""age_group"": null, ""squad_tier"": null, ""reserve"": null, ""academy"": null}}, ""kind"": ""CANONICAL_MATCH"", ""compatible"": true, ""strong"": true, ""shared_distinctive_tokens"": [""besancon""], ""similarity"": 1.0}","{""feed"": {""name"": ""Val De Seine"", ""source"": ""structured"", ""confidence"": null, ""original_name"": ""Val De Seine"", ""reread_used"": false, ""dimensions"": {""gender"": null, ""age_group"": null, ""squad_tier"": null, ""reserve"": null, ""academy"": null}}, ""page"": {""name"": ""Val de Seine"", ""source"": ""ocr"", ""confidence"": null, ""original_name"": ""Val de Seine"", ""reread_used"": false, ""dimensions"": {""gender"": null, ""age_group"": null, ""squad_tier"": null, ""reserve"": null, ""academy"": null}}, ""kind"": ""EXACT"", ""compatible"": true, ""strong"": true, ""shared_distinctive_tokens"": [""seine"", ""val""], ""similarity"": 1.0}","{""home"": {""original"": {""name"": ""Besancon AC"", ""source"": ""ocr""}, ""used"": false}, ""away"": {""original"": {""name"": ""Val de Seine"", ""source"": ""ocr""}, ""used"": false}}",TARGET_NOT_FOUND,CANONICAL_MATCH,AMBIGUOUS,"{""conflicts"": [], ""needs_recheck"": [], ""missing"": [""event_id"", ""event_page"", ""competing_event"", ""sport"", ""kickoff"", ""competition"", ""market_fingerprint"", ""orientation""]}"
run:c_V9AJWB1diY4c8pEgvFppnzxHiQ95gxVrjATFov8nQbc,evidence/identity-corpus/backend_records.json;evidence/live-araraquara/run.json,archive,"[null, null]","[null, null]","{""status"": ""UNKNOWN"", ""requested"": ""26722034"", ""observed"": null, ""independently_observed"": false, ""direct_link_capture"": false, ""basis"": ""unverified""}","{""status"": ""UNKNOWN"", ""feed"": null, ""page"": null, ""difference_seconds"": null, ""tolerance_seconds"": 120}","{""status"": ""UNKNOWN"", ""feed"": """", ""page"": """"}","{""status"": ""UNKNOWN"", ""feed"": """", ""page"": """", ""approved_mapping"": false, ""reason"": ""unmapped label or conflicting independent evidence""}","{""status"": ""UNKNOWN"", ""alert_market_fingerprint"": null, ""page_market_fingerprint"": null, ""fingerprint_match"": ""UNAVAILABLE""}","{""home"": {""status"": ""UNKNOWN"", ""feed"": null, ""page"": null, ""supplied_by_competition"": false}, ""away"": {""status"": ""UNKNOWN"", ""feed"": null, ""page"": null, ""supplied_by_competition"": false}}","{""home"": {""status"": ""UNKNOWN"", ""feed"": null, ""page"": null, ""supplied_by_competition"": false}, ""away"": {""status"": ""UNKNOWN"", ""feed"": null, ""page"": null, ""supplied_by_competition"": false}}","{""home"": {""status"": ""UNKNOWN"", ""feed"": null, ""page"": null, ""supplied_by_competition"": false}, ""away"": {""status"": ""UNKNOWN"", ""feed"": null, ""page"": null, ""supplied_by_competition"": false}}","{""home"": {""status"": ""UNKNOWN"", ""feed"": null, ""page"": null, ""supplied_by_competition"": false}, ""away"": {""status"": ""UNKNOWN"", ""feed"": null, ""page"": null, ""supplied_by_competition"": false}}","{""home"": {""status"": ""UNKNOWN"", ""feed"": null, ""page"": null, ""supplied_by_competition"": false}, ""away"": {""status"": ""UNKNOWN"", ""feed"": null, ""page"": null, ""supplied_by_competition"": false}}","{""feed"": {""name"": """", ""source"": ""unknown"", ""confidence"": null, ""original_name"": """", ""reread_used"": false, ""dimensions"": {""gender"": null, ""age_group"": null, ""squad_tier"": null, ""reserve"": null, ""academy"": null}}, ""page"": {""name"": null, ""source"": ""ocr"", ""confidence"": null, ""original_name"": null, ""reread_used"": false, ""dimensions"": {""gender"": null, ""age_group"": null, ""squad_tier"": null, ""reserve"": null, ""academy"": null}}, ""kind"": ""MISSING"", ""compatible"": false, ""strong"": false, ""shared_distinctive_tokens"": [], ""similarity"": 0.0}","{""feed"": {""name"": """", ""source"": ""unknown"", ""confidence"": null, ""original_name"": """", ""reread_used"": false, ""dimensions"": {""gender"": null, ""age_group"": null, ""squad_tier"": null, ""reserve"": null, ""academy"": null}}, ""page"": {""name"": null, ""source"": ""ocr"", ""confidence"": null, ""original_name"": null, ""reread_used"": false, ""dimensions"": {""gender"": null, ""age_group"": null, ""squad_tier"": null, ""reserve"": null, ""academy"": null}}, ""kind"": ""MISSING"", ""compatible"": false, ""strong"": false, ""shared_distinctive_tokens"": [], ""similarity"": 0.0}","{""home"": {""original"": {""name"": null, ""source"": ""ocr""}, ""used"": false}, ""away"": {""original"": {""name"": null, ""source"": ""ocr""}, ""used"": false}}",WRONG_EVENT,,AMBIGUOUS,"{""conflicts"": [], ""needs_recheck"": [], ""missing"": [""event_id"", ""event_page"", ""competing_event"", ""sport"", ""kickoff"", ""competition"", ""market_fingerprint"", ""orientation"", ""names_incomplete_or_unrelated""]}"
run:c_WBT_j67LJORKAHk9A14IGeO1SzGAvUE1aFvjOe-ONQM,evidence/betslip-proof-0631/proof-totals-110409.json;evidence/betslip-proof-0631/totals1-run.json,archive,"[null, null]","[null, null]","{""status"": ""UNKNOWN"", ""requested"": null, ""observed"": null, ""independently_observed"": false, ""direct_link_capture"": false, ""basis"": ""unverified""}","{""status"": ""UNKNOWN"", ""feed"": null, ""page"": null, ""difference_seconds"": null, ""tolerance_seconds"": 120}","{""status"": ""UNKNOWN"", ""feed"": """", ""page"": """"}","{""status"": ""UNKNOWN"", ""feed"": """", ""page"": """", ""approved_mapping"": false, ""reason"": ""unmapped label or conflicting independent evidence""}","{""status"": ""UNKNOWN"", ""alert_market_fingerprint"": null, ""page_market_fingerprint"": null, ""fingerprint_match"": ""UNAVAILABLE""}","{""home"": {""status"": ""UNKNOWN"", ""feed"": null, ""page"": null, ""supplied_by_competition"": false}, ""away"": {""status"": ""UNKNOWN"", ""feed"": null, ""page"": null, ""supplied_by_competition"": false}}","{""home"": {""status"": ""UNKNOWN"", ""feed"": null, ""page"": null, ""supplied_by_competition"": false}, ""away"": {""status"": ""UNKNOWN"", ""feed"": null, ""page"": null, ""supplied_by_competition"": false}}","{""home"": {""status"": ""UNKNOWN"", ""feed"": null, ""page"": null, ""supplied_by_competition"": false}, ""away"": {""status"": ""UNKNOWN"", ""feed"": null, ""page"": null, ""supplied_by_competition"": false}}","{""home"": {""status"": ""UNKNOWN"", ""feed"": null, ""page"": null, ""supplied_by_competition"": false}, ""away"": {""status"": ""UNKNOWN"", ""feed"": null, ""page"": null, ""supplied_by_competition"": false}}","{""home"": {""status"": ""UNKNOWN"", ""feed"": null, ""page"": null, ""supplied_by_competition"": false}, ""away"": {""status"": ""UNKNOWN"", ""feed"": null, ""page"": null, ""supplied_by_competition"": false}}","{""feed"": {""name"": """", ""source"": ""unknown"", ""confidence"": null, ""original_name"": """", ""reread_used"": false, ""dimensions"": {""gender"": null, ""age_group"": null, ""squad_tier"": null, ""reserve"": null, ""academy"": null}}, ""page"": {""name"": null, ""source"": ""ocr"", ""confidence"": null, ""original_name"": null, ""reread_used"": false, ""dimensions"": {""gender"": null, ""age_group"": null, ""squad_tier"": null, ""reserve"": null, ""academy"": null}}, ""kind"": ""MISSING"", ""compatible"": false, ""strong"": false, ""shared_distinctive_tokens"": [], ""similarity"": 0.0}","{""feed"": {""name"": """", ""source"": ""unknown"", ""confidence"": null, ""original_name"": """", ""reread_used"": false, ""dimensions"": {""gender"": null, ""age_group"": null, ""squad_tier"": null, ""reserve"": null, ""academy"": null}}, ""page"": {""name"": null, ""source"": ""ocr"", ""confidence"": null, ""original_name"": null, ""reread_used"": false, ""dimensions"": {""gender"": null, ""age_group"": null, ""squad_tier"": null, ""reserve"": null, ""academy"": null}}, ""kind"": ""MISSING"", ""compatible"": false, ""strong"": false, ""shared_distinctive_tokens"": [], ""similarity"": 0.0}","{""home"": {""original"": {""name"": null, ""source"": ""ocr""}, ""used"": false}, ""away"": {""original"": {""name"": null, ""source"": ""ocr""}, ""used"": false}}",TARGET_NOT_FOUND,,AMBIGUOUS,"{""conflicts"": [], ""needs_recheck"": [], ""missing"": [""event_id"", ""event_page"", ""competing_event"", ""sport"", ""kickoff"", ""competition"", ""market_fingerprint"", ""orientation"", ""names_incomplete_or_unrelated""]}"
no_alias_mismatch-234543,evidence/milestone-b/no_alias_mismatch-234543.json,archive,"[""Besancon"", ""Riverside Club""]","[""Besancon AC"", ""Val de Seine""]","{""status"": ""UNKNOWN"", ""requested"": ""26747385"", ""observed"": null, ""independently_observed"": false, ""direct_link_capture"": false, ""basis"": ""unverified""}","{""status"": ""UNKNOWN"", ""feed"": ""2026-09-25T18:00:00+00:00"", ""page"": null, ""difference_seconds"": null, ""tolerance_seconds"": 120}","{""status"": ""UNKNOWN"", ""feed"": ""basketball"", ""page"": """"}","{""status"": ""UNKNOWN"", ""feed"": """", ""page"": """", ""approved_mapping"": false, ""reason"": ""unmapped label or conflicting independent evidence""}","{""status"": ""UNKNOWN"", ""alert_market_fingerprint"": null, ""page_market_fingerprint"": null, ""fingerprint_match"": ""UNAVAILABLE""}","{""home"": {""status"": ""UNKNOWN"", ""feed"": null, ""page"": null, ""supplied_by_competition"": false}, ""away"": {""status"": ""UNKNOWN"", ""feed"": null, ""page"": null, ""supplied_by_competition"": false}}","{""home"": {""status"": ""UNKNOWN"", ""feed"": null, ""page"": null, ""supplied_by_competition"": false}, ""away"": {""status"": ""UNKNOWN"", ""feed"": null, ""page"": null, ""supplied_by_competition"": false}}","{""home"": {""status"": ""UNKNOWN"", ""feed"": null, ""page"": null, ""supplied_by_competition"": false}, ""away"": {""status"": ""UNKNOWN"", ""feed"": null, ""page"": null, ""supplied_by_competition"": false}}","{""home"": {""status"": ""UNKNOWN"", ""feed"": null, ""page"": null, ""supplied_by_competition"": false}, ""away"": {""status"": ""UNKNOWN"", ""feed"": null, ""page"": null, ""supplied_by_competition"": false}}","{""home"": {""status"": ""UNKNOWN"", ""feed"": null, ""page"": null, ""supplied_by_competition"": false}, ""away"": {""status"": ""UNKNOWN"", ""feed"": null, ""page"": null, ""supplied_by_competition"": false}}","{""feed"": {""name"": ""Besancon"", ""source"": ""structured"", ""confidence"": null, ""original_name"": ""Besancon"", ""reread_used"": false, ""dimensions"": {""gender"": null, ""age_group"": null, ""squad_tier"": null, ""reserve"": null, ""academy"": null}}, ""page"": {""name"": ""Besancon AC"", ""source"": ""ocr"", ""confidence"": null, ""original_name"": ""Besancon AC"", ""reread_used"": false, ""dimensions"": {""gender"": null, ""age_group"": null, ""squad_tier"": null, ""reserve"": null, ""academy"": null}}, ""kind"": ""CANONICAL_MATCH"", ""compatible"": true, ""strong"": true, ""shared_distinctive_tokens"": [""besancon""], ""similarity"": 1.0}","{""feed"": {""name"": ""Riverside Club"", ""source"": ""structured"", ""confidence"": null, ""original_name"": ""Riverside Club"", ""reread_used"": false, ""dimensions"": {""gender"": null, ""age_group"": null, ""squad_tier"": null, ""reserve"": null, ""academy"": null}}, ""page"": {""name"": ""Val de Seine"", ""source"": ""ocr"", ""confidence"": null, ""original_name"": ""Val de Seine"", ""reread_used"": false, ""dimensions"": {""gender"": null, ""age_group"": null, ""squad_tier"": null, ""reserve"": null, ""academy"": null}}, ""kind"": ""UNRELATED"", ""compatible"": false, ""strong"": false, ""shared_distinctive_tokens"": [], ""similarity"": 0.0}","{""home"": {""original"": {""name"": ""Besancon AC"", ""source"": ""ocr""}, ""used"": false}, ""away"": {""original"": {""name"": ""Val de Seine"", ""source"": ""ocr""}, ""used"": false}}",WRONG_EVENT,MISMATCH,AMBIGUOUS,"{""conflicts"": [], ""needs_recheck"": [], ""missing"": [""event_id"", ""event_page"", ""competing_event"", ""sport"", ""kickoff"", ""competition"", ""market_fingerprint"", ""orientation"", ""names_incomplete_or_unrelated""]}"
run:c_YWbjTtzxvkm4hwTLFFzoPRhjxHEP4Brv-yeDjWG72jI,evidence/search-kyoto/batch1/kyoto-201841.json,archive,"[null, null]","[null, null]","{""status"": ""UNKNOWN"", ""requested"": null, ""observed"": null, ""independently_observed"": false, ""direct_link_capture"": false, ""basis"": ""unverified""}","{""status"": ""UNKNOWN"", ""feed"": null, ""page"": null, ""difference_seconds"": null, ""tolerance_seconds"": 120}","{""status"": ""UNKNOWN"", ""feed"": """", ""page"": """"}","{""status"": ""UNKNOWN"", ""feed"": """", ""page"": """", ""approved_mapping"": false, ""reason"": ""unmapped label or conflicting independent evidence""}","{""status"": ""UNKNOWN"", ""alert_market_fingerprint"": null, ""page_market_fingerprint"": null, ""fingerprint_match"": ""UNAVAILABLE""}","{""home"": {""status"": ""UNKNOWN"", ""feed"": null, ""page"": null, ""supplied_by_competition"": false}, ""away"": {""status"": ""UNKNOWN"", ""feed"": null, ""page"": null, ""supplied_by_competition"": false}}","{""home"": {""status"": ""UNKNOWN"", ""feed"": null, ""page"": null, ""supplied_by_competition"": false}, ""away"": {""status"": ""UNKNOWN"", ""feed"": null, ""page"": null, ""supplied_by_competition"": false}}","{""home"": {""status"": ""UNKNOWN"", ""feed"": null, ""page"": null, ""supplied_by_competition"": false}, ""away"": {""status"": ""UNKNOWN"", ""feed"": null, ""page"": null, ""supplied_by_competition"": false}}","{""home"": {""status"": ""UNKNOWN"", ""feed"": null, ""page"": null, ""supplied_by_competition"": false}, ""away"": {""status"": ""UNKNOWN"", ""feed"": null, ""page"": null, ""supplied_by_competition"": false}}","{""home"": {""status"": ""UNKNOWN"", ""feed"": null, ""page"": null, ""supplied_by_competition"": false}, ""away"": {""status"": ""UNKNOWN"", ""feed"": null, ""page"": null, ""supplied_by_competition"": false}}","{""feed"": {""name"": """", ""source"": ""unknown"", ""confidence"": null, ""original_name"": """", ""reread_used"": false, ""dimensions"": {""gender"": null, ""age_group"": null, ""squad_tier"": null, ""reserve"": null, ""academy"": null}}, ""page"": {""name"": null, ""source"": ""ocr"", ""confidence"": null, ""original_name"": null, ""reread_used"": false, ""dimensions"": {""gender"": null, ""age_group"": null, ""squad_tier"": null, ""reserve"": null, ""academy"": null}}, ""kind"": ""MISSING"", ""compatible"": false, ""strong"": false, ""shared_distinctive_tokens"": [], ""similarity"": 0.0}","{""feed"": {""name"": """", ""source"": ""unknown"", ""confidence"": null, ""original_name"": """", ""reread_used"": false, ""dimensions"": {""gender"": null, ""age_group"": null, ""squad_tier"": null, ""reserve"": null, ""academy"": null}}, ""page"": {""name"": null, ""source"": ""ocr"", ""confidence"": null, ""original_name"": null, ""reread_used"": false, ""dimensions"": {""gender"": null, ""age_group"": null, ""squad_tier"": null, ""reserve"": null, ""academy"": null}}, ""kind"": ""MISSING"", ""compatible"": false, ""strong"": false, ""shared_distinctive_tokens"": [], ""similarity"": 0.0}","{""home"": {""original"": {""name"": null, ""source"": ""ocr""}, ""used"": false}, ""away"": {""original"": {""name"": null, ""source"": ""ocr""}, ""used"": false}}",WRONG_EVENT,,AMBIGUOUS,"{""conflicts"": [], ""needs_recheck"": [], ""missing"": [""event_id"", ""event_page"", ""competing_event"", ""sport"", ""kickoff"", ""competition"", ""market_fingerprint"", ""orientation"", ""names_incomplete_or_unrelated""]}"
run:c__JFbnp-CFK2FaMj-SJUghTCbYUgKvtrmmnTb23pNzIY,evidence/football/captures/fb-vihiga-spread-102532/capture.json;evidence/football/captures/session-102545.json,archive,"[""Vihiga Queens"", ""Ulinzi Starlets""]","[""Vihiga Queens FC (W)"", ""Ulinzi Starlets (W)""]","{""status"": ""UNKNOWN"", ""requested"": ""201829714"", ""observed"": null, ""independently_observed"": false, ""direct_link_capture"": false, ""basis"": ""unverified""}","{""status"": ""UNKNOWN"", ""feed"": null, ""page"": null, ""difference_seconds"": null, ""tolerance_seconds"": 120}","{""status"": ""UNKNOWN"", ""feed"": """", ""page"": """"}","{""status"": ""UNKNOWN"", ""feed"": """", ""page"": """", ""approved_mapping"": false, ""reason"": ""unmapped label or conflicting independent evidence""}","{""status"": ""UNKNOWN"", ""alert_market_fingerprint"": null, ""page_market_fingerprint"": null, ""fingerprint_match"": ""UNAVAILABLE""}","{""home"": {""status"": ""NEEDS_RECHECK"", ""feed"": null, ""page"": ""women"", ""supplied_by_competition"": false}, ""away"": {""status"": ""NEEDS_RECHECK"", ""feed"": null, ""page"": ""women"", ""supplied_by_competition"": false}}","{""home"": {""status"": ""UNKNOWN"", ""feed"": null, ""page"": null, ""supplied_by_competition"": false}, ""away"": {""status"": ""UNKNOWN"", ""feed"": null, ""page"": null, ""supplied_by_competition"": false}}","{""home"": {""status"": ""UNKNOWN"", ""feed"": null, ""page"": null, ""supplied_by_competition"": false}, ""away"": {""status"": ""UNKNOWN"", ""feed"": null, ""page"": null, ""supplied_by_competition"": false}}","{""home"": {""status"": ""UNKNOWN"", ""feed"": null, ""page"": null, ""supplied_by_competition"": false}, ""away"": {""status"": ""UNKNOWN"", ""feed"": null, ""page"": null, ""supplied_by_competition"": false}}","{""home"": {""status"": ""UNKNOWN"", ""feed"": null, ""page"": null, ""supplied_by_competition"": false}, ""away"": {""status"": ""UNKNOWN"", ""feed"": null, ""page"": null, ""supplied_by_competition"": false}}","{""feed"": {""name"": ""Vihiga Queens"", ""source"": ""structured"", ""confidence"": null, ""original_name"": ""Vihiga Queens"", ""reread_used"": false, ""dimensions"": {""gender"": null, ""age_group"": null, ""squad_tier"": null, ""reserve"": null, ""academy"": null}}, ""page"": {""name"": ""Vihiga Queens FC (W)"", ""source"": ""ocr"", ""confidence"": null, ""original_name"": ""Vihiga Queens FC (W)"", ""reread_used"": false, ""dimensions"": {""gender"": ""women"", ""age_group"": null, ""squad_tier"": null, ""reserve"": null, ""academy"": null}}, ""kind"": ""CANONICAL_MATCH"", ""compatible"": true, ""strong"": true, ""shared_distinctive_tokens"": [""queens"", ""vihiga""], ""similarity"": 1.0}","{""feed"": {""name"": ""Ulinzi Starlets"", ""source"": ""structured"", ""confidence"": null, ""original_name"": ""Ulinzi Starlets"", ""reread_used"": false, ""dimensions"": {""gender"": null, ""age_group"": null, ""squad_tier"": null, ""reserve"": null, ""academy"": null}}, ""page"": {""name"": ""Ulinzi Starlets (W)"", ""source"": ""ocr"", ""confidence"": null, ""original_name"": ""Ulinzi Starlets (W)"", ""reread_used"": false, ""dimensions"": {""gender"": ""women"", ""age_group"": null, ""squad_tier"": null, ""reserve"": null, ""academy"": null}}, ""kind"": ""CANONICAL_MATCH"", ""compatible"": true, ""strong"": true, ""shared_distinctive_tokens"": [""starlets"", ""ulinzi""], ""similarity"": 1.0}","{""home"": {""original"": {""name"": ""Vihiga Queens FC (W)"", ""source"": ""ocr""}, ""used"": false}, ""away"": {""original"": {""name"": ""Ulinzi Starlets (W)"", ""source"": ""ocr""}, ""used"": false}}",WRONG_EVENT,MISMATCH,NEEDS_RECHECK,"{""conflicts"": [], ""needs_recheck"": [""home_gender"", ""away_gender""], ""missing"": [""event_id"", ""event_page"", ""competing_event"", ""sport"", ""kickoff"", ""competition"", ""market_fingerprint"", ""orientation""]}"
run:c__Ni1LwR5o1RXJ6OeG8tBYI78KR9XjaJ6n9ucBtCSv2c,evidence/prepare-0641/prep3-run.json;evidence/prepare-0641/proof-prep-192905.json,archive,"[null, null]","[null, null]","{""status"": ""UNKNOWN"", ""requested"": null, ""observed"": null, ""independently_observed"": false, ""direct_link_capture"": false, ""basis"": ""unverified""}","{""status"": ""UNKNOWN"", ""feed"": null, ""page"": null, ""difference_seconds"": null, ""tolerance_seconds"": 120}","{""status"": ""UNKNOWN"", ""feed"": """", ""page"": """"}","{""status"": ""UNKNOWN"", ""feed"": """", ""page"": """", ""approved_mapping"": false, ""reason"": ""unmapped label or conflicting independent evidence""}","{""status"": ""UNKNOWN"", ""alert_market_fingerprint"": null, ""page_market_fingerprint"": null, ""fingerprint_match"": ""UNAVAILABLE""}","{""home"": {""status"": ""UNKNOWN"", ""feed"": null, ""page"": null, ""supplied_by_competition"": false}, ""away"": {""status"": ""UNKNOWN"", ""feed"": null, ""page"": null, ""supplied_by_competition"": false}}","{""home"": {""status"": ""UNKNOWN"", ""feed"": null, ""page"": null, ""supplied_by_competition"": false}, ""away"": {""status"": ""UNKNOWN"", ""feed"": null, ""page"": null, ""supplied_by_competition"": false}}","{""home"": {""status"": ""UNKNOWN"", ""feed"": null, ""page"": null, ""supplied_by_competition"": false}, ""away"": {""status"": ""UNKNOWN"", ""feed"": null, ""page"": null, ""supplied_by_competition"": false}}","{""home"": {""status"": ""UNKNOWN"", ""feed"": null, ""page"": null, ""supplied_by_competition"": false}, ""away"": {""status"": ""UNKNOWN"", ""feed"": null, ""page"": null, ""supplied_by_competition"": false}}","{""home"": {""status"": ""UNKNOWN"", ""feed"": null, ""page"": null, ""supplied_by_competition"": false}, ""away"": {""status"": ""UNKNOWN"", ""feed"": null, ""page"": null, ""supplied_by_competition"": false}}","{""feed"": {""name"": """", ""source"": ""unknown"", ""confidence"": null, ""original_name"": """", ""reread_used"": false, ""dimensions"": {""gender"": null, ""age_group"": null, ""squad_tier"": null, ""reserve"": null, ""academy"": null}}, ""page"": {""name"": null, ""source"": ""ocr"", ""confidence"": null, ""original_name"": null, ""reread_used"": false, ""dimensions"": {""gender"": null, ""age_group"": null, ""squad_tier"": null, ""reserve"": null, ""academy"": null}}, ""kind"": ""MISSING"", ""compatible"": false, ""strong"": false, ""shared_distinctive_tokens"": [], ""similarity"": 0.0}","{""feed"": {""name"": """", ""source"": ""unknown"", ""confidence"": null, ""original_name"": """", ""reread_used"": false, ""dimensions"": {""gender"": null, ""age_group"": null, ""squad_tier"": null, ""reserve"": null, ""academy"": null}}, ""page"": {""name"": null, ""source"": ""ocr"", ""confidence"": null, ""original_name"": null, ""reread_used"": false, ""dimensions"": {""gender"": null, ""age_group"": null, ""squad_tier"": null, ""reserve"": null, ""academy"": null}}, ""kind"": ""MISSING"", ""compatible"": false, ""strong"": false, ""shared_distinctive_tokens"": [], ""similarity"": 0.0}","{""home"": {""original"": {""name"": null, ""source"": ""ocr""}, ""used"": false}, ""away"": {""original"": {""name"": null, ""source"": ""ocr""}, ""used"": false}}",TARGET_NOT_FOUND,,AMBIGUOUS,"{""conflicts"": [], ""needs_recheck"": [], ""missing"": [""event_id"", ""event_page"", ""competing_event"", ""sport"", ""kickoff"", ""competition"", ""market_fingerprint"", ""orientation"", ""names_incomplete_or_unrelated""]}"
search-fallback-174922,evidence/automatic-approval/search-fallback-1790441362/hold.json,archive,"[""Landstede Hammers"", ""Antwerp Giants""]","[null, null]","{""status"": ""UNKNOWN"", ""requested"": null, ""observed"": null, ""independently_observed"": false, ""direct_link_capture"": false, ""basis"": ""unverified""}","{""status"": ""UNKNOWN"", ""feed"": ""2026-09-26T18:30:00+00:00"", ""page"": null, ""difference_seconds"": null, ""tolerance_seconds"": 120}","{""status"": ""UNKNOWN"", ""feed"": ""basketball"", ""page"": """"}","{""status"": ""UNKNOWN"", ""feed"": ""bnxt super cup"", ""page"": """", ""approved_mapping"": false, ""reason"": ""unmapped label or conflicting independent evidence""}","{""status"": ""UNKNOWN"", ""alert_market_fingerprint"": null, ""page_market_fingerprint"": null, ""fingerprint_match"": ""UNAVAILABLE""}","{""home"": {""status"": ""UNKNOWN"", ""feed"": null, ""page"": null, ""supplied_by_competition"": false}, ""away"": {""status"": ""UNKNOWN"", ""feed"": null, ""page"": null, ""supplied_by_competition"": false}}","{""home"": {""status"": ""UNKNOWN"", ""feed"": null, ""page"": null, ""supplied_by_competition"": false}, ""away"": {""status"": ""UNKNOWN"", ""feed"": null, ""page"": null, ""supplied_by_competition"": false}}","{""home"": {""status"": ""UNKNOWN"", ""feed"": null, ""page"": null, ""supplied_by_competition"": false}, ""away"": {""status"": ""UNKNOWN"", ""feed"": null, ""page"": null, ""supplied_by_competition"": false}}","{""home"": {""status"": ""UNKNOWN"", ""feed"": null, ""page"": null, ""supplied_by_competition"": false}, ""away"": {""status"": ""UNKNOWN"", ""feed"": null, ""page"": null, ""supplied_by_competition"": false}}","{""home"": {""status"": ""UNKNOWN"", ""feed"": null, ""page"": null, ""supplied_by_competition"": false}, ""away"": {""status"": ""UNKNOWN"", ""feed"": null, ""page"": null, ""supplied_by_competition"": false}}","{""feed"": {""name"": ""Landstede Hammers"", ""source"": ""structured"", ""confidence"": null, ""original_name"": ""Landstede Hammers"", ""reread_used"": false, ""dimensions"": {""gender"": null, ""age_group"": null, ""squad_tier"": null, ""reserve"": null, ""academy"": null}}, ""page"": {""name"": null, ""source"": ""ocr"", ""confidence"": null, ""original_name"": null, ""reread_used"": false, ""dimensions"": {""gender"": null, ""age_group"": null, ""squad_tier"": null, ""reserve"": null, ""academy"": null}}, ""kind"": ""MISSING"", ""compatible"": false, ""strong"": false, ""shared_distinctive_tokens"": [], ""similarity"": 0.0}","{""feed"": {""name"": ""Antwerp Giants"", ""source"": ""structured"", ""confidence"": null, ""original_name"": ""Antwerp Giants"", ""reread_used"": false, ""dimensions"": {""gender"": null, ""age_group"": null, ""squad_tier"": null, ""reserve"": null, ""academy"": null}}, ""page"": {""name"": null, ""source"": ""ocr"", ""confidence"": null, ""original_name"": null, ""reread_used"": false, ""dimensions"": {""gender"": null, ""age_group"": null, ""squad_tier"": null, ""reserve"": null, ""academy"": null}}, ""kind"": ""MISSING"", ""compatible"": false, ""strong"": false, ""shared_distinctive_tokens"": [], ""similarity"": 0.0}","{""home"": {""original"": {""name"": null, ""source"": ""ocr""}, ""used"": false}, ""away"": {""original"": {""name"": null, ""source"": ""ocr""}, ""used"": false}}",TARGET_NOT_FOUND,,AMBIGUOUS,"{""conflicts"": [], ""needs_recheck"": [], ""missing"": [""event_id"", ""event_page"", ""competing_event"", ""sport"", ""kickoff"", ""competition"", ""market_fingerprint"", ""orientation"", ""names_incomplete_or_unrelated""]}"
run:c_aYMzUpZXxsm79he8Crwq08_Xh8f-x3TFwT3xosHdKZ0,evidence/stage-timeout-gunma-proof/fulham-evidence.json;evidence/stage-timeout-gunma-proof/fulham-result.json,archive,"[null, null]","[null, null]","{""status"": ""UNKNOWN"", ""requested"": null, ""observed"": null, ""independently_observed"": false, ""direct_link_capture"": false, ""basis"": ""unverified""}","{""status"": ""UNKNOWN"", ""feed"": null, ""page"": null, ""difference_seconds"": null, ""tolerance_seconds"": 120}","{""status"": ""UNKNOWN"", ""feed"": """", ""page"": """"}","{""status"": ""UNKNOWN"", ""feed"": """", ""page"": """", ""approved_mapping"": false, ""reason"": ""unmapped label or conflicting independent evidence""}","{""status"": ""UNKNOWN"", ""alert_market_fingerprint"": null, ""page_market_fingerprint"": null, ""fingerprint_match"": ""UNAVAILABLE""}","{""home"": {""status"": ""UNKNOWN"", ""feed"": null, ""page"": null, ""supplied_by_competition"": false}, ""away"": {""status"": ""UNKNOWN"", ""feed"": null, ""page"": null, ""supplied_by_competition"": false}}","{""home"": {""status"": ""UNKNOWN"", ""feed"": null, ""page"": null, ""supplied_by_competition"": false}, ""away"": {""status"": ""UNKNOWN"", ""feed"": null, ""page"": null, ""supplied_by_competition"": false}}","{""home"": {""status"": ""UNKNOWN"", ""feed"": null, ""page"": null, ""supplied_by_competition"": false}, ""away"": {""status"": ""UNKNOWN"", ""feed"": null, ""page"": null, ""supplied_by_competition"": false}}","{""home"": {""status"": ""UNKNOWN"", ""feed"": null, ""page"": null, ""supplied_by_competition"": false}, ""away"": {""status"": ""UNKNOWN"", ""feed"": null, ""page"": null, ""supplied_by_competition"": false}}","{""home"": {""status"": ""UNKNOWN"", ""feed"": null, ""page"": null, ""supplied_by_competition"": false}, ""away"": {""status"": ""UNKNOWN"", ""feed"": null, ""page"": null, ""supplied_by_competition"": false}}","{""feed"": {""name"": """", ""source"": ""unknown"", ""confidence"": null, ""original_name"": """", ""reread_used"": false, ""dimensions"": {""gender"": null, ""age_group"": null, ""squad_tier"": null, ""reserve"": null, ""academy"": null}}, ""page"": {""name"": null, ""source"": ""ocr"", ""confidence"": null, ""original_name"": null, ""reread_used"": false, ""dimensions"": {""gender"": null, ""age_group"": null, ""squad_tier"": null, ""reserve"": null, ""academy"": null}}, ""kind"": ""MISSING"", ""compatible"": false, ""strong"": false, ""shared_distinctive_tokens"": [], ""similarity"": 0.0}","{""feed"": {""name"": """", ""source"": ""unknown"", ""confidence"": null, ""original_name"": """", ""reread_used"": false, ""dimensions"": {""gender"": null, ""age_group"": null, ""squad_tier"": null, ""reserve"": null, ""academy"": null}}, ""page"": {""name"": null, ""source"": ""ocr"", ""confidence"": null, ""original_name"": null, ""reread_used"": false, ""dimensions"": {""gender"": null, ""age_group"": null, ""squad_tier"": null, ""reserve"": null, ""academy"": null}}, ""kind"": ""MISSING"", ""compatible"": false, ""strong"": false, ""shared_distinctive_tokens"": [], ""similarity"": 0.0}","{""home"": {""original"": {""name"": null, ""source"": ""ocr""}, ""used"": false}, ""away"": {""original"": {""name"": null, ""source"": ""ocr""}, ""used"": false}}",TARGET_NOT_FOUND,,AMBIGUOUS,"{""conflicts"": [], ""needs_recheck"": [], ""missing"": [""event_id"", ""event_page"", ""competing_event"", ""sport"", ""kickoff"", ""competition"", ""market_fingerprint"", ""orientation"", ""names_incomplete_or_unrelated""]}"
tzprobe-1790441207-3,evidence/timezone-probe/run-1790441189/3.json;evidence/timezone-probe/run-1790441189/summary.json,archive,"[""Landstede Hammers"", ""Antwerp Giants""]","[""Landstede Zwolle"", ""Antwerp Giants""]","{""status"": ""UNKNOWN"", ""requested"": ""26823685"", ""observed"": null, ""independently_observed"": false, ""direct_link_capture"": false, ""basis"": ""unverified""}","{""status"": ""UNKNOWN"", ""feed"": ""2026-09-26T18:30:00+00:00"", ""page"": null, ""difference_seconds"": null, ""tolerance_seconds"": 120}","{""status"": ""UNKNOWN"", ""feed"": ""basketball"", ""page"": """"}","{""status"": ""UNKNOWN"", ""feed"": ""bnxt super cup"", ""page"": """", ""approved_mapping"": false, ""reason"": ""unmapped label or conflicting independent evidence""}","{""status"": ""UNKNOWN"", ""alert_market_fingerprint"": null, ""page_market_fingerprint"": null, ""fingerprint_match"": ""UNAVAILABLE""}","{""home"": {""status"": ""UNKNOWN"", ""feed"": null, ""page"": null, ""supplied_by_competition"": false}, ""away"": {""status"": ""UNKNOWN"", ""feed"": null, ""page"": null, ""supplied_by_competition"": false}}","{""home"": {""status"": ""UNKNOWN"", ""feed"": null, ""page"": null, ""supplied_by_competition"": false}, ""away"": {""status"": ""UNKNOWN"", ""feed"": null, ""page"": null, ""supplied_by_competition"": false}}","{""home"": {""status"": ""UNKNOWN"", ""feed"": null, ""page"": null, ""supplied_by_competition"": false}, ""away"": {""status"": ""UNKNOWN"", ""feed"": null, ""page"": null, ""supplied_by_competition"": false}}","{""home"": {""status"": ""UNKNOWN"", ""feed"": null, ""page"": null, ""supplied_by_competition"": false}, ""away"": {""status"": ""UNKNOWN"", ""feed"": null, ""page"": null, ""supplied_by_competition"": false}}","{""home"": {""status"": ""UNKNOWN"", ""feed"": null, ""page"": null, ""supplied_by_competition"": false}, ""away"": {""status"": ""UNKNOWN"", ""feed"": null, ""page"": null, ""supplied_by_competition"": false}}","{""feed"": {""name"": ""Landstede Hammers"", ""source"": ""structured"", ""confidence"": null, ""original_name"": ""Landstede Hammers"", ""reread_used"": false, ""dimensions"": {""gender"": null, ""age_group"": null, ""squad_tier"": null, ""reserve"": null, ""academy"": null}}, ""page"": {""name"": ""Landstede Zwolle"", ""source"": ""ocr"", ""confidence"": null, ""original_name"": ""Landstede Zwolle"", ""reread_used"": false, ""dimensions"": {""gender"": null, ""age_group"": null, ""squad_tier"": null, ""reserve"": null, ""academy"": null}}, ""kind"": ""SHARED_CORE_CONTEXT_ONLY"", ""compatible"": true, ""strong"": false, ""shared_distinctive_tokens"": [""landstede""], ""similarity"": 0.3333}","{""feed"": {""name"": ""Antwerp Giants"", ""source"": ""structured"", ""confidence"": null, ""original_name"": ""Antwerp Giants"", ""reread_used"": false, ""dimensions"": {""gender"": null, ""age_group"": null, ""squad_tier"": null, ""reserve"": null, ""academy"": null}}, ""page"": {""name"": ""Antwerp Giants"", ""source"": ""ocr"", ""confidence"": null, ""original_name"": ""Antwerp Giants"", ""reread_used"": false, ""dimensions"": {""gender"": null, ""age_group"": null, ""squad_tier"": null, ""reserve"": null, ""academy"": null}}, ""kind"": ""EXACT"", ""compatible"": true, ""strong"": true, ""shared_distinctive_tokens"": [""antwerp""], ""similarity"": 1.0}","{""home"": {""original"": {""name"": ""Landstede Zwolle"", ""source"": ""ocr""}, ""used"": false}, ""away"": {""original"": {""name"": ""Antwerp Giants"", ""source"": ""ocr""}, ""used"": false}}",TARGET_NOT_FOUND,HIGH_CONFIDENCE_EVENT_MATCH,AMBIGUOUS,"{""conflicts"": [], ""needs_recheck"": [], ""missing"": [""event_id"", ""event_page"", ""competing_event"", ""sport"", ""kickoff"", ""competition"", ""market_fingerprint"", ""orientation""]}"
tzprobe-1790440984-2,evidence/timezone-probe/run-1790440976/2.json;evidence/timezone-probe/run-1790440976/summary.json,archive,"[""Landstede Hammers"", ""Antwerp Giants""]","[""Landstede Zwolle"", ""Antwerp Giants""]","{""status"": ""UNKNOWN"", ""requested"": ""26823685"", ""observed"": null, ""independently_observed"": false, ""direct_link_capture"": false, ""basis"": ""unverified""}","{""status"": ""CONFLICT"", ""feed"": ""2026-09-26T19:30:00+00:00"", ""page"": ""2026-09-26T19:30:00+01:00"", ""difference_seconds"": 3600.0, ""tolerance_seconds"": 120}","{""status"": ""UNKNOWN"", ""feed"": ""basketball"", ""page"": """"}","{""status"": ""UNKNOWN"", ""feed"": ""bnxt super cup"", ""page"": """", ""approved_mapping"": false, ""reason"": ""unmapped label or conflicting independent evidence""}","{""status"": ""UNKNOWN"", ""alert_market_fingerprint"": null, ""page_market_fingerprint"": null, ""fingerprint_match"": ""UNAVAILABLE""}","{""home"": {""status"": ""UNKNOWN"", ""feed"": null, ""page"": null, ""supplied_by_competition"": false}, ""away"": {""status"": ""UNKNOWN"", ""feed"": null, ""page"": null, ""supplied_by_competition"": false}}","{""home"": {""status"": ""UNKNOWN"", ""feed"": null, ""page"": null, ""supplied_by_competition"": false}, ""away"": {""status"": ""UNKNOWN"", ""feed"": null, ""page"": null, ""supplied_by_competition"": false}}","{""home"": {""status"": ""UNKNOWN"", ""feed"": null, ""page"": null, ""supplied_by_competition"": false}, ""away"": {""status"": ""UNKNOWN"", ""feed"": null, ""page"": null, ""supplied_by_competition"": false}}","{""home"": {""status"": ""UNKNOWN"", ""feed"": null, ""page"": null, ""supplied_by_competition"": false}, ""away"": {""status"": ""UNKNOWN"", ""feed"": null, ""page"": null, ""supplied_by_competition"": false}}","{""home"": {""status"": ""UNKNOWN"", ""feed"": null, ""page"": null, ""supplied_by_competition"": false}, ""away"": {""status"": ""UNKNOWN"", ""feed"": null, ""page"": null, ""supplied_by_competition"": false}}","{""feed"": {""name"": ""Landstede Hammers"", ""source"": ""structured"", ""confidence"": null, ""original_name"": ""Landstede Hammers"", ""reread_used"": false, ""dimensions"": {""gender"": null, ""age_group"": null, ""squad_tier"": null, ""reserve"": null, ""academy"": null}}, ""page"": {""name"": ""Landstede Zwolle"", ""source"": ""ocr"", ""confidence"": null, ""original_name"": ""Landstede Zwolle"", ""reread_used"": false, ""dimensions"": {""gender"": null, ""age_group"": null, ""squad_tier"": null, ""reserve"": null, ""academy"": null}}, ""kind"": ""SHARED_CORE_CONTEXT_ONLY"", ""compatible"": true, ""strong"": false, ""shared_distinctive_tokens"": [""landstede""], ""similarity"": 0.3333}","{""feed"": {""name"": ""Antwerp Giants"", ""source"": ""structured"", ""confidence"": null, ""original_name"": ""Antwerp Giants"", ""reread_used"": false, ""dimensions"": {""gender"": null, ""age_group"": null, ""squad_tier"": null, ""reserve"": null, ""academy"": null}}, ""page"": {""name"": ""Antwerp Giants"", ""source"": ""ocr"", ""confidence"": null, ""original_name"": ""Antwerp Giants"", ""reread_used"": false, ""dimensions"": {""gender"": null, ""age_group"": null, ""squad_tier"": null, ""reserve"": null, ""academy"": null}}, ""kind"": ""EXACT"", ""compatible"": true, ""strong"": true, ""shared_distinctive_tokens"": [""antwerp""], ""similarity"": 1.0}","{""home"": {""original"": {""name"": ""Landstede Zwolle"", ""source"": ""ocr""}, ""used"": false}, ""away"": {""original"": {""name"": ""Antwerp Giants"", ""source"": ""ocr""}, ""used"": false}}",WRONG_EVENT,MISMATCH,CONFLICT,"{""conflicts"": [""kickoff""], ""needs_recheck"": [], ""missing"": [""event_id"", ""event_page"", ""competing_event"", ""sport"", ""competition"", ""market_fingerprint"", ""orientation""]}"
wrong_link_fail_closed-003716,evidence/milestone-c/wrong_link_fail_closed-003716.json,archive,"[""Kyoto Hannaryz"", ""Shiga Lake Stars""]","[""Besancon AC"", ""Val de Seine""]","{""status"": ""UNKNOWN"", ""requested"": ""26747385"", ""observed"": null, ""independently_observed"": false, ""direct_link_capture"": false, ""basis"": ""unverified""}","{""status"": ""CONFLICT"", ""feed"": ""2026-09-25T09:35:00+00:00"", ""page"": ""2026-09-25T19:00:00+01:00"", ""difference_seconds"": 30300.0, ""tolerance_seconds"": 120}","{""status"": ""UNKNOWN"", ""feed"": ""basketball"", ""page"": """"}","{""status"": ""UNKNOWN"", ""feed"": """", ""page"": """", ""approved_mapping"": false, ""reason"": ""unmapped label or conflicting independent evidence""}","{""status"": ""UNKNOWN"", ""alert_market_fingerprint"": null, ""page_market_fingerprint"": null, ""fingerprint_match"": ""UNAVAILABLE""}","{""home"": {""status"": ""UNKNOWN"", ""feed"": null, ""page"": null, ""supplied_by_competition"": false}, ""away"": {""status"": ""UNKNOWN"", ""feed"": null, ""page"": null, ""supplied_by_competition"": false}}","{""home"": {""status"": ""UNKNOWN"", ""feed"": null, ""page"": null, ""supplied_by_competition"": false}, ""away"": {""status"": ""UNKNOWN"", ""feed"": null, ""page"": null, ""supplied_by_competition"": false}}","{""home"": {""status"": ""UNKNOWN"", ""feed"": null, ""page"": null, ""supplied_by_competition"": false}, ""away"": {""status"": ""UNKNOWN"", ""feed"": null, ""page"": null, ""supplied_by_competition"": false}}","{""home"": {""status"": ""UNKNOWN"", ""feed"": null, ""page"": null, ""supplied_by_competition"": false}, ""away"": {""status"": ""UNKNOWN"", ""feed"": null, ""page"": null, ""supplied_by_competition"": false}}","{""home"": {""status"": ""UNKNOWN"", ""feed"": null, ""page"": null, ""supplied_by_competition"": false}, ""away"": {""status"": ""UNKNOWN"", ""feed"": null, ""page"": null, ""supplied_by_competition"": false}}","{""feed"": {""name"": ""Kyoto Hannaryz"", ""source"": ""structured"", ""confidence"": null, ""original_name"": ""Kyoto Hannaryz"", ""reread_used"": false, ""dimensions"": {""gender"": null, ""age_group"": null, ""squad_tier"": null, ""reserve"": null, ""academy"": null}}, ""page"": {""name"": ""Besancon AC"", ""source"": ""ocr"", ""confidence"": null, ""original_name"": ""Besancon AC"", ""reread_used"": false, ""dimensions"": {""gender"": null, ""age_group"": null, ""squad_tier"": null, ""reserve"": null, ""academy"": null}}, ""kind"": ""UNRELATED"", ""compatible"": false, ""strong"": false, ""shared_distinctive_tokens"": [], ""similarity"": 0.0}","{""feed"": {""name"": ""Shiga Lake Stars"", ""source"": ""structured"", ""confidence"": null, ""original_name"": ""Shiga Lake Stars"", ""reread_used"": false, ""dimensions"": {""gender"": null, ""age_group"": null, ""squad_tier"": null, ""reserve"": null, ""academy"": null}}, ""page"": {""name"": ""Val de Seine"", ""source"": ""ocr"", ""confidence"": null, ""original_name"": ""Val de Seine"", ""reread_used"": false, ""dimensions"": {""gender"": null, ""age_group"": null, ""squad_tier"": null, ""reserve"": null, ""academy"": null}}, ""kind"": ""UNRELATED"", ""compatible"": false, ""strong"": false, ""shared_distinctive_tokens"": [], ""similarity"": 0.0}","{""home"": {""original"": {""name"": ""Besancon AC"", ""source"": ""ocr""}, ""used"": false}, ""away"": {""original"": {""name"": ""Val de Seine"", ""source"": ""ocr""}, ""used"": false}}",WRONG_EVENT,MISMATCH,CONFLICT,"{""conflicts"": [""kickoff""], ""needs_recheck"": [], ""missing"": [""event_id"", ""event_page"", ""competing_event"", ""sport"", ""competition"", ""market_fingerprint"", ""orientation"", ""names_incomplete_or_unrelated""]}"
forensic-1790366014-hold,evidence/strategy-audit/phone/hold.json,archive,"[""VFL Kirchheim Knights"", ""Wolmirstedt""]","[""Kirchheim"", ""SBB Baskets Wolmirstedt""]","{""status"": ""UNKNOWN"", ""requested"": ""26748183"", ""observed"": null, ""independently_observed"": false, ""direct_link_capture"": false, ""basis"": ""unverified""}","{""status"": ""UNKNOWN"", ""feed"": ""2026-09-26T16:00:00+00:00"", ""page"": null, ""difference_seconds"": null, ""tolerance_seconds"": 120}","{""status"": ""UNKNOWN"", ""feed"": ""basketball"", ""page"": """"}","{""status"": ""UNKNOWN"", ""feed"": """", ""page"": """", ""approved_mapping"": false, ""reason"": ""unmapped label or conflicting independent evidence""}","{""status"": ""UNKNOWN"", ""alert_market_fingerprint"": null, ""page_market_fingerprint"": null, ""fingerprint_match"": ""UNAVAILABLE""}","{""home"": {""status"": ""UNKNOWN"", ""feed"": null, ""page"": null, ""supplied_by_competition"": false}, ""away"": {""status"": ""UNKNOWN"", ""feed"": null, ""page"": null, ""supplied_by_competition"": false}}","{""home"": {""status"": ""UNKNOWN"", ""feed"": null, ""page"": null, ""supplied_by_competition"": false}, ""away"": {""status"": ""UNKNOWN"", ""feed"": null, ""page"": null, ""supplied_by_competition"": false}}","{""home"": {""status"": ""UNKNOWN"", ""feed"": null, ""page"": null, ""supplied_by_competition"": false}, ""away"": {""status"": ""UNKNOWN"", ""feed"": null, ""page"": null, ""supplied_by_competition"": false}}","{""home"": {""status"": ""UNKNOWN"", ""feed"": null, ""page"": null, ""supplied_by_competition"": false}, ""away"": {""status"": ""UNKNOWN"", ""feed"": null, ""page"": null, ""supplied_by_competition"": false}}","{""home"": {""status"": ""UNKNOWN"", ""feed"": null, ""page"": null, ""supplied_by_competition"": false}, ""away"": {""status"": ""UNKNOWN"", ""feed"": null, ""page"": null, ""supplied_by_competition"": false}}","{""feed"": {""name"": ""VFL Kirchheim Knights"", ""source"": ""structured"", ""confidence"": null, ""original_name"": ""VFL Kirchheim Knights"", ""reread_used"": false, ""dimensions"": {""gender"": null, ""age_group"": null, ""squad_tier"": null, ""reserve"": null, ""academy"": null}}, ""page"": {""name"": ""Kirchheim"", ""source"": ""ocr"", ""confidence"": null, ""original_name"": ""Kirchheim"", ""reread_used"": false, ""dimensions"": {""gender"": null, ""age_group"": null, ""squad_tier"": null, ""reserve"": null, ""academy"": null}}, ""kind"": ""TOKEN_CONTAINMENT"", ""compatible"": true, ""strong"": false, ""shared_distinctive_tokens"": [""kirchheim""], ""similarity"": 0.3333}","{""feed"": {""name"": ""Wolmirstedt"", ""source"": ""structured"", ""confidence"": null, ""original_name"": ""Wolmirstedt"", ""reread_used"": false, ""dimensions"": {""gender"": null, ""age_group"": null, ""squad_tier"": null, ""reserve"": null, ""academy"": null}}, ""page"": {""name"": ""SBB Baskets Wolmirstedt"", ""source"": ""ocr"", ""confidence"": null, ""original_name"": ""SBB Baskets Wolmirstedt"", ""reread_used"": false, ""dimensions"": {""gender"": null, ""age_group"": null, ""squad_tier"": null, ""reserve"": null, ""academy"": null}}, ""kind"": ""TOKEN_CONTAINMENT"", ""compatible"": true, ""strong"": false, ""shared_distinctive_tokens"": [""wolmirstedt""], ""similarity"": 0.3333}","{""home"": {""original"": {""name"": ""Kirchheim"", ""source"": ""ocr""}, ""used"": false}, ""away"": {""original"": {""name"": ""SBB Baskets Wolmirstedt"", ""source"": ""ocr""}, ""used"": false}}",ALIAS_REQUIRED,AMBIGUOUS,AMBIGUOUS,"{""conflicts"": [], ""needs_recheck"": [], ""missing"": [""event_id"", ""event_page"", ""competing_event"", ""sport"", ""kickoff"", ""competition"", ""market_fingerprint"", ""orientation""]}"
run:c_dzXcEaxoxTHkykuakAHBbmgB7re-F2w6M7u_jyLaSlY,evidence/identity-corpus/backend_records.json;evidence/live-berck/run.json,archive,"[null, null]","[null, null]","{""status"": ""UNKNOWN"", ""requested"": null, ""observed"": null, ""independently_observed"": false, ""direct_link_capture"": false, ""basis"": ""unverified""}","{""status"": ""UNKNOWN"", ""feed"": null, ""page"": null, ""difference_seconds"": null, ""tolerance_seconds"": 120}","{""status"": ""UNKNOWN"", ""feed"": """", ""page"": """"}","{""status"": ""UNKNOWN"", ""feed"": """", ""page"": """", ""approved_mapping"": false, ""reason"": ""unmapped label or conflicting independent evidence""}","{""status"": ""UNKNOWN"", ""alert_market_fingerprint"": null, ""page_market_fingerprint"": null, ""fingerprint_match"": ""UNAVAILABLE""}","{""home"": {""status"": ""UNKNOWN"", ""feed"": null, ""page"": null, ""supplied_by_competition"": false}, ""away"": {""status"": ""UNKNOWN"", ""feed"": null, ""page"": null, ""supplied_by_competition"": false}}","{""home"": {""status"": ""UNKNOWN"", ""feed"": null, ""page"": null, ""supplied_by_competition"": false}, ""away"": {""status"": ""UNKNOWN"", ""feed"": null, ""page"": null, ""supplied_by_competition"": false}}","{""home"": {""status"": ""UNKNOWN"", ""feed"": null, ""page"": null, ""supplied_by_competition"": false}, ""away"": {""status"": ""UNKNOWN"", ""feed"": null, ""page"": null, ""supplied_by_competition"": false}}","{""home"": {""status"": ""UNKNOWN"", ""feed"": null, ""page"": null, ""supplied_by_competition"": false}, ""away"": {""status"": ""UNKNOWN"", ""feed"": null, ""page"": null, ""supplied_by_competition"": false}}","{""home"": {""status"": ""UNKNOWN"", ""feed"": null, ""page"": null, ""supplied_by_competition"": false}, ""away"": {""status"": ""UNKNOWN"", ""feed"": null, ""page"": null, ""supplied_by_competition"": false}}","{""feed"": {""name"": """", ""source"": ""unknown"", ""confidence"": null, ""original_name"": """", ""reread_used"": false, ""dimensions"": {""gender"": null, ""age_group"": null, ""squad_tier"": null, ""reserve"": null, ""academy"": null}}, ""page"": {""name"": null, ""source"": ""ocr"", ""confidence"": null, ""original_name"": null, ""reread_used"": false, ""dimensions"": {""gender"": null, ""age_group"": null, ""squad_tier"": null, ""reserve"": null, ""academy"": null}}, ""kind"": ""MISSING"", ""compatible"": false, ""strong"": false, ""shared_distinctive_tokens"": [], ""similarity"": 0.0}","{""feed"": {""name"": """", ""source"": ""unknown"", ""confidence"": null, ""original_name"": """", ""reread_used"": false, ""dimensions"": {""gender"": null, ""age_group"": null, ""squad_tier"": null, ""reserve"": null, ""academy"": null}}, ""page"": {""name"": null, ""source"": ""ocr"", ""confidence"": null, ""original_name"": null, ""reread_used"": false, ""dimensions"": {""gender"": null, ""age_group"": null, ""squad_tier"": null, ""reserve"": null, ""academy"": null}}, ""kind"": ""MISSING"", ""compatible"": false, ""strong"": false, ""shared_distinctive_tokens"": [], ""similarity"": 0.0}","{""home"": {""original"": {""name"": null, ""source"": ""ocr""}, ""used"": false}, ""away"": {""original"": {""name"": null, ""source"": ""ocr""}, ""used"": false}}",WRONG_EVENT,,AMBIGUOUS,"{""conflicts"": [], ""needs_recheck"": [], ""missing"": [""event_id"", ""event_page"", ""competing_event"", ""sport"", ""kickoff"", ""competition"", ""market_fingerprint"", ""orientation"", ""names_incomplete_or_unrelated""]}"
fbhold-SPREAD-114020,evidence/football/holds/fbhold-SPREAD-114020/hold.json,archive,"[""Eskilsminne"", ""AFC Malmo""]","[""Eskilsminne IF"", ""Ariana FC Malmo""]","{""status"": ""UNKNOWN"", ""requested"": ""201693820"", ""observed"": null, ""independently_observed"": false, ""direct_link_capture"": false, ""basis"": ""unverified""}","{""status"": ""UNKNOWN"", ""feed"": ""2026-09-27T11:00:00+00:00"", ""page"": null, ""difference_seconds"": null, ""tolerance_seconds"": 120}","{""status"": ""UNKNOWN"", ""feed"": ""football"", ""page"": """"}","{""status"": ""UNKNOWN"", ""feed"": ""division 1 sodra"", ""page"": """", ""approved_mapping"": false, ""reason"": ""unmapped label or conflicting independent evidence""}","{""status"": ""UNKNOWN"", ""alert_market_fingerprint"": null, ""page_market_fingerprint"": null, ""fingerprint_match"": ""UNAVAILABLE""}","{""home"": {""status"": ""UNKNOWN"", ""feed"": null, ""page"": null, ""supplied_by_competition"": false}, ""away"": {""status"": ""UNKNOWN"", ""feed"": null, ""page"": null, ""supplied_by_competition"": false}}","{""home"": {""status"": ""UNKNOWN"", ""feed"": null, ""page"": null, ""supplied_by_competition"": false}, ""away"": {""status"": ""UNKNOWN"", ""feed"": null, ""page"": null, ""supplied_by_competition"": false}}","{""home"": {""status"": ""UNKNOWN"", ""feed"": null, ""page"": null, ""supplied_by_competition"": false}, ""away"": {""status"": ""UNKNOWN"", ""feed"": null, ""page"": null, ""supplied_by_competition"": false}}","{""home"": {""status"": ""UNKNOWN"", ""feed"": null, ""page"": null, ""supplied_by_competition"": false}, ""away"": {""status"": ""UNKNOWN"", ""feed"": null, ""page"": null, ""supplied_by_competition"": false}}","{""home"": {""status"": ""UNKNOWN"", ""feed"": null, ""page"": null, ""supplied_by_competition"": false}, ""away"": {""status"": ""UNKNOWN"", ""feed"": null, ""page"": null, ""supplied_by_competition"": false}}","{""feed"": {""name"": ""Eskilsminne"", ""source"": ""structured"", ""confidence"": null, ""original_name"": ""Eskilsminne"", ""reread_used"": false, ""dimensions"": {""gender"": null, ""age_group"": null, ""squad_tier"": null, ""reserve"": null, ""academy"": null}}, ""page"": {""name"": ""Eskilsminne IF"", ""source"": ""ocr"", ""confidence"": null, ""original_name"": ""Eskilsminne IF"", ""reread_used"": false, ""dimensions"": {""gender"": null, ""age_group"": null, ""squad_tier"": null, ""reserve"": null, ""academy"": null}}, ""kind"": ""TOKEN_CONTAINMENT"", ""compatible"": true, ""strong"": false, ""shared_distinctive_tokens"": [""eskilsminne""], ""similarity"": 0.5}","{""feed"": {""name"": ""AFC Malmo"", ""source"": ""structured"", ""confidence"": null, ""original_name"": ""AFC Malmo"", ""reread_used"": false, ""dimensions"": {""gender"": null, ""age_group"": null, ""squad_tier"": null, ""reserve"": null, ""academy"": null}}, ""page"": {""name"": ""Ariana FC Malmo"", ""source"": ""ocr"", ""confidence"": null, ""original_name"": ""Ariana FC Malmo"", ""reread_used"": false, ""dimensions"": {""gender"": null, ""age_group"": null, ""squad_tier"": null, ""reserve"": null, ""academy"": null}}, ""kind"": ""SHARED_CORE_CONTEXT_ONLY"", ""compatible"": true, ""strong"": false, ""shared_distinctive_tokens"": [""malmo""], ""similarity"": 0.3333}","{""home"": {""original"": {""name"": ""Eskilsminne IF"", ""source"": ""ocr""}, ""used"": false}, ""away"": {""original"": {""name"": ""Ariana FC Malmo"", ""source"": ""ocr""}, ""used"": false}}",ALIAS_REQUIRED,AMBIGUOUS,AMBIGUOUS,"{""conflicts"": [], ""needs_recheck"": [], ""missing"": [""event_id"", ""event_page"", ""competing_event"", ""sport"", ""kickoff"", ""competition"", ""market_fingerprint"", ""orientation""]}"
run:c_gLb8IoyTHNATmAx2bnKeg8HCNBvlPvvyStmT4JKZbUY,evidence/search-kyoto/k1/run.json;evidence/search-kyoto/proof-kyoto1-200619.json,archive,"[null, null]","[null, null]","{""status"": ""UNKNOWN"", ""requested"": null, ""observed"": null, ""independently_observed"": false, ""direct_link_capture"": false, ""basis"": ""unverified""}","{""status"": ""UNKNOWN"", ""feed"": null, ""page"": null, ""difference_seconds"": null, ""tolerance_seconds"": 120}","{""status"": ""UNKNOWN"", ""feed"": """", ""page"": """"}","{""status"": ""UNKNOWN"", ""feed"": """", ""page"": """", ""approved_mapping"": false, ""reason"": ""unmapped label or conflicting independent evidence""}","{""status"": ""UNKNOWN"", ""alert_market_fingerprint"": null, ""page_market_fingerprint"": null, ""fingerprint_match"": ""UNAVAILABLE""}","{""home"": {""status"": ""UNKNOWN"", ""feed"": null, ""page"": null, ""supplied_by_competition"": false}, ""away"": {""status"": ""UNKNOWN"", ""feed"": null, ""page"": null, ""supplied_by_competition"": false}}","{""home"": {""status"": ""UNKNOWN"", ""feed"": null, ""page"": null, ""supplied_by_competition"": false}, ""away"": {""status"": ""UNKNOWN"", ""feed"": null, ""page"": null, ""supplied_by_competition"": false}}","{""home"": {""status"": ""UNKNOWN"", ""feed"": null, ""page"": null, ""supplied_by_competition"": false}, ""away"": {""status"": ""UNKNOWN"", ""feed"": null, ""page"": null, ""supplied_by_competition"": false}}","{""home"": {""status"": ""UNKNOWN"", ""feed"": null, ""page"": null, ""supplied_by_competition"": false}, ""away"": {""status"": ""UNKNOWN"", ""feed"": null, ""page"": null, ""supplied_by_competition"": false}}","{""home"": {""status"": ""UNKNOWN"", ""feed"": null, ""page"": null, ""supplied_by_competition"": false}, ""away"": {""status"": ""UNKNOWN"", ""feed"": null, ""page"": null, ""supplied_by_competition"": false}}","{""feed"": {""name"": """", ""source"": ""unknown"", ""confidence"": null, ""original_name"": """", ""reread_used"": false, ""dimensions"": {""gender"": null, ""age_group"": null, ""squad_tier"": null, ""reserve"": null, ""academy"": null}}, ""page"": {""name"": null, ""source"": ""ocr"", ""confidence"": null, ""original_name"": null, ""reread_used"": false, ""dimensions"": {""gender"": null, ""age_group"": null, ""squad_tier"": null, ""reserve"": null, ""academy"": null}}, ""kind"": ""MISSING"", ""compatible"": false, ""strong"": false, ""shared_distinctive_tokens"": [], ""similarity"": 0.0}","{""feed"": {""name"": """", ""source"": ""unknown"", ""confidence"": null, ""original_name"": """", ""reread_used"": false, ""dimensions"": {""gender"": null, ""age_group"": null, ""squad_tier"": null, ""reserve"": null, ""academy"": null}}, ""page"": {""name"": null, ""source"": ""ocr"", ""confidence"": null, ""original_name"": null, ""reread_used"": false, ""dimensions"": {""gender"": null, ""age_group"": null, ""squad_tier"": null, ""reserve"": null, ""academy"": null}}, ""kind"": ""MISSING"", ""compatible"": false, ""strong"": false, ""shared_distinctive_tokens"": [], ""similarity"": 0.0}","{""home"": {""original"": {""name"": null, ""source"": ""ocr""}, ""used"": false}, ""away"": {""original"": {""name"": null, ""source"": ""ocr""}, ""used"": false}}",WRONG_EVENT,,AMBIGUOUS,"{""conflicts"": [], ""needs_recheck"": [], ""missing"": [""event_id"", ""event_page"", ""competing_event"", ""sport"", ""kickoff"", ""competition"", ""market_fingerprint"", ""orientation"", ""names_incomplete_or_unrelated""]}"
run:c_gR0euvZSiHnpIc0ArMFhuEoVjw5d3odpPi8KFHtD11U,evidence/football/captures/fb-farul-spread-102524/capture.json;evidence/football/captures/session-102545.json,archive,"[""Farul Constanta"", ""Csikszereda Miercurea Ciuc""]","[""Farul Constanta (W)"", ""FK Csikszereda""]","{""status"": ""UNKNOWN"", ""requested"": ""201820591"", ""observed"": null, ""independently_observed"": false, ""direct_link_capture"": false, ""basis"": ""unverified""}","{""status"": ""UNKNOWN"", ""feed"": null, ""page"": null, ""difference_seconds"": null, ""tolerance_seconds"": 120}","{""status"": ""UNKNOWN"", ""feed"": """", ""page"": """"}","{""status"": ""UNKNOWN"", ""feed"": """", ""page"": """", ""approved_mapping"": false, ""reason"": ""unmapped label or conflicting independent evidence""}","{""status"": ""UNKNOWN"", ""alert_market_fingerprint"": null, ""page_market_fingerprint"": null, ""fingerprint_match"": ""UNAVAILABLE""}","{""home"": {""status"": ""NEEDS_RECHECK"", ""feed"": null, ""page"": ""women"", ""supplied_by_competition"": false}, ""away"": {""status"": ""UNKNOWN"", ""feed"": null, ""page"": null, ""supplied_by_competition"": false}}","{""home"": {""status"": ""UNKNOWN"", ""feed"": null, ""page"": null, ""supplied_by_competition"": false}, ""away"": {""status"": ""UNKNOWN"", ""feed"": null, ""page"": null, ""supplied_by_competition"": false}}","{""home"": {""status"": ""UNKNOWN"", ""feed"": null, ""page"": null, ""supplied_by_competition"": false}, ""away"": {""status"": ""UNKNOWN"", ""feed"": null, ""page"": null, ""supplied_by_competition"": false}}","{""home"": {""status"": ""UNKNOWN"", ""feed"": null, ""page"": null, ""supplied_by_competition"": false}, ""away"": {""status"": ""UNKNOWN"", ""feed"": null, ""page"": null, ""supplied_by_competition"": false}}","{""home"": {""status"": ""UNKNOWN"", ""feed"": null, ""page"": null, ""supplied_by_competition"": false}, ""away"": {""status"": ""UNKNOWN"", ""feed"": null, ""page"": null, ""supplied_by_competition"": false}}","{""feed"": {""name"": ""Farul Constanta"", ""source"": ""structured"", ""confidence"": null, ""original_name"": ""Farul Constanta"", ""reread_used"": false, ""dimensions"": {""gender"": null, ""age_group"": null, ""squad_tier"": null, ""reserve"": null, ""academy"": null}}, ""page"": {""name"": ""Farul Constanta (W)"", ""source"": ""ocr"", ""confidence"": null, ""original_name"": ""Farul Constanta (W)"", ""reread_used"": false, ""dimensions"": {""gender"": ""women"", ""age_group"": null, ""squad_tier"": null, ""reserve"": null, ""academy"": null}}, ""kind"": ""CANONICAL_MATCH"", ""compatible"": true, ""strong"": true, ""shared_distinctive_tokens"": [""constanta"", ""farul""], ""similarity"": 1.0}","{""feed"": {""name"": ""Csikszereda Miercurea Ciuc"", ""source"": ""structured"", ""confidence"": null, ""original_name"": ""Csikszereda Miercurea Ciuc"", ""reread_used"": false, ""dimensions"": {""gender"": null, ""age_group"": null, ""squad_tier"": null, ""reserve"": null, ""academy"": null}}, ""page"": {""name"": ""FK Csikszereda"", ""source"": ""ocr"", ""confidence"": null, ""original_name"": ""FK Csikszereda"", ""reread_used"": false, ""dimensions"": {""gender"": null, ""age_group"": null, ""squad_tier"": null, ""reserve"": null, ""academy"": null}}, ""kind"": ""SHARED_CORE_CONTEXT_ONLY"", ""compatible"": true, ""strong"": false, ""shared_distinctive_tokens"": [""csikszereda""], ""similarity"": 0.25}","{""home"": {""original"": {""name"": ""Farul Constanta (W)"", ""source"": ""ocr""}, ""used"": false}, ""away"": {""original"": {""name"": ""FK Csikszereda"", ""source"": ""ocr""}, ""used"": false}}",WRONG_EVENT,MISMATCH,NEEDS_RECHECK,"{""conflicts"": [], ""needs_recheck"": [""home_gender""], ""missing"": [""event_id"", ""event_page"", ""competing_event"", ""sport"", ""kickoff"", ""competition"", ""market_fingerprint"", ""orientation""]}"
run:c_hWAIR9te6AzccO-41HaVv03fm1r1Ic4vsBXClkPzc4E,evidence/fixture-m5/results.json;evidence/fixture-m5/wrong_event/evidence.json;evidence/fixture-m5/wrong_event/result.json,archive,"[null, null]","[null, null]","{""status"": ""UNKNOWN"", ""requested"": null, ""observed"": null, ""independently_observed"": false, ""direct_link_capture"": false, ""basis"": ""unverified""}","{""status"": ""UNKNOWN"", ""feed"": null, ""page"": null, ""difference_seconds"": null, ""tolerance_seconds"": 120}","{""status"": ""UNKNOWN"", ""feed"": """", ""page"": """"}","{""status"": ""UNKNOWN"", ""feed"": """", ""page"": """", ""approved_mapping"": false, ""reason"": ""unmapped label or conflicting independent evidence""}","{""status"": ""UNKNOWN"", ""alert_market_fingerprint"": null, ""page_market_fingerprint"": null, ""fingerprint_match"": ""UNAVAILABLE""}","{""home"": {""status"": ""UNKNOWN"", ""feed"": null, ""page"": null, ""supplied_by_competition"": false}, ""away"": {""status"": ""UNKNOWN"", ""feed"": null, ""page"": null, ""supplied_by_competition"": false}}","{""home"": {""status"": ""UNKNOWN"", ""feed"": null, ""page"": null, ""supplied_by_competition"": false}, ""away"": {""status"": ""UNKNOWN"", ""feed"": null, ""page"": null, ""supplied_by_competition"": false}}","{""home"": {""status"": ""UNKNOWN"", ""feed"": null, ""page"": null, ""supplied_by_competition"": false}, ""away"": {""status"": ""UNKNOWN"", ""feed"": null, ""page"": null, ""supplied_by_competition"": false}}","{""home"": {""status"": ""UNKNOWN"", ""feed"": null, ""page"": null, ""supplied_by_competition"": false}, ""away"": {""status"": ""UNKNOWN"", ""feed"": null, ""page"": null, ""supplied_by_competition"": false}}","{""home"": {""status"": ""UNKNOWN"", ""feed"": null, ""page"": null, ""supplied_by_competition"": false}, ""away"": {""status"": ""UNKNOWN"", ""feed"": null, ""page"": null, ""supplied_by_competition"": false}}","{""feed"": {""name"": """", ""source"": ""unknown"", ""confidence"": null, ""original_name"": """", ""reread_used"": false, ""dimensions"": {""gender"": null, ""age_group"": null, ""squad_tier"": null, ""reserve"": null, ""academy"": null}}, ""page"": {""name"": null, ""source"": ""ocr"", ""confidence"": null, ""original_name"": null, ""reread_used"": false, ""dimensions"": {""gender"": null, ""age_group"": null, ""squad_tier"": null, ""reserve"": null, ""academy"": null}}, ""kind"": ""MISSING"", ""compatible"": false, ""strong"": false, ""shared_distinctive_tokens"": [], ""similarity"": 0.0}","{""feed"": {""name"": """", ""source"": ""unknown"", ""confidence"": null, ""original_name"": """", ""reread_used"": false, ""dimensions"": {""gender"": null, ""age_group"": null, ""squad_tier"": null, ""reserve"": null, ""academy"": null}}, ""page"": {""name"": null, ""source"": ""ocr"", ""confidence"": null, ""original_name"": null, ""reread_used"": false, ""dimensions"": {""gender"": null, ""age_group"": null, ""squad_tier"": null, ""reserve"": null, ""academy"": null}}, ""kind"": ""MISSING"", ""compatible"": false, ""strong"": false, ""shared_distinctive_tokens"": [], ""similarity"": 0.0}","{""home"": {""original"": {""name"": null, ""source"": ""ocr""}, ""used"": false}, ""away"": {""original"": {""name"": null, ""source"": ""ocr""}, ""used"": false}}",WRONG_EVENT,,AMBIGUOUS,"{""conflicts"": [], ""needs_recheck"": [], ""missing"": [""event_id"", ""event_page"", ""competing_event"", ""sport"", ""kickoff"", ""competition"", ""market_fingerprint"", ""orientation"", ""names_incomplete_or_unrelated""]}"
tzprobe-1790441227-5,evidence/timezone-probe/run-1790441189/5.json;evidence/timezone-probe/run-1790441189/summary.json,archive,"[""Spojnia Stargard"", ""Polonia Bytom""]","[""Spojnia Stargard"", ""Polonia Bytom""]","{""status"": ""UNKNOWN"", ""requested"": ""26747588"", ""observed"": null, ""independently_observed"": false, ""direct_link_capture"": false, ""basis"": ""unverified""}","{""status"": ""UNKNOWN"", ""feed"": ""2026-09-26T18:00:00+00:00"", ""page"": null, ""difference_seconds"": null, ""tolerance_seconds"": 120}","{""status"": ""UNKNOWN"", ""feed"": ""basketball"", ""page"": """"}","{""status"": ""UNKNOWN"", ""feed"": ""1 liga"", ""page"": """", ""approved_mapping"": false, ""reason"": ""unmapped label or conflicting independent evidence""}","{""status"": ""UNKNOWN"", ""alert_market_fingerprint"": null, ""page_market_fingerprint"": null, ""fingerprint_match"": ""UNAVAILABLE""}","{""home"": {""status"": ""UNKNOWN"", ""feed"": null, ""page"": null, ""supplied_by_competition"": false}, ""away"": {""status"": ""UNKNOWN"", ""feed"": null, ""page"": null, ""supplied_by_competition"": false}}","{""home"": {""status"": ""UNKNOWN"", ""feed"": null, ""page"": null, ""supplied_by_competition"": false}, ""away"": {""status"": ""UNKNOWN"", ""feed"": null, ""page"": null, ""supplied_by_competition"": false}}","{""home"": {""status"": ""UNKNOWN"", ""feed"": null, ""page"": null, ""supplied_by_competition"": false}, ""away"": {""status"": ""UNKNOWN"", ""feed"": null, ""page"": null, ""supplied_by_competition"": false}}","{""home"": {""status"": ""UNKNOWN"", ""feed"": null, ""page"": null, ""supplied_by_competition"": false}, ""away"": {""status"": ""UNKNOWN"", ""feed"": null, ""page"": null, ""supplied_by_competition"": false}}","{""home"": {""status"": ""UNKNOWN"", ""feed"": null, ""page"": null, ""supplied_by_competition"": false}, ""away"": {""status"": ""UNKNOWN"", ""feed"": null, ""page"": null, ""supplied_by_competition"": false}}","{""feed"": {""name"": ""Spojnia Stargard"", ""source"": ""structured"", ""confidence"": null, ""original_name"": ""Spojnia Stargard"", ""reread_used"": false, ""dimensions"": {""gender"": null, ""age_group"": null, ""squad_tier"": null, ""reserve"": null, ""academy"": null}}, ""page"": {""name"": ""Spojnia Stargard"", ""source"": ""ocr"", ""confidence"": null, ""original_name"": ""Spojnia Stargard"", ""reread_used"": false, ""dimensions"": {""gender"": null, ""age_group"": null, ""squad_tier"": null, ""reserve"": null, ""academy"": null}}, ""kind"": ""EXACT"", ""compatible"": true, ""strong"": true, ""shared_distinctive_tokens"": [""spojnia"", ""stargard""], ""similarity"": 1.0}","{""feed"": {""name"": ""Polonia Bytom"", ""source"": ""structured"", ""confidence"": null, ""original_name"": ""Polonia Bytom"", ""reread_used"": false, ""dimensions"": {""gender"": null, ""age_group"": null, ""squad_tier"": null, ""reserve"": null, ""academy"": null}}, ""page"": {""name"": ""Polonia Bytom"", ""source"": ""ocr"", ""confidence"": null, ""original_name"": ""Polonia Bytom"", ""reread_used"": false, ""dimensions"": {""gender"": null, ""age_group"": null, ""squad_tier"": null, ""reserve"": null, ""academy"": null}}, ""kind"": ""EXACT"", ""compatible"": true, ""strong"": true, ""shared_distinctive_tokens"": [""bytom"", ""polonia""], ""similarity"": 1.0}","{""home"": {""original"": {""name"": ""Spojnia Stargard"", ""source"": ""ocr""}, ""used"": false}, ""away"": {""original"": {""name"": ""Polonia Bytom"", ""source"": ""ocr""}, ""used"": false}}",ALIAS_REQUIRED,AMBIGUOUS,AMBIGUOUS,"{""conflicts"": [], ""needs_recheck"": [], ""missing"": [""event_id"", ""event_page"", ""competing_event"", ""sport"", ""kickoff"", ""competition"", ""market_fingerprint"", ""orientation""]}"
wrong_link-231907,evidence/milestone-a/wrong_link-231907.json,archive,"[""Kyoto Hannaryz"", ""Shiga Lake Stars""]","[null, null]","{""status"": ""UNKNOWN"", ""requested"": ""26747385"", ""observed"": null, ""independently_observed"": false, ""direct_link_capture"": false, ""basis"": ""unverified""}","{""status"": ""UNKNOWN"", ""feed"": ""2026-09-25T09:35:00+00:00"", ""page"": null, ""difference_seconds"": null, ""tolerance_seconds"": 120}","{""status"": ""UNKNOWN"", ""feed"": ""basketball"", ""page"": """"}","{""status"": ""UNKNOWN"", ""feed"": """", ""page"": """", ""approved_mapping"": false, ""reason"": ""unmapped label or conflicting independent evidence""}","{""status"": ""UNKNOWN"", ""alert_market_fingerprint"": null, ""page_market_fingerprint"": null, ""fingerprint_match"": ""UNAVAILABLE""}","{""home"": {""status"": ""UNKNOWN"", ""feed"": null, ""page"": null, ""supplied_by_competition"": false}, ""away"": {""status"": ""UNKNOWN"", ""feed"": null, ""page"": null, ""supplied_by_competition"": false}}","{""home"": {""status"": ""UNKNOWN"", ""feed"": null, ""page"": null, ""supplied_by_competition"": false}, ""away"": {""status"": ""UNKNOWN"", ""feed"": null, ""page"": null, ""supplied_by_competition"": false}}","{""home"": {""status"": ""UNKNOWN"", ""feed"": null, ""page"": null, ""supplied_by_competition"": false}, ""away"": {""status"": ""UNKNOWN"", ""feed"": null, ""page"": null, ""supplied_by_competition"": false}}","{""home"": {""status"": ""UNKNOWN"", ""feed"": null, ""page"": null, ""supplied_by_competition"": false}, ""away"": {""status"": ""UNKNOWN"", ""feed"": null, ""page"": null, ""supplied_by_competition"": false}}","{""home"": {""status"": ""UNKNOWN"", ""feed"": null, ""page"": null, ""supplied_by_competition"": false}, ""away"": {""status"": ""UNKNOWN"", ""feed"": null, ""page"": null, ""supplied_by_competition"": false}}","{""feed"": {""name"": ""Kyoto Hannaryz"", ""source"": ""structured"", ""confidence"": null, ""original_name"": ""Kyoto Hannaryz"", ""reread_used"": false, ""dimensions"": {""gender"": null, ""age_group"": null, ""squad_tier"": null, ""reserve"": null, ""academy"": null}}, ""page"": {""name"": null, ""source"": ""ocr"", ""confidence"": null, ""original_name"": null, ""reread_used"": false, ""dimensions"": {""gender"": null, ""age_group"": null, ""squad_tier"": null, ""reserve"": null, ""academy"": null}}, ""kind"": ""MISSING"", ""compatible"": false, ""strong"": false, ""shared_distinctive_tokens"": [], ""similarity"": 0.0}","{""feed"": {""name"": ""Shiga Lake Stars"", ""source"": ""structured"", ""confidence"": null, ""original_name"": ""Shiga Lake Stars"", ""reread_used"": false, ""dimensions"": {""gender"": null, ""age_group"": null, ""squad_tier"": null, ""reserve"": null, ""academy"": null}}, ""page"": {""name"": null, ""source"": ""ocr"", ""confidence"": null, ""original_name"": null, ""reread_used"": false, ""dimensions"": {""gender"": null, ""age_group"": null, ""squad_tier"": null, ""reserve"": null, ""academy"": null}}, ""kind"": ""MISSING"", ""compatible"": false, ""strong"": false, ""shared_distinctive_tokens"": [], ""similarity"": 0.0}","{""home"": {""original"": {""name"": null, ""source"": ""ocr""}, ""used"": false}, ""away"": {""original"": {""name"": null, ""source"": ""ocr""}, ""used"": false}}",WRONG_EVENT,,AMBIGUOUS,"{""conflicts"": [], ""needs_recheck"": [], ""missing"": [""event_id"", ""event_page"", ""competing_event"", ""sport"", ""kickoff"", ""competition"", ""market_fingerprint"", ""orientation"", ""names_incomplete_or_unrelated""]}"
wrong_link_fail_closed-085859,evidence/women-marker/wrong_link_fail_closed-085859.json,archive,"[""Kyoto Hannaryz"", ""Shiga Lake Stars""]","[""Besancon AC"", ""Val de Seine""]","{""status"": ""UNKNOWN"", ""requested"": ""26747385"", ""observed"": null, ""independently_observed"": false, ""direct_link_capture"": false, ""basis"": ""unverified""}","{""status"": ""CONFLICT"", ""feed"": ""2026-09-25T09:35:00+00:00"", ""page"": ""2026-09-25T19:00:00+01:00"", ""difference_seconds"": 30300.0, ""tolerance_seconds"": 120}","{""status"": ""UNKNOWN"", ""feed"": ""basketball"", ""page"": """"}","{""status"": ""UNKNOWN"", ""feed"": """", ""page"": """", ""approved_mapping"": false, ""reason"": ""unmapped label or conflicting independent evidence""}","{""status"": ""UNKNOWN"", ""alert_market_fingerprint"": null, ""page_market_fingerprint"": null, ""fingerprint_match"": ""UNAVAILABLE""}","{""home"": {""status"": ""UNKNOWN"", ""feed"": null, ""page"": null, ""supplied_by_competition"": false}, ""away"": {""status"": ""UNKNOWN"", ""feed"": null, ""page"": null, ""supplied_by_competition"": false}}","{""home"": {""status"": ""UNKNOWN"", ""feed"": null, ""page"": null, ""supplied_by_competition"": false}, ""away"": {""status"": ""UNKNOWN"", ""feed"": null, ""page"": null, ""supplied_by_competition"": false}}","{""home"": {""status"": ""UNKNOWN"", ""feed"": null, ""page"": null, ""supplied_by_competition"": false}, ""away"": {""status"": ""UNKNOWN"", ""feed"": null, ""page"": null, ""supplied_by_competition"": false}}","{""home"": {""status"": ""UNKNOWN"", ""feed"": null, ""page"": null, ""supplied_by_competition"": false}, ""away"": {""status"": ""UNKNOWN"", ""feed"": null, ""page"": null, ""supplied_by_competition"": false}}","{""home"": {""status"": ""UNKNOWN"", ""feed"": null, ""page"": null, ""supplied_by_competition"": false}, ""away"": {""status"": ""UNKNOWN"", ""feed"": null, ""page"": null, ""supplied_by_competition"": false}}","{""feed"": {""name"": ""Kyoto Hannaryz"", ""source"": ""structured"", ""confidence"": null, ""original_name"": ""Kyoto Hannaryz"", ""reread_used"": false, ""dimensions"": {""gender"": null, ""age_group"": null, ""squad_tier"": null, ""reserve"": null, ""academy"": null}}, ""page"": {""name"": ""Besancon AC"", ""source"": ""ocr"", ""confidence"": null, ""original_name"": ""Besancon AC"", ""reread_used"": false, ""dimensions"": {""gender"": null, ""age_group"": null, ""squad_tier"": null, ""reserve"": null, ""academy"": null}}, ""kind"": ""UNRELATED"", ""compatible"": false, ""strong"": false, ""shared_distinctive_tokens"": [], ""similarity"": 0.0}","{""feed"": {""name"": ""Shiga Lake Stars"", ""source"": ""structured"", ""confidence"": null, ""original_name"": ""Shiga Lake Stars"", ""reread_used"": false, ""dimensions"": {""gender"": null, ""age_group"": null, ""squad_tier"": null, ""reserve"": null, ""academy"": null}}, ""page"": {""name"": ""Val de Seine"", ""source"": ""ocr"", ""confidence"": null, ""original_name"": ""Val de Seine"", ""reread_used"": false, ""dimensions"": {""gender"": null, ""age_group"": null, ""squad_tier"": null, ""reserve"": null, ""academy"": null}}, ""kind"": ""UNRELATED"", ""compatible"": false, ""strong"": false, ""shared_distinctive_tokens"": [], ""similarity"": 0.0}","{""home"": {""original"": {""name"": ""Besancon AC"", ""source"": ""ocr""}, ""used"": false}, ""away"": {""original"": {""name"": ""Val de Seine"", ""source"": ""ocr""}, ""used"": false}}",WRONG_EVENT,MISMATCH,CONFLICT,"{""conflicts"": [""kickoff""], ""needs_recheck"": [], ""missing"": [""event_id"", ""event_page"", ""competing_event"", ""sport"", ""competition"", ""market_fingerprint"", ""orientation"", ""names_incomplete_or_unrelated""]}"
tzprobe-1790441014-6,evidence/timezone-probe/run-1790440976/6.json;evidence/timezone-probe/run-1790440976/summary.json,archive,"[""Dziki Warshawa"", ""Zielona Gora""]","[""Dziki Warszawa"", ""Zielona Gora""]","{""status"": ""UNKNOWN"", ""requested"": ""26740897"", ""observed"": null, ""independently_observed"": false, ""direct_link_capture"": false, ""basis"": ""unverified""}","{""status"": ""CONFLICT"", ""feed"": ""2026-09-26T18:15:00+00:00"", ""page"": ""2026-09-26T18:15:00+01:00"", ""difference_seconds"": 3600.0, ""tolerance_seconds"": 120}","{""status"": ""UNKNOWN"", ""feed"": ""basketball"", ""page"": """"}","{""status"": ""UNKNOWN"", ""feed"": ""super cup"", ""page"": """", ""approved_mapping"": false, ""reason"": ""unmapped label or conflicting independent evidence""}","{""status"": ""UNKNOWN"", ""alert_market_fingerprint"": null, ""page_market_fingerprint"": null, ""fingerprint_match"": ""UNAVAILABLE""}","{""home"": {""status"": ""UNKNOWN"", ""feed"": null, ""page"": null, ""supplied_by_competition"": false}, ""away"": {""status"": ""UNKNOWN"", ""feed"": null, ""page"": null, ""supplied_by_competition"": false}}","{""home"": {""status"": ""UNKNOWN"", ""feed"": null, ""page"": null, ""supplied_by_competition"": false}, ""away"": {""status"": ""UNKNOWN"", ""feed"": null, ""page"": null, ""supplied_by_competition"": false}}","{""home"": {""status"": ""UNKNOWN"", ""feed"": null, ""page"": null, ""supplied_by_competition"": false}, ""away"": {""status"": ""UNKNOWN"", ""feed"": null, ""page"": null, ""supplied_by_competition"": false}}","{""home"": {""status"": ""UNKNOWN"", ""feed"": null, ""page"": null, ""supplied_by_competition"": false}, ""away"": {""status"": ""UNKNOWN"", ""feed"": null, ""page"": null, ""supplied_by_competition"": false}}","{""home"": {""status"": ""UNKNOWN"", ""feed"": null, ""page"": null, ""supplied_by_competition"": false}, ""away"": {""status"": ""UNKNOWN"", ""feed"": null, ""page"": null, ""supplied_by_competition"": false}}","{""feed"": {""name"": ""Dziki Warshawa"", ""source"": ""structured"", ""confidence"": null, ""original_name"": ""Dziki Warshawa"", ""reread_used"": false, ""dimensions"": {""gender"": null, ""age_group"": null, ""squad_tier"": null, ""reserve"": null, ""academy"": null}}, ""page"": {""name"": ""Dziki Warszawa"", ""source"": ""ocr"", ""confidence"": null, ""original_name"": ""Dziki Warszawa"", ""reread_used"": false, ""dimensions"": {""gender"": null, ""age_group"": null, ""squad_tier"": null, ""reserve"": null, ""academy"": null}}, ""kind"": ""SHARED_CORE_CONTEXT_ONLY"", ""compatible"": true, ""strong"": false, ""shared_distinctive_tokens"": [""dziki""], ""similarity"": 0.3333}","{""feed"": {""name"": ""Zielona Gora"", ""source"": ""structured"", ""confidence"": null, ""original_name"": ""Zielona Gora"", ""reread_used"": false, ""dimensions"": {""gender"": null, ""age_group"": null, ""squad_tier"": null, ""reserve"": null, ""academy"": null}}, ""page"": {""name"": ""Zielona Gora"", ""source"": ""ocr"", ""confidence"": null, ""original_name"": ""Zielona Gora"", ""reread_used"": false, ""dimensions"": {""gender"": null, ""age_group"": null, ""squad_tier"": null, ""reserve"": null, ""academy"": null}}, ""kind"": ""EXACT"", ""compatible"": true, ""strong"": true, ""shared_distinctive_tokens"": [""gora"", ""zielona""], ""similarity"": 1.0}","{""home"": {""original"": {""name"": ""Dziki Warszawa"", ""source"": ""ocr""}, ""used"": false}, ""away"": {""original"": {""name"": ""Zielona Gora"", ""source"": ""ocr""}, ""used"": false}}",WRONG_EVENT,MISMATCH,CONFLICT,"{""conflicts"": [""kickoff""], ""needs_recheck"": [], ""missing"": [""event_id"", ""event_page"", ""competing_event"", ""sport"", ""competition"", ""market_fingerprint"", ""orientation""]}"
run:c_jGDQNDSIZJ48ZOeaG96fpEfPFHsEQedT4_aC7bVh80k,evidence/stage-timeout-gunma-proof/bb2-evidence.json;evidence/stage-timeout-gunma-proof/bb2-result.json,archive,"[null, null]","[null, null]","{""status"": ""UNKNOWN"", ""requested"": null, ""observed"": null, ""independently_observed"": false, ""direct_link_capture"": false, ""basis"": ""unverified""}","{""status"": ""UNKNOWN"", ""feed"": null, ""page"": null, ""difference_seconds"": null, ""tolerance_seconds"": 120}","{""status"": ""UNKNOWN"", ""feed"": """", ""page"": """"}","{""status"": ""UNKNOWN"", ""feed"": """", ""page"": """", ""approved_mapping"": false, ""reason"": ""unmapped label or conflicting independent evidence""}","{""status"": ""UNKNOWN"", ""alert_market_fingerprint"": null, ""page_market_fingerprint"": null, ""fingerprint_match"": ""UNAVAILABLE""}","{""home"": {""status"": ""UNKNOWN"", ""feed"": null, ""page"": null, ""supplied_by_competition"": false}, ""away"": {""status"": ""UNKNOWN"", ""feed"": null, ""page"": null, ""supplied_by_competition"": false}}","{""home"": {""status"": ""UNKNOWN"", ""feed"": null, ""page"": null, ""supplied_by_competition"": false}, ""away"": {""status"": ""UNKNOWN"", ""feed"": null, ""page"": null, ""supplied_by_competition"": false}}","{""home"": {""status"": ""UNKNOWN"", ""feed"": null, ""page"": null, ""supplied_by_competition"": false}, ""away"": {""status"": ""UNKNOWN"", ""feed"": null, ""page"": null, ""supplied_by_competition"": false}}","{""home"": {""status"": ""UNKNOWN"", ""feed"": null, ""page"": null, ""supplied_by_competition"": false}, ""away"": {""status"": ""UNKNOWN"", ""feed"": null, ""page"": null, ""supplied_by_competition"": false}}","{""home"": {""status"": ""UNKNOWN"", ""feed"": null, ""page"": null, ""supplied_by_competition"": false}, ""away"": {""status"": ""UNKNOWN"", ""feed"": null, ""page"": null, ""supplied_by_competition"": false}}","{""feed"": {""name"": """", ""source"": ""unknown"", ""confidence"": null, ""original_name"": """", ""reread_used"": false, ""dimensions"": {""gender"": null, ""age_group"": null, ""squad_tier"": null, ""reserve"": null, ""academy"": null}}, ""page"": {""name"": null, ""source"": ""ocr"", ""confidence"": null, ""original_name"": null, ""reread_used"": false, ""dimensions"": {""gender"": null, ""age_group"": null, ""squad_tier"": null, ""reserve"": null, ""academy"": null}}, ""kind"": ""MISSING"", ""compatible"": false, ""strong"": false, ""shared_distinctive_tokens"": [], ""similarity"": 0.0}","{""feed"": {""name"": """", ""source"": ""unknown"", ""confidence"": null, ""original_name"": """", ""reread_used"": false, ""dimensions"": {""gender"": null, ""age_group"": null, ""squad_tier"": null, ""reserve"": null, ""academy"": null}}, ""page"": {""name"": null, ""source"": ""ocr"", ""confidence"": null, ""original_name"": null, ""reread_used"": false, ""dimensions"": {""gender"": null, ""age_group"": null, ""squad_tier"": null, ""reserve"": null, ""academy"": null}}, ""kind"": ""MISSING"", ""compatible"": false, ""strong"": false, ""shared_distinctive_tokens"": [], ""similarity"": 0.0}","{""home"": {""original"": {""name"": null, ""source"": ""ocr""}, ""used"": false}, ""away"": {""original"": {""name"": null, ""source"": ""ocr""}, ""used"": false}}",TARGET_NOT_FOUND,,AMBIGUOUS,"{""conflicts"": [], ""needs_recheck"": [], ""missing"": [""event_id"", ""event_page"", ""competing_event"", ""sport"", ""kickoff"", ""competition"", ""market_fingerprint"", ""orientation"", ""names_incomplete_or_unrelated""]}"
totals-link-174855,evidence/automatic-approval/totals-link-1790441335/hold.json,archive,"[""Landstede Hammers"", ""Antwerp Giants""]","[""Landstede Zwolle"", ""Antwerp Giants""]","{""status"": ""UNKNOWN"", ""requested"": ""26823685"", ""observed"": null, ""independently_observed"": false, ""direct_link_capture"": false, ""basis"": ""unverified""}","{""status"": ""UNKNOWN"", ""feed"": ""2026-09-26T18:30:00+00:00"", ""page"": null, ""difference_seconds"": null, ""tolerance_seconds"": 120}","{""status"": ""UNKNOWN"", ""feed"": ""basketball"", ""page"": """"}","{""status"": ""UNKNOWN"", ""feed"": ""bnxt super cup"", ""page"": """", ""approved_mapping"": false, ""reason"": ""unmapped label or conflicting independent evidence""}","{""status"": ""UNKNOWN"", ""alert_market_fingerprint"": null, ""page_market_fingerprint"": null, ""fingerprint_match"": ""UNAVAILABLE""}","{""home"": {""status"": ""UNKNOWN"", ""feed"": null, ""page"": null, ""supplied_by_competition"": false}, ""away"": {""status"": ""UNKNOWN"", ""feed"": null, ""page"": null, ""supplied_by_competition"": false}}","{""home"": {""status"": ""UNKNOWN"", ""feed"": null, ""page"": null, ""supplied_by_competition"": false}, ""away"": {""status"": ""UNKNOWN"", ""feed"": null, ""page"": null, ""supplied_by_competition"": false}}","{""home"": {""status"": ""UNKNOWN"", ""feed"": null, ""page"": null, ""supplied_by_competition"": false}, ""away"": {""status"": ""UNKNOWN"", ""feed"": null, ""page"": null, ""supplied_by_competition"": false}}","{""home"": {""status"": ""UNKNOWN"", ""feed"": null, ""page"": null, ""supplied_by_competition"": false}, ""away"": {""status"": ""UNKNOWN"", ""feed"": null, ""page"": null, ""supplied_by_competition"": false}}","{""home"": {""status"": ""UNKNOWN"", ""feed"": null, ""page"": null, ""supplied_by_competition"": false}, ""away"": {""status"": ""UNKNOWN"", ""feed"": null, ""page"": null, ""supplied_by_competition"": false}}","{""feed"": {""name"": ""Landstede Hammers"", ""source"": ""structured"", ""confidence"": null, ""original_name"": ""Landstede Hammers"", ""reread_used"": false, ""dimensions"": {""gender"": null, ""age_group"": null, ""squad_tier"": null, ""reserve"": null, ""academy"": null}}, ""page"": {""name"": ""Landstede Zwolle"", ""source"": ""ocr"", ""confidence"": null, ""original_name"": ""Landstede Zwolle"", ""reread_used"": false, ""dimensions"": {""gender"": null, ""age_group"": null, ""squad_tier"": null, ""reserve"": null, ""academy"": null}}, ""kind"": ""SHARED_CORE_CONTEXT_ONLY"", ""compatible"": true, ""strong"": false, ""shared_distinctive_tokens"": [""landstede""], ""similarity"": 0.3333}","{""feed"": {""name"": ""Antwerp Giants"", ""source"": ""structured"", ""confidence"": null, ""original_name"": ""Antwerp Giants"", ""reread_used"": false, ""dimensions"": {""gender"": null, ""age_group"": null, ""squad_tier"": null, ""reserve"": null, ""academy"": null}}, ""page"": {""name"": ""Antwerp Giants"", ""source"": ""ocr"", ""confidence"": null, ""original_name"": ""Antwerp Giants"", ""reread_used"": false, ""dimensions"": {""gender"": null, ""age_group"": null, ""squad_tier"": null, ""reserve"": null, ""academy"": null}}, ""kind"": ""EXACT"", ""compatible"": true, ""strong"": true, ""shared_distinctive_tokens"": [""antwerp""], ""similarity"": 1.0}","{""home"": {""original"": {""name"": ""Landstede Zwolle"", ""source"": ""ocr""}, ""used"": false}, ""away"": {""original"": {""name"": ""Antwerp Giants"", ""source"": ""ocr""}, ""used"": false}}",TARGET_NOT_FOUND,HIGH_CONFIDENCE_EVENT_MATCH,AMBIGUOUS,"{""conflicts"": [], ""needs_recheck"": [], ""missing"": [""event_id"", ""event_page"", ""competing_event"", ""sport"", ""kickoff"", ""competition"", ""market_fingerprint"", ""orientation""]}"
besancon-215619,evidence/fast-0703/besancon-215619.json,archive,"[""Besancon"", ""Val De Seine""]","[null, null]","{""status"": ""UNKNOWN"", ""requested"": ""26747385"", ""observed"": null, ""independently_observed"": false, ""direct_link_capture"": false, ""basis"": ""unverified""}","{""status"": ""UNKNOWN"", ""feed"": ""2026-09-25T18:00:00+00:00"", ""page"": null, ""difference_seconds"": null, ""tolerance_seconds"": 120}","{""status"": ""UNKNOWN"", ""feed"": ""basketball"", ""page"": """"}","{""status"": ""UNKNOWN"", ""feed"": """", ""page"": """", ""approved_mapping"": false, ""reason"": ""unmapped label or conflicting independent evidence""}","{""status"": ""UNKNOWN"", ""alert_market_fingerprint"": null, ""page_market_fingerprint"": null, ""fingerprint_match"": ""UNAVAILABLE""}","{""home"": {""status"": ""UNKNOWN"", ""feed"": null, ""page"": null, ""supplied_by_competition"": false}, ""away"": {""status"": ""UNKNOWN"", ""feed"": null, ""page"": null, ""supplied_by_competition"": false}}","{""home"": {""status"": ""UNKNOWN"", ""feed"": null, ""page"": null, ""supplied_by_competition"": false}, ""away"": {""status"": ""UNKNOWN"", ""feed"": null, ""page"": null, ""supplied_by_competition"": false}}","{""home"": {""status"": ""UNKNOWN"", ""feed"": null, ""page"": null, ""supplied_by_competition"": false}, ""away"": {""status"": ""UNKNOWN"", ""feed"": null, ""page"": null, ""supplied_by_competition"": false}}","{""home"": {""status"": ""UNKNOWN"", ""feed"": null, ""page"": null, ""supplied_by_competition"": false}, ""away"": {""status"": ""UNKNOWN"", ""feed"": null, ""page"": null, ""supplied_by_competition"": false}}","{""home"": {""status"": ""UNKNOWN"", ""feed"": null, ""page"": null, ""supplied_by_competition"": false}, ""away"": {""status"": ""UNKNOWN"", ""feed"": null, ""page"": null, ""supplied_by_competition"": false}}","{""feed"": {""name"": ""Besancon"", ""source"": ""structured"", ""confidence"": null, ""original_name"": ""Besancon"", ""reread_used"": false, ""dimensions"": {""gender"": null, ""age_group"": null, ""squad_tier"": null, ""reserve"": null, ""academy"": null}}, ""page"": {""name"": null, ""source"": ""ocr"", ""confidence"": null, ""original_name"": null, ""reread_used"": false, ""dimensions"": {""gender"": null, ""age_group"": null, ""squad_tier"": null, ""reserve"": null, ""academy"": null}}, ""kind"": ""MISSING"", ""compatible"": false, ""strong"": false, ""shared_distinctive_tokens"": [], ""similarity"": 0.0}","{""feed"": {""name"": ""Val De Seine"", ""source"": ""structured"", ""confidence"": null, ""original_name"": ""Val De Seine"", ""reread_used"": false, ""dimensions"": {""gender"": null, ""age_group"": null, ""squad_tier"": null, ""reserve"": null, ""academy"": null}}, ""page"": {""name"": null, ""source"": ""ocr"", ""confidence"": null, ""original_name"": null, ""reread_used"": false, ""dimensions"": {""gender"": null, ""age_group"": null, ""squad_tier"": null, ""reserve"": null, ""academy"": null}}, ""kind"": ""MISSING"", ""compatible"": false, ""strong"": false, ""shared_distinctive_tokens"": [], ""similarity"": 0.0}","{""home"": {""original"": {""name"": null, ""source"": ""ocr""}, ""used"": false}, ""away"": {""original"": {""name"": null, ""source"": ""ocr""}, ""used"": false}}",TARGET_NOT_FOUND,,AMBIGUOUS,"{""conflicts"": [], ""needs_recheck"": [], ""missing"": [""event_id"", ""event_page"", ""competing_event"", ""sport"", ""kickoff"", ""competition"", ""market_fingerprint"", ""orientation"", ""names_incomplete_or_unrelated""]}"
wrong_link_fail_closed-005323,evidence/task1-stake/wrong_link_fail_closed-005323.json,archive,"[""Kyoto Hannaryz"", ""Shiga Lake Stars""]","[""Besancon AC"", ""Val de Seine""]","{""status"": ""UNKNOWN"", ""requested"": ""26747385"", ""observed"": null, ""independently_observed"": false, ""direct_link_capture"": false, ""basis"": ""unverified""}","{""status"": ""CONFLICT"", ""feed"": ""2026-09-25T09:35:00+00:00"", ""page"": ""2026-09-25T19:00:00+01:00"", ""difference_seconds"": 30300.0, ""tolerance_seconds"": 120}","{""status"": ""UNKNOWN"", ""feed"": ""basketball"", ""page"": """"}","{""status"": ""UNKNOWN"", ""feed"": """", ""page"": """", ""approved_mapping"": false, ""reason"": ""unmapped label or conflicting independent evidence""}","{""status"": ""UNKNOWN"", ""alert_market_fingerprint"": null, ""page_market_fingerprint"": null, ""fingerprint_match"": ""UNAVAILABLE""}","{""home"": {""status"": ""UNKNOWN"", ""feed"": null, ""page"": null, ""supplied_by_competition"": false}, ""away"": {""status"": ""UNKNOWN"", ""feed"": null, ""page"": null, ""supplied_by_competition"": false}}","{""home"": {""status"": ""UNKNOWN"", ""feed"": null, ""page"": null, ""supplied_by_competition"": false}, ""away"": {""status"": ""UNKNOWN"", ""feed"": null, ""page"": null, ""supplied_by_competition"": false}}","{""home"": {""status"": ""UNKNOWN"", ""feed"": null, ""page"": null, ""supplied_by_competition"": false}, ""away"": {""status"": ""UNKNOWN"", ""feed"": null, ""page"": null, ""supplied_by_competition"": false}}","{""home"": {""status"": ""UNKNOWN"", ""feed"": null, ""page"": null, ""supplied_by_competition"": false}, ""away"": {""status"": ""UNKNOWN"", ""feed"": null, ""page"": null, ""supplied_by_competition"": false}}","{""home"": {""status"": ""UNKNOWN"", ""feed"": null, ""page"": null, ""supplied_by_competition"": false}, ""away"": {""status"": ""UNKNOWN"", ""feed"": null, ""page"": null, ""supplied_by_competition"": false}}","{""feed"": {""name"": ""Kyoto Hannaryz"", ""source"": ""structured"", ""confidence"": null, ""original_name"": ""Kyoto Hannaryz"", ""reread_used"": false, ""dimensions"": {""gender"": null, ""age_group"": null, ""squad_tier"": null, ""reserve"": null, ""academy"": null}}, ""page"": {""name"": ""Besancon AC"", ""source"": ""ocr"", ""confidence"": null, ""original_name"": ""Besancon AC"", ""reread_used"": false, ""dimensions"": {""gender"": null, ""age_group"": null, ""squad_tier"": null, ""reserve"": null, ""academy"": null}}, ""kind"": ""UNRELATED"", ""compatible"": false, ""strong"": false, ""shared_distinctive_tokens"": [], ""similarity"": 0.0}","{""feed"": {""name"": ""Shiga Lake Stars"", ""source"": ""structured"", ""confidence"": null, ""original_name"": ""Shiga Lake Stars"", ""reread_used"": false, ""dimensions"": {""gender"": null, ""age_group"": null, ""squad_tier"": null, ""reserve"": null, ""academy"": null}}, ""page"": {""name"": ""Val de Seine"", ""source"": ""ocr"", ""confidence"": null, ""original_name"": ""Val de Seine"", ""reread_used"": false, ""dimensions"": {""gender"": null, ""age_group"": null, ""squad_tier"": null, ""reserve"": null, ""academy"": null}}, ""kind"": ""UNRELATED"", ""compatible"": false, ""strong"": false, ""shared_distinctive_tokens"": [], ""similarity"": 0.0}","{""home"": {""original"": {""name"": ""Besancon AC"", ""source"": ""ocr""}, ""used"": false}, ""away"": {""original"": {""name"": ""Val de Seine"", ""source"": ""ocr""}, ""used"": false}}",WRONG_EVENT,MISMATCH,CONFLICT,"{""conflicts"": [""kickoff""], ""needs_recheck"": [], ""missing"": [""event_id"", ""event_page"", ""competing_event"", ""sport"", ""competition"", ""market_fingerprint"", ""orientation"", ""names_incomplete_or_unrelated""]}"
wrong_link_fail_closed-010355,evidence/task1-stake/wrong_link_fail_closed-010355.json,archive,"[""Kyoto Hannaryz"", ""Shiga Lake Stars""]","[""Besancon AC"", ""Val de Seine""]","{""status"": ""UNKNOWN"", ""requested"": ""26747385"", ""observed"": null, ""independently_observed"": false, ""direct_link_capture"": false, ""basis"": ""unverified""}","{""status"": ""UNKNOWN"", ""feed"": ""2026-09-25T09:35:00+00:00"", ""page"": null, ""difference_seconds"": null, ""tolerance_seconds"": 120}","{""status"": ""UNKNOWN"", ""feed"": ""basketball"", ""page"": """"}","{""status"": ""UNKNOWN"", ""feed"": """", ""page"": """", ""approved_mapping"": false, ""reason"": ""unmapped label or conflicting independent evidence""}","{""status"": ""UNKNOWN"", ""alert_market_fingerprint"": null, ""page_market_fingerprint"": null, ""fingerprint_match"": ""UNAVAILABLE""}","{""home"": {""status"": ""UNKNOWN"", ""feed"": null, ""page"": null, ""supplied_by_competition"": false}, ""away"": {""status"": ""UNKNOWN"", ""feed"": null, ""page"": null, ""supplied_by_competition"": false}}","{""home"": {""status"": ""UNKNOWN"", ""feed"": null, ""page"": null, ""supplied_by_competition"": false}, ""away"": {""status"": ""UNKNOWN"", ""feed"": null, ""page"": null, ""supplied_by_competition"": false}}","{""home"": {""status"": ""UNKNOWN"", ""feed"": null, ""page"": null, ""supplied_by_competition"": false}, ""away"": {""status"": ""UNKNOWN"", ""feed"": null, ""page"": null, ""supplied_by_competition"": false}}","{""home"": {""status"": ""UNKNOWN"", ""feed"": null, ""page"": null, ""supplied_by_competition"": false}, ""away"": {""status"": ""UNKNOWN"", ""feed"": null, ""page"": null, ""supplied_by_competition"": false}}","{""home"": {""status"": ""UNKNOWN"", ""feed"": null, ""page"": null, ""supplied_by_competition"": false}, ""away"": {""status"": ""UNKNOWN"", ""feed"": null, ""page"": null, ""supplied_by_competition"": false}}","{""feed"": {""name"": ""Kyoto Hannaryz"", ""source"": ""structured"", ""confidence"": null, ""original_name"": ""Kyoto Hannaryz"", ""reread_used"": false, ""dimensions"": {""gender"": null, ""age_group"": null, ""squad_tier"": null, ""reserve"": null, ""academy"": null}}, ""page"": {""name"": ""Besancon AC"", ""source"": ""ocr"", ""confidence"": null, ""original_name"": ""Besancon AC"", ""reread_used"": false, ""dimensions"": {""gender"": null, ""age_group"": null, ""squad_tier"": null, ""reserve"": null, ""academy"": null}}, ""kind"": ""UNRELATED"", ""compatible"": false, ""strong"": false, ""shared_distinctive_tokens"": [], ""similarity"": 0.0}","{""feed"": {""name"": ""Shiga Lake Stars"", ""source"": ""structured"", ""confidence"": null, ""original_name"": ""Shiga Lake Stars"", ""reread_used"": false, ""dimensions"": {""gender"": null, ""age_group"": null, ""squad_tier"": null, ""reserve"": null, ""academy"": null}}, ""page"": {""name"": ""Val de Seine"", ""source"": ""ocr"", ""confidence"": null, ""original_name"": ""Val de Seine"", ""reread_used"": false, ""dimensions"": {""gender"": null, ""age_group"": null, ""squad_tier"": null, ""reserve"": null, ""academy"": null}}, ""kind"": ""UNRELATED"", ""compatible"": false, ""strong"": false, ""shared_distinctive_tokens"": [], ""similarity"": 0.0}","{""home"": {""original"": {""name"": ""Besancon AC"", ""source"": ""ocr""}, ""used"": false}, ""away"": {""original"": {""name"": ""Val de Seine"", ""source"": ""ocr""}, ""used"": false}}",WRONG_EVENT,MISMATCH,AMBIGUOUS,"{""conflicts"": [], ""needs_recheck"": [], ""missing"": [""event_id"", ""event_page"", ""competing_event"", ""sport"", ""kickoff"", ""competition"", ""market_fingerprint"", ""orientation"", ""names_incomplete_or_unrelated""]}"
run:c_o_8yz3RKj6BIE9jGT0d9zhUb27Ww4EA81LK96aHORVA,evidence/identity-corpus/backend_records.json;evidence/live-saga/run.json,archive,"[null, null]","[null, null]","{""status"": ""UNKNOWN"", ""requested"": ""26737826"", ""observed"": null, ""independently_observed"": false, ""direct_link_capture"": false, ""basis"": ""unverified""}","{""status"": ""UNKNOWN"", ""feed"": null, ""page"": null, ""difference_seconds"": null, ""tolerance_seconds"": 120}","{""status"": ""UNKNOWN"", ""feed"": """", ""page"": """"}","{""status"": ""UNKNOWN"", ""feed"": """", ""page"": """", ""approved_mapping"": false, ""reason"": ""unmapped label or conflicting independent evidence""}","{""status"": ""UNKNOWN"", ""alert_market_fingerprint"": null, ""page_market_fingerprint"": null, ""fingerprint_match"": ""UNAVAILABLE""}","{""home"": {""status"": ""UNKNOWN"", ""feed"": null, ""page"": null, ""supplied_by_competition"": false}, ""away"": {""status"": ""UNKNOWN"", ""feed"": null, ""page"": null, ""supplied_by_competition"": false}}","{""home"": {""status"": ""UNKNOWN"", ""feed"": null, ""page"": null, ""supplied_by_competition"": false}, ""away"": {""status"": ""UNKNOWN"", ""feed"": null, ""page"": null, ""supplied_by_competition"": false}}","{""home"": {""status"": ""UNKNOWN"", ""feed"": null, ""page"": null, ""supplied_by_competition"": false}, ""away"": {""status"": ""UNKNOWN"", ""feed"": null, ""page"": null, ""supplied_by_competition"": false}}","{""home"": {""status"": ""UNKNOWN"", ""feed"": null, ""page"": null, ""supplied_by_competition"": false}, ""away"": {""status"": ""UNKNOWN"", ""feed"": null, ""page"": null, ""supplied_by_competition"": false}}","{""home"": {""status"": ""UNKNOWN"", ""feed"": null, ""page"": null, ""supplied_by_competition"": false}, ""away"": {""status"": ""UNKNOWN"", ""feed"": null, ""page"": null, ""supplied_by_competition"": false}}","{""feed"": {""name"": """", ""source"": ""unknown"", ""confidence"": null, ""original_name"": """", ""reread_used"": false, ""dimensions"": {""gender"": null, ""age_group"": null, ""squad_tier"": null, ""reserve"": null, ""academy"": null}}, ""page"": {""name"": null, ""source"": ""ocr"", ""confidence"": null, ""original_name"": null, ""reread_used"": false, ""dimensions"": {""gender"": null, ""age_group"": null, ""squad_tier"": null, ""reserve"": null, ""academy"": null}}, ""kind"": ""MISSING"", ""compatible"": false, ""strong"": false, ""shared_distinctive_tokens"": [], ""similarity"": 0.0}","{""feed"": {""name"": """", ""source"": ""unknown"", ""confidence"": null, ""original_name"": """", ""reread_used"": false, ""dimensions"": {""gender"": null, ""age_group"": null, ""squad_tier"": null, ""reserve"": null, ""academy"": null}}, ""page"": {""name"": null, ""source"": ""ocr"", ""confidence"": null, ""original_name"": null, ""reread_used"": false, ""dimensions"": {""gender"": null, ""age_group"": null, ""squad_tier"": null, ""reserve"": null, ""academy"": null}}, ""kind"": ""MISSING"", ""compatible"": false, ""strong"": false, ""shared_distinctive_tokens"": [], ""similarity"": 0.0}","{""home"": {""original"": {""name"": null, ""source"": ""ocr""}, ""used"": false}, ""away"": {""original"": {""name"": null, ""source"": ""ocr""}, ""used"": false}}",WRONG_EVENT,,AMBIGUOUS,"{""conflicts"": [], ""needs_recheck"": [], ""missing"": [""event_id"", ""event_page"", ""competing_event"", ""sport"", ""kickoff"", ""competition"", ""market_fingerprint"", ""orientation"", ""names_incomplete_or_unrelated""]}"
tzprobe-1790440993-3,evidence/timezone-probe/run-1790440976/3.json;evidence/timezone-probe/run-1790440976/summary.json,archive,"[""Kotwica Kolobrzeg"", ""Polonia Warszawa""]","[""Kotwica Kolobrzeg"", ""Polonia Warszawa""]","{""status"": ""UNKNOWN"", ""requested"": ""26747589"", ""observed"": null, ""independently_observed"": false, ""direct_link_capture"": false, ""basis"": ""unverified""}","{""status"": ""CONFLICT"", ""feed"": ""2026-09-26T19:00:00+00:00"", ""page"": ""2026-09-26T19:00:00+01:00"", ""difference_seconds"": 3600.0, ""tolerance_seconds"": 120}","{""status"": ""UNKNOWN"", ""feed"": ""basketball"", ""page"": """"}","{""status"": ""UNKNOWN"", ""feed"": ""1 liga"", ""page"": """", ""approved_mapping"": false, ""reason"": ""unmapped label or conflicting independent evidence""}","{""status"": ""UNKNOWN"", ""alert_market_fingerprint"": null, ""page_market_fingerprint"": null, ""fingerprint_match"": ""UNAVAILABLE""}","{""home"": {""status"": ""UNKNOWN"", ""feed"": null, ""page"": null, ""supplied_by_competition"": false}, ""away"": {""status"": ""UNKNOWN"", ""feed"": null, ""page"": null, ""supplied_by_competition"": false}}","{""home"": {""status"": ""UNKNOWN"", ""feed"": null, ""page"": null, ""supplied_by_competition"": false}, ""away"": {""status"": ""UNKNOWN"", ""feed"": null, ""page"": null, ""supplied_by_competition"": false}}","{""home"": {""status"": ""UNKNOWN"", ""feed"": null, ""page"": null, ""supplied_by_competition"": false}, ""away"": {""status"": ""UNKNOWN"", ""feed"": null, ""page"": null, ""supplied_by_competition"": false}}","{""home"": {""status"": ""UNKNOWN"", ""feed"": null, ""page"": null, ""supplied_by_competition"": false}, ""away"": {""status"": ""UNKNOWN"", ""feed"": null, ""page"": null, ""supplied_by_competition"": false}}","{""home"": {""status"": ""UNKNOWN"", ""feed"": null, ""page"": null, ""supplied_by_competition"": false}, ""away"": {""status"": ""UNKNOWN"", ""feed"": null, ""page"": null, ""supplied_by_competition"": false}}","{""feed"": {""name"": ""Kotwica Kolobrzeg"", ""source"": ""structured"", ""confidence"": null, ""original_name"": ""Kotwica Kolobrzeg"", ""reread_used"": false, ""dimensions"": {""gender"": null, ""age_group"": null, ""squad_tier"": null, ""reserve"": null, ""academy"": null}}, ""page"": {""name"": ""Kotwica Kolobrzeg"", ""source"": ""ocr"", ""confidence"": null, ""original_name"": ""Kotwica Kolobrzeg"", ""reread_used"": false, ""dimensions"": {""gender"": null, ""age_group"": null, ""squad_tier"": null, ""reserve"": null, ""academy"": null}}, ""kind"": ""EXACT"", ""compatible"": true, ""strong"": true, ""shared_distinctive_tokens"": [""kolobrzeg"", ""kotwica""], ""similarity"": 1.0}","{""feed"": {""name"": ""Polonia Warszawa"", ""source"": ""structured"", ""confidence"": null, ""original_name"": ""Polonia Warszawa"", ""reread_used"": false, ""dimensions"": {""gender"": null, ""age_group"": null, ""squad_tier"": null, ""reserve"": null, ""academy"": null}}, ""page"": {""name"": ""Polonia Warszawa"", ""source"": ""ocr"", ""confidence"": null, ""original_name"": ""Polonia Warszawa"", ""reread_used"": false, ""dimensions"": {""gender"": null, ""age_group"": null, ""squad_tier"": null, ""reserve"": null, ""academy"": null}}, ""kind"": ""EXACT"", ""compatible"": true, ""strong"": true, ""shared_distinctive_tokens"": [""polonia"", ""warszawa""], ""similarity"": 1.0}","{""home"": {""original"": {""name"": ""Kotwica Kolobrzeg"", ""source"": ""ocr""}, ""used"": false}, ""away"": {""original"": {""name"": ""Polonia Warszawa"", ""source"": ""ocr""}, ""used"": false}}",WRONG_EVENT,MISMATCH,CONFLICT,"{""conflicts"": [""kickoff""], ""needs_recheck"": [], ""missing"": [""event_id"", ""event_page"", ""competing_event"", ""sport"", ""competition"", ""market_fingerprint"", ""orientation""]}"
alias_required-232745,evidence/milestone-a/alias_required-232745.json,archive,"[""Besancon"", ""Valdeseine""]","[null, null]","{""status"": ""UNKNOWN"", ""requested"": ""26747385"", ""observed"": null, ""independently_observed"": false, ""direct_link_capture"": false, ""basis"": ""unverified""}","{""status"": ""UNKNOWN"", ""feed"": ""2026-09-25T18:00:00+00:00"", ""page"": null, ""difference_seconds"": null, ""tolerance_seconds"": 120}","{""status"": ""UNKNOWN"", ""feed"": ""basketball"", ""page"": """"}","{""status"": ""UNKNOWN"", ""feed"": """", ""page"": """", ""approved_mapping"": false, ""reason"": ""unmapped label or conflicting independent evidence""}","{""status"": ""UNKNOWN"", ""alert_market_fingerprint"": null, ""page_market_fingerprint"": null, ""fingerprint_match"": ""UNAVAILABLE""}","{""home"": {""status"": ""UNKNOWN"", ""feed"": null, ""page"": null, ""supplied_by_competition"": false}, ""away"": {""status"": ""UNKNOWN"", ""feed"": null, ""page"": null, ""supplied_by_competition"": false}}","{""home"": {""status"": ""UNKNOWN"", ""feed"": null, ""page"": null, ""supplied_by_competition"": false}, ""away"": {""status"": ""UNKNOWN"", ""feed"": null, ""page"": null, ""supplied_by_competition"": false}}","{""home"": {""status"": ""UNKNOWN"", ""feed"": null, ""page"": null, ""supplied_by_competition"": false}, ""away"": {""status"": ""UNKNOWN"", ""feed"": null, ""page"": null, ""supplied_by_competition"": false}}","{""home"": {""status"": ""UNKNOWN"", ""feed"": null, ""page"": null, ""supplied_by_competition"": false}, ""away"": {""status"": ""UNKNOWN"", ""feed"": null, ""page"": null, ""supplied_by_competition"": false}}","{""home"": {""status"": ""UNKNOWN"", ""feed"": null, ""page"": null, ""supplied_by_competition"": false}, ""away"": {""status"": ""UNKNOWN"", ""feed"": null, ""page"": null, ""supplied_by_competition"": false}}","{""feed"": {""name"": ""Besancon"", ""source"": ""structured"", ""confidence"": null, ""original_name"": ""Besancon"", ""reread_used"": false, ""dimensions"": {""gender"": null, ""age_group"": null, ""squad_tier"": null, ""reserve"": null, ""academy"": null}}, ""page"": {""name"": null, ""source"": ""ocr"", ""confidence"": null, ""original_name"": null, ""reread_used"": false, ""dimensions"": {""gender"": null, ""age_group"": null, ""squad_tier"": null, ""reserve"": null, ""academy"": null}}, ""kind"": ""MISSING"", ""compatible"": false, ""strong"": false, ""shared_distinctive_tokens"": [], ""similarity"": 0.0}","{""feed"": {""name"": ""Valdeseine"", ""source"": ""structured"", ""confidence"": null, ""original_name"": ""Valdeseine"", ""reread_used"": false, ""dimensions"": {""gender"": null, ""age_group"": null, ""squad_tier"": null, ""reserve"": null, ""academy"": null}}, ""page"": {""name"": null, ""source"": ""ocr"", ""confidence"": null, ""original_name"": null, ""reread_used"": false, ""dimensions"": {""gender"": null, ""age_group"": null, ""squad_tier"": null, ""reserve"": null, ""academy"": null}}, ""kind"": ""MISSING"", ""compatible"": false, ""strong"": false, ""shared_distinctive_tokens"": [], ""similarity"": 0.0}","{""home"": {""original"": {""name"": null, ""source"": ""ocr""}, ""used"": false}, ""away"": {""original"": {""name"": null, ""source"": ""ocr""}, ""used"": false}}",ALIAS_REQUIRED,,AMBIGUOUS,"{""conflicts"": [], ""needs_recheck"": [], ""missing"": [""event_id"", ""event_page"", ""competing_event"", ""sport"", ""kickoff"", ""competition"", ""market_fingerprint"", ""orientation"", ""names_incomplete_or_unrelated""]}"
lan-1789940231-missing,evidence/coordinator/missing/result.json;evidence/coordinator/results.json,archive,"[null, null]","[null, null]","{""status"": ""UNKNOWN"", ""requested"": null, ""observed"": null, ""independently_observed"": false, ""direct_link_capture"": false, ""basis"": ""unverified""}","{""status"": ""UNKNOWN"", ""feed"": null, ""page"": null, ""difference_seconds"": null, ""tolerance_seconds"": 120}","{""status"": ""UNKNOWN"", ""feed"": """", ""page"": """"}","{""status"": ""UNKNOWN"", ""feed"": """", ""page"": """", ""approved_mapping"": false, ""reason"": ""unmapped label or conflicting independent evidence""}","{""status"": ""UNKNOWN"", ""alert_market_fingerprint"": null, ""page_market_fingerprint"": null, ""fingerprint_match"": ""UNAVAILABLE""}","{""home"": {""status"": ""UNKNOWN"", ""feed"": null, ""page"": null, ""supplied_by_competition"": false}, ""away"": {""status"": ""UNKNOWN"", ""feed"": null, ""page"": null, ""supplied_by_competition"": false}}","{""home"": {""status"": ""UNKNOWN"", ""feed"": null, ""page"": null, ""supplied_by_competition"": false}, ""away"": {""status"": ""UNKNOWN"", ""feed"": null, ""page"": null, ""supplied_by_competition"": false}}","{""home"": {""status"": ""UNKNOWN"", ""feed"": null, ""page"": null, ""supplied_by_competition"": false}, ""away"": {""status"": ""UNKNOWN"", ""feed"": null, ""page"": null, ""supplied_by_competition"": false}}","{""home"": {""status"": ""UNKNOWN"", ""feed"": null, ""page"": null, ""supplied_by_competition"": false}, ""away"": {""status"": ""UNKNOWN"", ""feed"": null, ""page"": null, ""supplied_by_competition"": false}}","{""home"": {""status"": ""UNKNOWN"", ""feed"": null, ""page"": null, ""supplied_by_competition"": false}, ""away"": {""status"": ""UNKNOWN"", ""feed"": null, ""page"": null, ""supplied_by_competition"": false}}","{""feed"": {""name"": """", ""source"": ""unknown"", ""confidence"": null, ""original_name"": """", ""reread_used"": false, ""dimensions"": {""gender"": null, ""age_group"": null, ""squad_tier"": null, ""reserve"": null, ""academy"": null}}, ""page"": {""name"": null, ""source"": ""ocr"", ""confidence"": null, ""original_name"": null, ""reread_used"": false, ""dimensions"": {""gender"": null, ""age_group"": null, ""squad_tier"": null, ""reserve"": null, ""academy"": null}}, ""kind"": ""MISSING"", ""compatible"": false, ""strong"": false, ""shared_distinctive_tokens"": [], ""similarity"": 0.0}","{""feed"": {""name"": """", ""source"": ""unknown"", ""confidence"": null, ""original_name"": """", ""reread_used"": false, ""dimensions"": {""gender"": null, ""age_group"": null, ""squad_tier"": null, ""reserve"": null, ""academy"": null}}, ""page"": {""name"": null, ""source"": ""ocr"", ""confidence"": null, ""original_name"": null, ""reread_used"": false, ""dimensions"": {""gender"": null, ""age_group"": null, ""squad_tier"": null, ""reserve"": null, ""academy"": null}}, ""kind"": ""MISSING"", ""compatible"": false, ""strong"": false, ""shared_distinctive_tokens"": [], ""similarity"": 0.0}","{""home"": {""original"": {""name"": null, ""source"": ""ocr""}, ""used"": false}, ""away"": {""original"": {""name"": null, ""source"": ""ocr""}, ""used"": false}}",TARGET_NOT_FOUND,,AMBIGUOUS,"{""conflicts"": [], ""needs_recheck"": [], ""missing"": [""event_id"", ""event_page"", ""competing_event"", ""sport"", ""kickoff"", ""competition"", ""market_fingerprint"", ""orientation"", ""names_incomplete_or_unrelated""]}"
hapoel_jerusalem_search-010931,evidence/task1-stake/hapoel_jerusalem_search-010931.json,archive,"[""Hapoel Jerusalem"", ""Bnei Herzliya""]","[null, null]","{""status"": ""UNKNOWN"", ""requested"": null, ""observed"": null, ""independently_observed"": false, ""direct_link_capture"": false, ""basis"": ""unverified""}","{""status"": ""UNKNOWN"", ""feed"": null, ""page"": null, ""difference_seconds"": null, ""tolerance_seconds"": 120}","{""status"": ""UNKNOWN"", ""feed"": ""basketball"", ""page"": """"}","{""status"": ""UNKNOWN"", ""feed"": """", ""page"": """", ""approved_mapping"": false, ""reason"": ""unmapped label or conflicting independent evidence""}","{""status"": ""UNKNOWN"", ""alert_market_fingerprint"": null, ""page_market_fingerprint"": null, ""fingerprint_match"": ""UNAVAILABLE""}","{""home"": {""status"": ""UNKNOWN"", ""feed"": null, ""page"": null, ""supplied_by_competition"": false}, ""away"": {""status"": ""UNKNOWN"", ""feed"": null, ""page"": null, ""supplied_by_competition"": false}}","{""home"": {""status"": ""UNKNOWN"", ""feed"": null, ""page"": null, ""supplied_by_competition"": false}, ""away"": {""status"": ""UNKNOWN"", ""feed"": null, ""page"": null, ""supplied_by_competition"": false}}","{""home"": {""status"": ""UNKNOWN"", ""feed"": null, ""page"": null, ""supplied_by_competition"": false}, ""away"": {""status"": ""UNKNOWN"", ""feed"": null, ""page"": null, ""supplied_by_competition"": false}}","{""home"": {""status"": ""UNKNOWN"", ""feed"": null, ""page"": null, ""supplied_by_competition"": false}, ""away"": {""status"": ""UNKNOWN"", ""feed"": null, ""page"": null, ""supplied_by_competition"": false}}","{""home"": {""status"": ""UNKNOWN"", ""feed"": null, ""page"": null, ""supplied_by_competition"": false}, ""away"": {""status"": ""UNKNOWN"", ""feed"": null, ""page"": null, ""supplied_by_competition"": false}}","{""feed"": {""name"": ""Hapoel Jerusalem"", ""source"": ""structured"", ""confidence"": null, ""original_name"": ""Hapoel Jerusalem"", ""reread_used"": false, ""dimensions"": {""gender"": null, ""age_group"": null, ""squad_tier"": null, ""reserve"": null, ""academy"": null}}, ""page"": {""name"": null, ""source"": ""ocr"", ""confidence"": null, ""original_name"": null, ""reread_used"": false, ""dimensions"": {""gender"": null, ""age_group"": null, ""squad_tier"": null, ""reserve"": null, ""academy"": null}}, ""kind"": ""MISSING"", ""compatible"": false, ""strong"": false, ""shared_distinctive_tokens"": [], ""similarity"": 0.0}","{""feed"": {""name"": ""Bnei Herzliya"", ""source"": ""structured"", ""confidence"": null, ""original_name"": ""Bnei Herzliya"", ""reread_used"": false, ""dimensions"": {""gender"": null, ""age_group"": null, ""squad_tier"": null, ""reserve"": null, ""academy"": null}}, ""page"": {""name"": null, ""source"": ""ocr"", ""confidence"": null, ""original_name"": null, ""reread_used"": false, ""dimensions"": {""gender"": null, ""age_group"": null, ""squad_tier"": null, ""reserve"": null, ""academy"": null}}, ""kind"": ""MISSING"", ""compatible"": false, ""strong"": false, ""shared_distinctive_tokens"": [], ""similarity"": 0.0}","{""home"": {""original"": {""name"": null, ""source"": ""ocr""}, ""used"": false}, ""away"": {""original"": {""name"": null, ""source"": ""ocr""}, ""used"": false}}",TARGET_NOT_FOUND,,AMBIGUOUS,"{""conflicts"": [], ""needs_recheck"": [], ""missing"": [""event_id"", ""event_page"", ""competing_event"", ""sport"", ""kickoff"", ""competition"", ""market_fingerprint"", ""orientation"", ""names_incomplete_or_unrelated""]}"
adapter-1790102402-bb_spread,evidence/fixture-m5/resumed-environment.json,archive,"[null, null]","[null, null]","{""status"": ""UNKNOWN"", ""requested"": null, ""observed"": null, ""independently_observed"": false, ""direct_link_capture"": false, ""basis"": ""unverified""}","{""status"": ""UNKNOWN"", ""feed"": null, ""page"": null, ""difference_seconds"": null, ""tolerance_seconds"": 120}","{""status"": ""UNKNOWN"", ""feed"": """", ""page"": """"}","{""status"": ""UNKNOWN"", ""feed"": ""pro"", ""page"": """", ""approved_mapping"": false, ""reason"": ""unmapped label or conflicting independent evidence""}","{""status"": ""UNKNOWN"", ""alert_market_fingerprint"": null, ""page_market_fingerprint"": null, ""fingerprint_match"": ""UNAVAILABLE""}","{""home"": {""status"": ""UNKNOWN"", ""feed"": null, ""page"": null, ""supplied_by_competition"": false}, ""away"": {""status"": ""UNKNOWN"", ""feed"": null, ""page"": null, ""supplied_by_competition"": false}}","{""home"": {""status"": ""UNKNOWN"", ""feed"": null, ""page"": null, ""supplied_by_competition"": false}, ""away"": {""status"": ""UNKNOWN"", ""feed"": null, ""page"": null, ""supplied_by_competition"": false}}","{""home"": {""status"": ""UNKNOWN"", ""feed"": null, ""page"": null, ""supplied_by_competition"": false}, ""away"": {""status"": ""UNKNOWN"", ""feed"": null, ""page"": null, ""supplied_by_competition"": false}}","{""home"": {""status"": ""UNKNOWN"", ""feed"": null, ""page"": null, ""supplied_by_competition"": false}, ""away"": {""status"": ""UNKNOWN"", ""feed"": null, ""page"": null, ""supplied_by_competition"": false}}","{""home"": {""status"": ""UNKNOWN"", ""feed"": null, ""page"": null, ""supplied_by_competition"": false}, ""away"": {""status"": ""UNKNOWN"", ""feed"": null, ""page"": null, ""supplied_by_competition"": false}}","{""feed"": {""name"": """", ""source"": ""unknown"", ""confidence"": null, ""original_name"": """", ""reread_used"": false, ""dimensions"": {""gender"": null, ""age_group"": null, ""squad_tier"": null, ""reserve"": null, ""academy"": null}}, ""page"": {""name"": null, ""source"": ""ocr"", ""confidence"": null, ""original_name"": null, ""reread_used"": false, ""dimensions"": {""gender"": null, ""age_group"": null, ""squad_tier"": null, ""reserve"": null, ""academy"": null}}, ""kind"": ""MISSING"", ""compatible"": false, ""strong"": false, ""shared_distinctive_tokens"": [], ""similarity"": 0.0}","{""feed"": {""name"": """", ""source"": ""unknown"", ""confidence"": null, ""original_name"": """", ""reread_used"": false, ""dimensions"": {""gender"": null, ""age_group"": null, ""squad_tier"": null, ""reserve"": null, ""academy"": null}}, ""page"": {""name"": null, ""source"": ""ocr"", ""confidence"": null, ""original_name"": null, ""reread_used"": false, ""dimensions"": {""gender"": null, ""age_group"": null, ""squad_tier"": null, ""reserve"": null, ""academy"": null}}, ""kind"": ""MISSING"", ""compatible"": false, ""strong"": false, ""shared_distinctive_tokens"": [], ""similarity"": 0.0}","{""home"": {""original"": {""name"": null, ""source"": ""ocr""}, ""used"": false}, ""away"": {""original"": {""name"": null, ""source"": ""ocr""}, ""used"": false}}",WRONG_EVENT,,AMBIGUOUS,"{""conflicts"": [], ""needs_recheck"": [], ""missing"": [""event_id"", ""event_page"", ""competing_event"", ""sport"", ""kickoff"", ""competition"", ""market_fingerprint"", ""orientation"", ""names_incomplete_or_unrelated""]}"
run:c_sCn6JfkLlfh9JpKlr6-_ChSknXZOat2P3HicGdn4C90,evidence/fixture/results.json;evidence/fixture/wrong_event/evidence.json;evidence/fixture/wrong_event/result.json,archive,"[null, null]","[null, null]","{""status"": ""UNKNOWN"", ""requested"": null, ""observed"": null, ""independently_observed"": false, ""direct_link_capture"": false, ""basis"": ""unverified""}","{""status"": ""UNKNOWN"", ""feed"": null, ""page"": null, ""difference_seconds"": null, ""tolerance_seconds"": 120}","{""status"": ""UNKNOWN"", ""feed"": """", ""page"": """"}","{""status"": ""UNKNOWN"", ""feed"": """", ""page"": """", ""approved_mapping"": false, ""reason"": ""unmapped label or conflicting independent evidence""}","{""status"": ""UNKNOWN"", ""alert_market_fingerprint"": null, ""page_market_fingerprint"": null, ""fingerprint_match"": ""UNAVAILABLE""}","{""home"": {""status"": ""UNKNOWN"", ""feed"": null, ""page"": null, ""supplied_by_competition"": false}, ""away"": {""status"": ""UNKNOWN"", ""feed"": null, ""page"": null, ""supplied_by_competition"": false}}","{""home"": {""status"": ""UNKNOWN"", ""feed"": null, ""page"": null, ""supplied_by_competition"": false}, ""away"": {""status"": ""UNKNOWN"", ""feed"": null, ""page"": null, ""supplied_by_competition"": false}}","{""home"": {""status"": ""UNKNOWN"", ""feed"": null, ""page"": null, ""supplied_by_competition"": false}, ""away"": {""status"": ""UNKNOWN"", ""feed"": null, ""page"": null, ""supplied_by_competition"": false}}","{""home"": {""status"": ""UNKNOWN"", ""feed"": null, ""page"": null, ""supplied_by_competition"": false}, ""away"": {""status"": ""UNKNOWN"", ""feed"": null, ""page"": null, ""supplied_by_competition"": false}}","{""home"": {""status"": ""UNKNOWN"", ""feed"": null, ""page"": null, ""supplied_by_competition"": false}, ""away"": {""status"": ""UNKNOWN"", ""feed"": null, ""page"": null, ""supplied_by_competition"": false}}","{""feed"": {""name"": """", ""source"": ""unknown"", ""confidence"": null, ""original_name"": """", ""reread_used"": false, ""dimensions"": {""gender"": null, ""age_group"": null, ""squad_tier"": null, ""reserve"": null, ""academy"": null}}, ""page"": {""name"": null, ""source"": ""ocr"", ""confidence"": null, ""original_name"": null, ""reread_used"": false, ""dimensions"": {""gender"": null, ""age_group"": null, ""squad_tier"": null, ""reserve"": null, ""academy"": null}}, ""kind"": ""MISSING"", ""compatible"": false, ""strong"": false, ""shared_distinctive_tokens"": [], ""similarity"": 0.0}","{""feed"": {""name"": """", ""source"": ""unknown"", ""confidence"": null, ""original_name"": """", ""reread_used"": false, ""dimensions"": {""gender"": null, ""age_group"": null, ""squad_tier"": null, ""reserve"": null, ""academy"": null}}, ""page"": {""name"": null, ""source"": ""ocr"", ""confidence"": null, ""original_name"": null, ""reread_used"": false, ""dimensions"": {""gender"": null, ""age_group"": null, ""squad_tier"": null, ""reserve"": null, ""academy"": null}}, ""kind"": ""MISSING"", ""compatible"": false, ""strong"": false, ""shared_distinctive_tokens"": [], ""similarity"": 0.0}","{""home"": {""original"": {""name"": null, ""source"": ""ocr""}, ""used"": false}, ""away"": {""original"": {""name"": null, ""source"": ""ocr""}, ""used"": false}}",WRONG_EVENT,,AMBIGUOUS,"{""conflicts"": [], ""needs_recheck"": [], ""missing"": [""event_id"", ""event_page"", ""competing_event"", ""sport"", ""kickoff"", ""competition"", ""market_fingerprint"", ""orientation"", ""names_incomplete_or_unrelated""]}"
wrong_link_fail_closed-012020,evidence/task1-stake/wrong_link_fail_closed-012020.json,archive,"[""Kyoto Hannaryz"", ""Shiga Lake Stars""]","[""Besancon AC"", ""Val de Seine""]","{""status"": ""UNKNOWN"", ""requested"": ""26747385"", ""observed"": null, ""independently_observed"": false, ""direct_link_capture"": false, ""basis"": ""unverified""}","{""status"": ""CONFLICT"", ""feed"": ""2026-09-25T09:35:00+00:00"", ""page"": ""2026-09-25T19:00:00+01:00"", ""difference_seconds"": 30300.0, ""tolerance_seconds"": 120}","{""status"": ""UNKNOWN"", ""feed"": ""basketball"", ""page"": """"}","{""status"": ""UNKNOWN"", ""feed"": """", ""page"": """", ""approved_mapping"": false, ""reason"": ""unmapped label or conflicting independent evidence""}","{""status"": ""UNKNOWN"", ""alert_market_fingerprint"": null, ""page_market_fingerprint"": null, ""fingerprint_match"": ""UNAVAILABLE""}","{""home"": {""status"": ""UNKNOWN"", ""feed"": null, ""page"": null, ""supplied_by_competition"": false}, ""away"": {""status"": ""UNKNOWN"", ""feed"": null, ""page"": null, ""supplied_by_competition"": false}}","{""home"": {""status"": ""UNKNOWN"", ""feed"": null, ""page"": null, ""supplied_by_competition"": false}, ""away"": {""status"": ""UNKNOWN"", ""feed"": null, ""page"": null, ""supplied_by_competition"": false}}","{""home"": {""status"": ""UNKNOWN"", ""feed"": null, ""page"": null, ""supplied_by_competition"": false}, ""away"": {""status"": ""UNKNOWN"", ""feed"": null, ""page"": null, ""supplied_by_competition"": false}}","{""home"": {""status"": ""UNKNOWN"", ""feed"": null, ""page"": null, ""supplied_by_competition"": false}, ""away"": {""status"": ""UNKNOWN"", ""feed"": null, ""page"": null, ""supplied_by_competition"": false}}","{""home"": {""status"": ""UNKNOWN"", ""feed"": null, ""page"": null, ""supplied_by_competition"": false}, ""away"": {""status"": ""UNKNOWN"", ""feed"": null, ""page"": null, ""supplied_by_competition"": false}}","{""feed"": {""name"": ""Kyoto Hannaryz"", ""source"": ""structured"", ""confidence"": null, ""original_name"": ""Kyoto Hannaryz"", ""reread_used"": false, ""dimensions"": {""gender"": null, ""age_group"": null, ""squad_tier"": null, ""reserve"": null, ""academy"": null}}, ""page"": {""name"": ""Besancon AC"", ""source"": ""ocr"", ""confidence"": null, ""original_name"": ""Besancon AC"", ""reread_used"": false, ""dimensions"": {""gender"": null, ""age_group"": null, ""squad_tier"": null, ""reserve"": null, ""academy"": null}}, ""kind"": ""UNRELATED"", ""compatible"": false, ""strong"": false, ""shared_distinctive_tokens"": [], ""similarity"": 0.0}","{""feed"": {""name"": ""Shiga Lake Stars"", ""source"": ""structured"", ""confidence"": null, ""original_name"": ""Shiga Lake Stars"", ""reread_used"": false, ""dimensions"": {""gender"": null, ""age_group"": null, ""squad_tier"": null, ""reserve"": null, ""academy"": null}}, ""page"": {""name"": ""Val de Seine"", ""source"": ""ocr"", ""confidence"": null, ""original_name"": ""Val de Seine"", ""reread_used"": false, ""dimensions"": {""gender"": null, ""age_group"": null, ""squad_tier"": null, ""reserve"": null, ""academy"": null}}, ""kind"": ""UNRELATED"", ""compatible"": false, ""strong"": false, ""shared_distinctive_tokens"": [], ""similarity"": 0.0}","{""home"": {""original"": {""name"": ""Besancon AC"", ""source"": ""ocr""}, ""used"": false}, ""away"": {""original"": {""name"": ""Val de Seine"", ""source"": ""ocr""}, ""used"": false}}",WRONG_EVENT,MISMATCH,CONFLICT,"{""conflicts"": [""kickoff""], ""needs_recheck"": [], ""missing"": [""event_id"", ""event_page"", ""competing_event"", ""sport"", ""competition"", ""market_fingerprint"", ""orientation"", ""names_incomplete_or_unrelated""]}"
wrong_opponent-231839,evidence/milestone-a/wrong_opponent-231839.json,archive,"[""Kyoto Hannaryz"", ""Bayern Munich""]","[null, null]","{""status"": ""UNKNOWN"", ""requested"": ""26737823"", ""observed"": null, ""independently_observed"": false, ""direct_link_capture"": false, ""basis"": ""unverified""}","{""status"": ""UNKNOWN"", ""feed"": ""2026-09-25T09:35:00+00:00"", ""page"": null, ""difference_seconds"": null, ""tolerance_seconds"": 120}","{""status"": ""UNKNOWN"", ""feed"": ""basketball"", ""page"": """"}","{""status"": ""UNKNOWN"", ""feed"": """", ""page"": """", ""approved_mapping"": false, ""reason"": ""unmapped label or conflicting independent evidence""}","{""status"": ""UNKNOWN"", ""alert_market_fingerprint"": null, ""page_market_fingerprint"": null, ""fingerprint_match"": ""UNAVAILABLE""}","{""home"": {""status"": ""UNKNOWN"", ""feed"": null, ""page"": null, ""supplied_by_competition"": false}, ""away"": {""status"": ""UNKNOWN"", ""feed"": null, ""page"": null, ""supplied_by_competition"": false}}","{""home"": {""status"": ""UNKNOWN"", ""feed"": null, ""page"": null, ""supplied_by_competition"": false}, ""away"": {""status"": ""UNKNOWN"", ""feed"": null, ""page"": null, ""supplied_by_competition"": false}}","{""home"": {""status"": ""UNKNOWN"", ""feed"": null, ""page"": null, ""supplied_by_competition"": false}, ""away"": {""status"": ""UNKNOWN"", ""feed"": null, ""page"": null, ""supplied_by_competition"": false}}","{""home"": {""status"": ""UNKNOWN"", ""feed"": null, ""page"": null, ""supplied_by_competition"": false}, ""away"": {""status"": ""UNKNOWN"", ""feed"": null, ""page"": null, ""supplied_by_competition"": false}}","{""home"": {""status"": ""UNKNOWN"", ""feed"": null, ""page"": null, ""supplied_by_competition"": false}, ""away"": {""status"": ""UNKNOWN"", ""feed"": null, ""page"": null, ""supplied_by_competition"": false}}","{""feed"": {""name"": ""Kyoto Hannaryz"", ""source"": ""structured"", ""confidence"": null, ""original_name"": ""Kyoto Hannaryz"", ""reread_used"": false, ""dimensions"": {""gender"": null, ""age_group"": null, ""squad_tier"": null, ""reserve"": null, ""academy"": null}}, ""page"": {""name"": null, ""source"": ""ocr"", ""confidence"": null, ""original_name"": null, ""reread_used"": false, ""dimensions"": {""gender"": null, ""age_group"": null, ""squad_tier"": null, ""reserve"": null, ""academy"": null}}, ""kind"": ""MISSING"", ""compatible"": false, ""strong"": false, ""shared_distinctive_tokens"": [], ""similarity"": 0.0}","{""feed"": {""name"": ""Bayern Munich"", ""source"": ""structured"", ""confidence"": null, ""original_name"": ""Bayern Munich"", ""reread_used"": false, ""dimensions"": {""gender"": null, ""age_group"": null, ""squad_tier"": null, ""reserve"": null, ""academy"": null}}, ""page"": {""name"": null, ""source"": ""ocr"", ""confidence"": null, ""original_name"": null, ""reread_used"": false, ""dimensions"": {""gender"": null, ""age_group"": null, ""squad_tier"": null, ""reserve"": null, ""academy"": null}}, ""kind"": ""MISSING"", ""compatible"": false, ""strong"": false, ""shared_distinctive_tokens"": [], ""similarity"": 0.0}","{""home"": {""original"": {""name"": null, ""source"": ""ocr""}, ""used"": false}, ""away"": {""original"": {""name"": null, ""source"": ""ocr""}, ""used"": false}}",ALIAS_REQUIRED,,AMBIGUOUS,"{""conflicts"": [], ""needs_recheck"": [], ""missing"": [""event_id"", ""event_page"", ""competing_event"", ""sport"", ""kickoff"", ""competition"", ""market_fingerprint"", ""orientation"", ""names_incomplete_or_unrelated""]}"
hardening-1790373127-worse-line,evidence/execution-hardening/phone-/hardening-1790373127/worse-line.json,archive,"[""Kirchheim"", ""SBB Baskets Wolmirstedt""]","[""Kirchheim"", ""SBB Baskets Wolmirstedt""]","{""status"": ""UNKNOWN"", ""requested"": ""26748183"", ""observed"": null, ""independently_observed"": false, ""direct_link_capture"": false, ""basis"": ""unverified""}","{""status"": ""UNKNOWN"", ""feed"": ""2026-09-26T16:00:00+00:00"", ""page"": null, ""difference_seconds"": null, ""tolerance_seconds"": 120}","{""status"": ""UNKNOWN"", ""feed"": ""basketball"", ""page"": """"}","{""status"": ""UNKNOWN"", ""feed"": ""germany pro a"", ""page"": """", ""approved_mapping"": false, ""reason"": ""unmapped label or conflicting independent evidence""}","{""status"": ""UNKNOWN"", ""alert_market_fingerprint"": null, ""page_market_fingerprint"": null, ""fingerprint_match"": ""UNAVAILABLE""}","{""home"": {""status"": ""UNKNOWN"", ""feed"": null, ""page"": null, ""supplied_by_competition"": false}, ""away"": {""status"": ""UNKNOWN"", ""feed"": null, ""page"": null, ""supplied_by_competition"": false}}","{""home"": {""status"": ""UNKNOWN"", ""feed"": null, ""page"": null, ""supplied_by_competition"": false}, ""away"": {""status"": ""UNKNOWN"", ""feed"": null, ""page"": null, ""supplied_by_competition"": false}}","{""home"": {""status"": ""UNKNOWN"", ""feed"": null, ""page"": null, ""supplied_by_competition"": false}, ""away"": {""status"": ""UNKNOWN"", ""feed"": null, ""page"": null, ""supplied_by_competition"": false}}","{""home"": {""status"": ""UNKNOWN"", ""feed"": null, ""page"": null, ""supplied_by_competition"": false}, ""away"": {""status"": ""UNKNOWN"", ""feed"": null, ""page"": null, ""supplied_by_competition"": false}}","{""home"": {""status"": ""UNKNOWN"", ""feed"": null, ""page"": null, ""supplied_by_competition"": false}, ""away"": {""status"": ""UNKNOWN"", ""feed"": null, ""page"": null, ""supplied_by_competition"": false}}","{""feed"": {""name"": ""Kirchheim"", ""source"": ""structured"", ""confidence"": null, ""original_name"": ""Kirchheim"", ""reread_used"": false, ""dimensions"": {""gender"": null, ""age_group"": null, ""squad_tier"": null, ""reserve"": null, ""academy"": null}}, ""page"": {""name"": ""Kirchheim"", ""source"": ""ocr"", ""confidence"": null, ""original_name"": ""Kirchheim"", ""reread_used"": false, ""dimensions"": {""gender"": null, ""age_group"": null, ""squad_tier"": null, ""reserve"": null, ""academy"": null}}, ""kind"": ""EXACT"", ""compatible"": true, ""strong"": true, ""shared_distinctive_tokens"": [""kirchheim""], ""similarity"": 1.0}","{""feed"": {""name"": ""SBB Baskets Wolmirstedt"", ""source"": ""structured"", ""confidence"": null, ""original_name"": ""SBB Baskets Wolmirstedt"", ""reread_used"": false, ""dimensions"": {""gender"": null, ""age_group"": null, ""squad_tier"": null, ""reserve"": null, ""academy"": null}}, ""page"": {""name"": ""SBB Baskets Wolmirstedt"", ""source"": ""ocr"", ""confidence"": null, ""original_name"": ""SBB Baskets Wolmirstedt"", ""reread_used"": false, ""dimensions"": {""gender"": null, ""age_group"": null, ""squad_tier"": null, ""reserve"": null, ""academy"": null}}, ""kind"": ""EXACT"", ""compatible"": true, ""strong"": true, ""shared_distinctive_tokens"": [""baskets"", ""sbb"", ""wolmirstedt""], ""similarity"": 1.0}","{""home"": {""original"": {""name"": ""Kirchheim"", ""source"": ""ocr""}, ""used"": false}, ""away"": {""original"": {""name"": ""SBB Baskets Wolmirstedt"", ""source"": ""ocr""}, ""used"": false}}",TARGET_NOT_FOUND,EXACT,AMBIGUOUS,"{""conflicts"": [], ""needs_recheck"": [], ""missing"": [""event_id"", ""event_page"", ""competing_event"", ""sport"", ""kickoff"", ""competition"", ""market_fingerprint"", ""orientation""]}"
st-stuck-1790203071,evidence/stage-timeout-gunma-proof/stuck-evidence.json;evidence/stage-timeout-gunma-proof/stuck-result.json;evidence/stage-timeout-gunma-proof/stuck-summary.json,archive,"[null, null]","[null, null]","{""status"": ""UNKNOWN"", ""requested"": null, ""observed"": null, ""independently_observed"": false, ""direct_link_capture"": false, ""basis"": ""unverified""}","{""status"": ""UNKNOWN"", ""feed"": null, ""page"": null, ""difference_seconds"": null, ""tolerance_seconds"": 120}","{""status"": ""UNKNOWN"", ""feed"": """", ""page"": """"}","{""status"": ""UNKNOWN"", ""feed"": """", ""page"": """", ""approved_mapping"": false, ""reason"": ""unmapped label or conflicting independent evidence""}","{""status"": ""UNKNOWN"", ""alert_market_fingerprint"": null, ""page_market_fingerprint"": null, ""fingerprint_match"": ""UNAVAILABLE""}","{""home"": {""status"": ""UNKNOWN"", ""feed"": null, ""page"": null, ""supplied_by_competition"": false}, ""away"": {""status"": ""UNKNOWN"", ""feed"": null, ""page"": null, ""supplied_by_competition"": false}}","{""home"": {""status"": ""UNKNOWN"", ""feed"": null, ""page"": null, ""supplied_by_competition"": false}, ""away"": {""status"": ""UNKNOWN"", ""feed"": null, ""page"": null, ""supplied_by_competition"": false}}","{""home"": {""status"": ""UNKNOWN"", ""feed"": null, ""page"": null, ""supplied_by_competition"": false}, ""away"": {""status"": ""UNKNOWN"", ""feed"": null, ""page"": null, ""supplied_by_competition"": false}}","{""home"": {""status"": ""UNKNOWN"", ""feed"": null, ""page"": null, ""supplied_by_competition"": false}, ""away"": {""status"": ""UNKNOWN"", ""feed"": null, ""page"": null, ""supplied_by_competition"": false}}","{""home"": {""status"": ""UNKNOWN"", ""feed"": null, ""page"": null, ""supplied_by_competition"": false}, ""away"": {""status"": ""UNKNOWN"", ""feed"": null, ""page"": null, ""supplied_by_competition"": false}}","{""feed"": {""name"": """", ""source"": ""unknown"", ""confidence"": null, ""original_name"": """", ""reread_used"": false, ""dimensions"": {""gender"": null, ""age_group"": null, ""squad_tier"": null, ""reserve"": null, ""academy"": null}}, ""page"": {""name"": null, ""source"": ""ocr"", ""confidence"": null, ""original_name"": null, ""reread_used"": false, ""dimensions"": {""gender"": null, ""age_group"": null, ""squad_tier"": null, ""reserve"": null, ""academy"": null}}, ""kind"": ""MISSING"", ""compatible"": false, ""strong"": false, ""shared_distinctive_tokens"": [], ""similarity"": 0.0}","{""feed"": {""name"": """", ""source"": ""unknown"", ""confidence"": null, ""original_name"": """", ""reread_used"": false, ""dimensions"": {""gender"": null, ""age_group"": null, ""squad_tier"": null, ""reserve"": null, ""academy"": null}}, ""page"": {""name"": null, ""source"": ""ocr"", ""confidence"": null, ""original_name"": null, ""reread_used"": false, ""dimensions"": {""gender"": null, ""age_group"": null, ""squad_tier"": null, ""reserve"": null, ""academy"": null}}, ""kind"": ""MISSING"", ""compatible"": false, ""strong"": false, ""shared_distinctive_tokens"": [], ""similarity"": 0.0}","{""home"": {""original"": {""name"": null, ""source"": ""ocr""}, ""used"": false}, ""away"": {""original"": {""name"": null, ""source"": ""ocr""}, ""used"": false}}",TARGET_NOT_FOUND,,AMBIGUOUS,"{""conflicts"": [], ""needs_recheck"": [], ""missing"": [""event_id"", ""event_page"", ""competing_event"", ""sport"", ""kickoff"", ""competition"", ""market_fingerprint"", ""orientation"", ""names_incomplete_or_unrelated""]}"
forensic-1790366148-wrong-link,evidence/strategy-audit/phone/run-1790366148/wrong-link.json,archive,"[""Kyoto Hannaryz"", ""Shiga Lake Stars""]","[""Kirchheim"", ""SBB Baskets Wolmirstedt""]","{""status"": ""UNKNOWN"", ""requested"": ""26748183"", ""observed"": null, ""independently_observed"": false, ""direct_link_capture"": false, ""basis"": ""unverified""}","{""status"": ""UNKNOWN"", ""feed"": ""2026-09-26T16:00:00+00:00"", ""page"": null, ""difference_seconds"": null, ""tolerance_seconds"": 120}","{""status"": ""UNKNOWN"", ""feed"": ""basketball"", ""page"": """"}","{""status"": ""UNKNOWN"", ""feed"": """", ""page"": """", ""approved_mapping"": false, ""reason"": ""unmapped label or conflicting independent evidence""}","{""status"": ""UNKNOWN"", ""alert_market_fingerprint"": null, ""page_market_fingerprint"": null, ""fingerprint_match"": ""UNAVAILABLE""}","{""home"": {""status"": ""UNKNOWN"", ""feed"": null, ""page"": null, ""supplied_by_competition"": false}, ""away"": {""status"": ""UNKNOWN"", ""feed"": null, ""page"": null, ""supplied_by_competition"": false}}","{""home"": {""status"": ""UNKNOWN"", ""feed"": null, ""page"": null, ""supplied_by_competition"": false}, ""away"": {""status"": ""UNKNOWN"", ""feed"": null, ""page"": null, ""supplied_by_competition"": false}}","{""home"": {""status"": ""UNKNOWN"", ""feed"": null, ""page"": null, ""supplied_by_competition"": false}, ""away"": {""status"": ""UNKNOWN"", ""feed"": null, ""page"": null, ""supplied_by_competition"": false}}","{""home"": {""status"": ""UNKNOWN"", ""feed"": null, ""page"": null, ""supplied_by_competition"": false}, ""away"": {""status"": ""UNKNOWN"", ""feed"": null, ""page"": null, ""supplied_by_competition"": false}}","{""home"": {""status"": ""UNKNOWN"", ""feed"": null, ""page"": null, ""supplied_by_competition"": false}, ""away"": {""status"": ""UNKNOWN"", ""feed"": null, ""page"": null, ""supplied_by_competition"": false}}","{""feed"": {""name"": ""Kyoto Hannaryz"", ""source"": ""structured"", ""confidence"": null, ""original_name"": ""Kyoto Hannaryz"", ""reread_used"": false, ""dimensions"": {""gender"": null, ""age_group"": null, ""squad_tier"": null, ""reserve"": null, ""academy"": null}}, ""page"": {""name"": ""Kirchheim"", ""source"": ""ocr"", ""confidence"": null, ""original_name"": ""Kirchheim"", ""reread_used"": false, ""dimensions"": {""gender"": null, ""age_group"": null, ""squad_tier"": null, ""reserve"": null, ""academy"": null}}, ""kind"": ""UNRELATED"", ""compatible"": false, ""strong"": false, ""shared_distinctive_tokens"": [], ""similarity"": 0.0}","{""feed"": {""name"": ""Shiga Lake Stars"", ""source"": ""structured"", ""confidence"": null, ""original_name"": ""Shiga Lake Stars"", ""reread_used"": false, ""dimensions"": {""gender"": null, ""age_group"": null, ""squad_tier"": null, ""reserve"": null, ""academy"": null}}, ""page"": {""name"": ""SBB Baskets Wolmirstedt"", ""source"": ""ocr"", ""confidence"": null, ""original_name"": ""SBB Baskets Wolmirstedt"", ""reread_used"": false, ""dimensions"": {""gender"": null, ""age_group"": null, ""squad_tier"": null, ""reserve"": null, ""academy"": null}}, ""kind"": ""UNRELATED"", ""compatible"": false, ""strong"": false, ""shared_distinctive_tokens"": [], ""similarity"": 0.0}","{""home"": {""original"": {""name"": ""Kirchheim"", ""source"": ""ocr""}, ""used"": false}, ""away"": {""original"": {""name"": ""SBB Baskets Wolmirstedt"", ""source"": ""ocr""}, ""used"": false}}",WRONG_EVENT,MISMATCH,AMBIGUOUS,"{""conflicts"": [], ""needs_recheck"": [], ""missing"": [""event_id"", ""event_page"", ""competing_event"", ""sport"", ""kickoff"", ""competition"", ""market_fingerprint"", ""orientation"", ""names_incomplete_or_unrelated""]}"
run:c_xySs9FgWLSxMWteSQyaZGIA6PCu4x-JOTPdQSGnrq-w,evidence/prepare-0641/prep1-run.json;evidence/prepare-0641/proof-prep-192101.json,archive,"[null, null]","[null, null]","{""status"": ""UNKNOWN"", ""requested"": null, ""observed"": null, ""independently_observed"": false, ""direct_link_capture"": false, ""basis"": ""unverified""}","{""status"": ""UNKNOWN"", ""feed"": null, ""page"": null, ""difference_seconds"": null, ""tolerance_seconds"": 120}","{""status"": ""UNKNOWN"", ""feed"": """", ""page"": """"}","{""status"": ""UNKNOWN"", ""feed"": """", ""page"": """", ""approved_mapping"": false, ""reason"": ""unmapped label or conflicting independent evidence""}","{""status"": ""UNKNOWN"", ""alert_market_fingerprint"": null, ""page_market_fingerprint"": null, ""fingerprint_match"": ""UNAVAILABLE""}","{""home"": {""status"": ""UNKNOWN"", ""feed"": null, ""page"": null, ""supplied_by_competition"": false}, ""away"": {""status"": ""UNKNOWN"", ""feed"": null, ""page"": null, ""supplied_by_competition"": false}}","{""home"": {""status"": ""UNKNOWN"", ""feed"": null, ""page"": null, ""supplied_by_competition"": false}, ""away"": {""status"": ""UNKNOWN"", ""feed"": null, ""page"": null, ""supplied_by_competition"": false}}","{""home"": {""status"": ""UNKNOWN"", ""feed"": null, ""page"": null, ""supplied_by_competition"": false}, ""away"": {""status"": ""UNKNOWN"", ""feed"": null, ""page"": null, ""supplied_by_competition"": false}}","{""home"": {""status"": ""UNKNOWN"", ""feed"": null, ""page"": null, ""supplied_by_competition"": false}, ""away"": {""status"": ""UNKNOWN"", ""feed"": null, ""page"": null, ""supplied_by_competition"": false}}","{""home"": {""status"": ""UNKNOWN"", ""feed"": null, ""page"": null, ""supplied_by_competition"": false}, ""away"": {""status"": ""UNKNOWN"", ""feed"": null, ""page"": null, ""supplied_by_competition"": false}}","{""feed"": {""name"": """", ""source"": ""unknown"", ""confidence"": null, ""original_name"": """", ""reread_used"": false, ""dimensions"": {""gender"": null, ""age_group"": null, ""squad_tier"": null, ""reserve"": null, ""academy"": null}}, ""page"": {""name"": null, ""source"": ""ocr"", ""confidence"": null, ""original_name"": null, ""reread_used"": false, ""dimensions"": {""gender"": null, ""age_group"": null, ""squad_tier"": null, ""reserve"": null, ""academy"": null}}, ""kind"": ""MISSING"", ""compatible"": false, ""strong"": false, ""shared_distinctive_tokens"": [], ""similarity"": 0.0}","{""feed"": {""name"": """", ""source"": ""unknown"", ""confidence"": null, ""original_name"": """", ""reread_used"": false, ""dimensions"": {""gender"": null, ""age_group"": null, ""squad_tier"": null, ""reserve"": null, ""academy"": null}}, ""page"": {""name"": null, ""source"": ""ocr"", ""confidence"": null, ""original_name"": null, ""reread_used"": false, ""dimensions"": {""gender"": null, ""age_group"": null, ""squad_tier"": null, ""reserve"": null, ""academy"": null}}, ""kind"": ""MISSING"", ""compatible"": false, ""strong"": false, ""shared_distinctive_tokens"": [], ""similarity"": 0.0}","{""home"": {""original"": {""name"": null, ""source"": ""ocr""}, ""used"": false}, ""away"": {""original"": {""name"": null, ""source"": ""ocr""}, ""used"": false}}",TARGET_NOT_FOUND,,AMBIGUOUS,"{""conflicts"": [], ""needs_recheck"": [], ""missing"": [""event_id"", ""event_page"", ""competing_event"", ""sport"", ""kickoff"", ""competition"", ""market_fingerprint"", ""orientation"", ""names_incomplete_or_unrelated""]}"
st-inact-1790203235,evidence/stage-timeout-gunma-proof/inactivity-result.json,archive,"[null, null]","[null, null]","{""status"": ""UNKNOWN"", ""requested"": null, ""observed"": null, ""independently_observed"": false, ""direct_link_capture"": false, ""basis"": ""unverified""}","{""status"": ""UNKNOWN"", ""feed"": null, ""page"": null, ""difference_seconds"": null, ""tolerance_seconds"": 120}","{""status"": ""UNKNOWN"", ""feed"": """", ""page"": """"}","{""status"": ""UNKNOWN"", ""feed"": """", ""page"": """", ""approved_mapping"": false, ""reason"": ""unmapped label or conflicting independent evidence""}","{""status"": ""UNKNOWN"", ""alert_market_fingerprint"": null, ""page_market_fingerprint"": null, ""fingerprint_match"": ""UNAVAILABLE""}","{""home"": {""status"": ""UNKNOWN"", ""feed"": null, ""page"": null, ""supplied_by_competition"": false}, ""away"": {""status"": ""UNKNOWN"", ""feed"": null, ""page"": null, ""supplied_by_competition"": false}}","{""home"": {""status"": ""UNKNOWN"", ""feed"": null, ""page"": null, ""supplied_by_competition"": false}, ""away"": {""status"": ""UNKNOWN"", ""feed"": null, ""page"": null, ""supplied_by_competition"": false}}","{""home"": {""status"": ""UNKNOWN"", ""feed"": null, ""page"": null, ""supplied_by_competition"": false}, ""away"": {""status"": ""UNKNOWN"", ""feed"": null, ""page"": null, ""supplied_by_competition"": false}}","{""home"": {""status"": ""UNKNOWN"", ""feed"": null, ""page"": null, ""supplied_by_competition"": false}, ""away"": {""status"": ""UNKNOWN"", ""feed"": null, ""page"": null, ""supplied_by_competition"": false}}","{""home"": {""status"": ""UNKNOWN"", ""feed"": null, ""page"": null, ""supplied_by_competition"": false}, ""away"": {""status"": ""UNKNOWN"", ""feed"": null, ""page"": null, ""supplied_by_competition"": false}}","{""feed"": {""name"": """", ""source"": ""unknown"", ""confidence"": null, ""original_name"": """", ""reread_used"": false, ""dimensions"": {""gender"": null, ""age_group"": null, ""squad_tier"": null, ""reserve"": null, ""academy"": null}}, ""page"": {""name"": null, ""source"": ""ocr"", ""confidence"": null, ""original_name"": null, ""reread_used"": false, ""dimensions"": {""gender"": null, ""age_group"": null, ""squad_tier"": null, ""reserve"": null, ""academy"": null}}, ""kind"": ""MISSING"", ""compatible"": false, ""strong"": false, ""shared_distinctive_tokens"": [], ""similarity"": 0.0}","{""feed"": {""name"": """", ""source"": ""unknown"", ""confidence"": null, ""original_name"": """", ""reread_used"": false, ""dimensions"": {""gender"": null, ""age_group"": null, ""squad_tier"": null, ""reserve"": null, ""academy"": null}}, ""page"": {""name"": null, ""source"": ""ocr"", ""confidence"": null, ""original_name"": null, ""reread_used"": false, ""dimensions"": {""gender"": null, ""age_group"": null, ""squad_tier"": null, ""reserve"": null, ""academy"": null}}, ""kind"": ""MISSING"", ""compatible"": false, ""strong"": false, ""shared_distinctive_tokens"": [], ""similarity"": 0.0}","{""home"": {""original"": {""name"": null, ""source"": ""ocr""}, ""used"": false}, ""away"": {""original"": {""name"": null, ""source"": ""ocr""}, ""used"": false}}",TARGET_NOT_FOUND,,AMBIGUOUS,"{""conflicts"": [], ""needs_recheck"": [], ""missing"": [""event_id"", ""event_page"", ""competing_event"", ""sport"", ""kickoff"", ""competition"", ""market_fingerprint"", ""orientation"", ""names_incomplete_or_unrelated""]}"
forensic-reboot-session-1790441665,evidence/strategy-audit/reboot/run-1790441607/result.json,archive,"[null, null]","[null, null]","{""status"": ""UNKNOWN"", ""requested"": null, ""observed"": null, ""independently_observed"": false, ""direct_link_capture"": false, ""basis"": ""unverified""}","{""status"": ""UNKNOWN"", ""feed"": null, ""page"": null, ""difference_seconds"": null, ""tolerance_seconds"": 120}","{""status"": ""UNKNOWN"", ""feed"": """", ""page"": """"}","{""status"": ""UNKNOWN"", ""feed"": """", ""page"": """", ""approved_mapping"": false, ""reason"": ""unmapped label or conflicting independent evidence""}","{""status"": ""UNKNOWN"", ""alert_market_fingerprint"": null, ""page_market_fingerprint"": null, ""fingerprint_match"": ""UNAVAILABLE""}","{""home"": {""status"": ""UNKNOWN"", ""feed"": null, ""page"": null, ""supplied_by_competition"": false}, ""away"": {""status"": ""UNKNOWN"", ""feed"": null, ""page"": null, ""supplied_by_competition"": false}}","{""home"": {""status"": ""UNKNOWN"", ""feed"": null, ""page"": null, ""supplied_by_competition"": false}, ""away"": {""status"": ""UNKNOWN"", ""feed"": null, ""page"": null, ""supplied_by_competition"": false}}","{""home"": {""status"": ""UNKNOWN"", ""feed"": null, ""page"": null, ""supplied_by_competition"": false}, ""away"": {""status"": ""UNKNOWN"", ""feed"": null, ""page"": null, ""supplied_by_competition"": false}}","{""home"": {""status"": ""UNKNOWN"", ""feed"": null, ""page"": null, ""supplied_by_competition"": false}, ""away"": {""status"": ""UNKNOWN"", ""feed"": null, ""page"": null, ""supplied_by_competition"": false}}","{""home"": {""status"": ""UNKNOWN"", ""feed"": null, ""page"": null, ""supplied_by_competition"": false}, ""away"": {""status"": ""UNKNOWN"", ""feed"": null, ""page"": null, ""supplied_by_competition"": false}}","{""feed"": {""name"": """", ""source"": ""unknown"", ""confidence"": null, ""original_name"": """", ""reread_used"": false, ""dimensions"": {""gender"": null, ""age_group"": null, ""squad_tier"": null, ""reserve"": null, ""academy"": null}}, ""page"": {""name"": null, ""source"": ""ocr"", ""confidence"": null, ""original_name"": null, ""reread_used"": false, ""dimensions"": {""gender"": null, ""age_group"": null, ""squad_tier"": null, ""reserve"": null, ""academy"": null}}, ""kind"": ""MISSING"", ""compatible"": false, ""strong"": false, ""shared_distinctive_tokens"": [], ""similarity"": 0.0}","{""feed"": {""name"": """", ""source"": ""unknown"", ""confidence"": null, ""original_name"": """", ""reread_used"": false, ""dimensions"": {""gender"": null, ""age_group"": null, ""squad_tier"": null, ""reserve"": null, ""academy"": null}}, ""page"": {""name"": null, ""source"": ""ocr"", ""confidence"": null, ""original_name"": null, ""reread_used"": false, ""dimensions"": {""gender"": null, ""age_group"": null, ""squad_tier"": null, ""reserve"": null, ""academy"": null}}, ""kind"": ""MISSING"", ""compatible"": false, ""strong"": false, ""shared_distinctive_tokens"": [], ""similarity"": 0.0}","{""home"": {""original"": {""name"": null, ""source"": ""ocr""}, ""used"": false}, ""away"": {""original"": {""name"": null, ""source"": ""ocr""}, ""used"": false}}",TARGET_NOT_FOUND,,AMBIGUOUS,"{""conflicts"": [], ""needs_recheck"": [], ""missing"": [""event_id"", ""event_page"", ""competing_event"", ""sport"", ""kickoff"", ""competition"", ""market_fingerprint"", ""orientation"", ""names_incomplete_or_unrelated""]}"
tzprobe-1790441219-4,evidence/timezone-probe/run-1790441189/4.json;evidence/timezone-probe/run-1790441189/summary.json,archive,"[""Kotwica Kolobrzeg"", ""Polonia Warszawa""]","[""Kotwica Kolobrzeg"", ""Polonia Warszawa""]","{""status"": ""UNKNOWN"", ""requested"": ""26747589"", ""observed"": null, ""independently_observed"": false, ""direct_link_capture"": false, ""basis"": ""unverified""}","{""status"": ""UNKNOWN"", ""feed"": ""2026-09-26T18:00:00+00:00"", ""page"": null, ""difference_seconds"": null, ""tolerance_seconds"": 120}","{""status"": ""UNKNOWN"", ""feed"": ""basketball"", ""page"": """"}","{""status"": ""UNKNOWN"", ""feed"": ""1 liga"", ""page"": """", ""approved_mapping"": false, ""reason"": ""unmapped label or conflicting independent evidence""}","{""status"": ""UNKNOWN"", ""alert_market_fingerprint"": null, ""page_market_fingerprint"": null, ""fingerprint_match"": ""UNAVAILABLE""}","{""home"": {""status"": ""UNKNOWN"", ""feed"": null, ""page"": null, ""supplied_by_competition"": false}, ""away"": {""status"": ""UNKNOWN"", ""feed"": null, ""page"": null, ""supplied_by_competition"": false}}","{""home"": {""status"": ""UNKNOWN"", ""feed"": null, ""page"": null, ""supplied_by_competition"": false}, ""away"": {""status"": ""UNKNOWN"", ""feed"": null, ""page"": null, ""supplied_by_competition"": false}}","{""home"": {""status"": ""UNKNOWN"", ""feed"": null, ""page"": null, ""supplied_by_competition"": false}, ""away"": {""status"": ""UNKNOWN"", ""feed"": null, ""page"": null, ""supplied_by_competition"": false}}","{""home"": {""status"": ""UNKNOWN"", ""feed"": null, ""page"": null, ""supplied_by_competition"": false}, ""away"": {""status"": ""UNKNOWN"", ""feed"": null, ""page"": null, ""supplied_by_competition"": false}}","{""home"": {""status"": ""UNKNOWN"", ""feed"": null, ""page"": null, ""supplied_by_competition"": false}, ""away"": {""status"": ""UNKNOWN"", ""feed"": null, ""page"": null, ""supplied_by_competition"": false}}","{""feed"": {""name"": ""Kotwica Kolobrzeg"", ""source"": ""structured"", ""confidence"": null, ""original_name"": ""Kotwica Kolobrzeg"", ""reread_used"": false, ""dimensions"": {""gender"": null, ""age_group"": null, ""squad_tier"": null, ""reserve"": null, ""academy"": null}}, ""page"": {""name"": ""Kotwica Kolobrzeg"", ""source"": ""ocr"", ""confidence"": null, ""original_name"": ""Kotwica Kolobrzeg"", ""reread_used"": false, ""dimensions"": {""gender"": null, ""age_group"": null, ""squad_tier"": null, ""reserve"": null, ""academy"": null}}, ""kind"": ""EXACT"", ""compatible"": true, ""strong"": true, ""shared_distinctive_tokens"": [""kolobrzeg"", ""kotwica""], ""similarity"": 1.0}","{""feed"": {""name"": ""Polonia Warszawa"", ""source"": ""structured"", ""confidence"": null, ""original_name"": ""Polonia Warszawa"", ""reread_used"": false, ""dimensions"": {""gender"": null, ""age_group"": null, ""squad_tier"": null, ""reserve"": null, ""academy"": null}}, ""page"": {""name"": ""Polonia Warszawa"", ""source"": ""ocr"", ""confidence"": null, ""original_name"": ""Polonia Warszawa"", ""reread_used"": false, ""dimensions"": {""gender"": null, ""age_group"": null, ""squad_tier"": null, ""reserve"": null, ""academy"": null}}, ""kind"": ""EXACT"", ""compatible"": true, ""strong"": true, ""shared_distinctive_tokens"": [""polonia"", ""warszawa""], ""similarity"": 1.0}","{""home"": {""original"": {""name"": ""Kotwica Kolobrzeg"", ""source"": ""ocr""}, ""used"": false}, ""away"": {""original"": {""name"": ""Polonia Warszawa"", ""source"": ""ocr""}, ""used"": false}}",ALIAS_REQUIRED,AMBIGUOUS,AMBIGUOUS,"{""conflicts"": [], ""needs_recheck"": [], ""missing"": [""event_id"", ""event_page"", ""competing_event"", ""sport"", ""kickoff"", ""competition"", ""market_fingerprint"", ""orientation""]}"
on-03419b83bafdc2db695f4b59,evidence/search-kyoto/instruction.json,archive,"[null, null]","[null, null]","{""status"": ""UNKNOWN"", ""requested"": null, ""observed"": null, ""independently_observed"": false, ""direct_link_capture"": false, ""basis"": ""unverified""}","{""status"": ""UNKNOWN"", ""feed"": null, ""page"": null, ""difference_seconds"": null, ""tolerance_seconds"": 120}","{""status"": ""UNKNOWN"", ""feed"": ""basketball"", ""page"": """"}","{""status"": ""UNKNOWN"", ""feed"": ""b league"", ""page"": """", ""approved_mapping"": false, ""reason"": ""unmapped label or conflicting independent evidence""}","{""status"": ""UNKNOWN"", ""alert_market_fingerprint"": null, ""page_market_fingerprint"": null, ""fingerprint_match"": ""UNAVAILABLE""}","{""home"": {""status"": ""UNKNOWN"", ""feed"": null, ""page"": null, ""supplied_by_competition"": false}, ""away"": {""status"": ""UNKNOWN"", ""feed"": null, ""page"": null, ""supplied_by_competition"": false}}","{""home"": {""status"": ""UNKNOWN"", ""feed"": null, ""page"": null, ""supplied_by_competition"": false}, ""away"": {""status"": ""UNKNOWN"", ""feed"": null, ""page"": null, ""supplied_by_competition"": false}}","{""home"": {""status"": ""UNKNOWN"", ""feed"": null, ""page"": null, ""supplied_by_competition"": false}, ""away"": {""status"": ""UNKNOWN"", ""feed"": null, ""page"": null, ""supplied_by_competition"": false}}","{""home"": {""status"": ""UNKNOWN"", ""feed"": null, ""page"": null, ""supplied_by_competition"": false}, ""away"": {""status"": ""UNKNOWN"", ""feed"": null, ""page"": null, ""supplied_by_competition"": false}}","{""home"": {""status"": ""UNKNOWN"", ""feed"": null, ""page"": null, ""supplied_by_competition"": false}, ""away"": {""status"": ""UNKNOWN"", ""feed"": null, ""page"": null, ""supplied_by_competition"": false}}","{""feed"": {""name"": """", ""source"": ""unknown"", ""confidence"": null, ""original_name"": """", ""reread_used"": false, ""dimensions"": {""gender"": null, ""age_group"": null, ""squad_tier"": null, ""reserve"": null, ""academy"": null}}, ""page"": {""name"": null, ""source"": ""ocr"", ""confidence"": null, ""original_name"": null, ""reread_used"": false, ""dimensions"": {""gender"": null, ""age_group"": null, ""squad_tier"": null, ""reserve"": null, ""academy"": null}}, ""kind"": ""MISSING"", ""compatible"": false, ""strong"": false, ""shared_distinctive_tokens"": [], ""similarity"": 0.0}","{""feed"": {""name"": """", ""source"": ""unknown"", ""confidence"": null, ""original_name"": """", ""reread_used"": false, ""dimensions"": {""gender"": null, ""age_group"": null, ""squad_tier"": null, ""reserve"": null, ""academy"": null}}, ""page"": {""name"": null, ""source"": ""ocr"", ""confidence"": null, ""original_name"": null, ""reread_used"": false, ""dimensions"": {""gender"": null, ""age_group"": null, ""squad_tier"": null, ""reserve"": null, ""academy"": null}}, ""kind"": ""MISSING"", ""compatible"": false, ""strong"": false, ""shared_distinctive_tokens"": [], ""similarity"": 0.0}","{""home"": {""original"": {""name"": null, ""source"": ""ocr""}, ""used"": false}, ""away"": {""original"": {""name"": null, ""source"": ""ocr""}, ""used"": false}}",TARGET_NOT_FOUND,,AMBIGUOUS,"{""conflicts"": [], ""needs_recheck"": [], ""missing"": [""event_id"", ""event_page"", ""competing_event"", ""sport"", ""kickoff"", ""competition"", ""market_fingerprint"", ""orientation"", ""names_incomplete_or_unrelated""]}"
on-9c1f869413a122505ff3ba63,evidence/identity-corpus-raw.json,archive,"[""Araraquara"", ""Mogi Das Cruzes""]","[null, null]","{""status"": ""UNKNOWN"", ""requested"": null, ""observed"": null, ""independently_observed"": false, ""direct_link_capture"": false, ""basis"": ""unverified""}","{""status"": ""UNKNOWN"", ""feed"": null, ""page"": null, ""difference_seconds"": null, ""tolerance_seconds"": 120}","{""status"": ""UNKNOWN"", ""feed"": ""basketball"", ""page"": """"}","{""status"": ""UNKNOWN"", ""feed"": ""paulista fpb u20"", ""page"": """", ""approved_mapping"": false, ""reason"": ""unmapped label or conflicting independent evidence""}","{""status"": ""UNKNOWN"", ""alert_market_fingerprint"": null, ""page_market_fingerprint"": null, ""fingerprint_match"": ""UNAVAILABLE""}","{""home"": {""status"": ""UNKNOWN"", ""feed"": null, ""page"": null, ""supplied_by_competition"": false}, ""away"": {""status"": ""UNKNOWN"", ""feed"": null, ""page"": null, ""supplied_by_competition"": false}}","{""home"": {""status"": ""UNKNOWN"", ""feed"": null, ""page"": null, ""supplied_by_competition"": false}, ""away"": {""status"": ""UNKNOWN"", ""feed"": null, ""page"": null, ""supplied_by_competition"": false}}","{""home"": {""status"": ""UNKNOWN"", ""feed"": null, ""page"": null, ""supplied_by_competition"": false}, ""away"": {""status"": ""UNKNOWN"", ""feed"": null, ""page"": null, ""supplied_by_competition"": false}}","{""home"": {""status"": ""UNKNOWN"", ""feed"": null, ""page"": null, ""supplied_by_competition"": false}, ""away"": {""status"": ""UNKNOWN"", ""feed"": null, ""page"": null, ""supplied_by_competition"": false}}","{""home"": {""status"": ""UNKNOWN"", ""feed"": null, ""page"": null, ""supplied_by_competition"": false}, ""away"": {""status"": ""UNKNOWN"", ""feed"": null, ""page"": null, ""supplied_by_competition"": false}}","{""feed"": {""name"": ""Araraquara"", ""source"": ""structured"", ""confidence"": null, ""original_name"": ""Araraquara"", ""reread_used"": false, ""dimensions"": {""gender"": null, ""age_group"": null, ""squad_tier"": null, ""reserve"": null, ""academy"": null}}, ""page"": {""name"": null, ""source"": ""ocr"", ""confidence"": null, ""original_name"": null, ""reread_used"": false, ""dimensions"": {""gender"": null, ""age_group"": null, ""squad_tier"": null, ""reserve"": null, ""academy"": null}}, ""kind"": ""MISSING"", ""compatible"": false, ""strong"": false, ""shared_distinctive_tokens"": [], ""similarity"": 0.0}","{""feed"": {""name"": ""Mogi Das Cruzes"", ""source"": ""structured"", ""confidence"": null, ""original_name"": ""Mogi Das Cruzes"", ""reread_used"": false, ""dimensions"": {""gender"": null, ""age_group"": null, ""squad_tier"": null, ""reserve"": null, ""academy"": null}}, ""page"": {""name"": null, ""source"": ""ocr"", ""confidence"": null, ""original_name"": null, ""reread_used"": false, ""dimensions"": {""gender"": null, ""age_group"": null, ""squad_tier"": null, ""reserve"": null, ""academy"": null}}, ""kind"": ""MISSING"", ""compatible"": false, ""strong"": false, ""shared_distinctive_tokens"": [], ""similarity"": 0.0}","{""home"": {""original"": {""name"": null, ""source"": ""ocr""}, ""used"": false}, ""away"": {""original"": {""name"": null, ""source"": ""ocr""}, ""used"": false}}",WRONG_EVENT,,AMBIGUOUS,"{""conflicts"": [], ""needs_recheck"": [], ""missing"": [""event_id"", ""event_page"", ""competing_event"", ""sport"", ""kickoff"", ""competition"", ""market_fingerprint"", ""orientation"", ""names_incomplete_or_unrelated""]}"
on-a9f4768dfff8689b3ef53b1b,evidence/identity-corpus-raw.json,archive,"[""Berck Fliers Range"", ""Pays Salonais Basket 13""]","[null, null]","{""status"": ""UNKNOWN"", ""requested"": null, ""observed"": null, ""independently_observed"": false, ""direct_link_capture"": false, ""basis"": ""unverified""}","{""status"": ""UNKNOWN"", ""feed"": null, ""page"": null, ""difference_seconds"": null, ""tolerance_seconds"": 120}","{""status"": ""UNKNOWN"", ""feed"": ""basketball"", ""page"": """"}","{""status"": ""UNKNOWN"", ""feed"": ""nationale 1"", ""page"": """", ""approved_mapping"": false, ""reason"": ""unmapped label or conflicting independent evidence""}","{""status"": ""UNKNOWN"", ""alert_market_fingerprint"": null, ""page_market_fingerprint"": null, ""fingerprint_match"": ""UNAVAILABLE""}","{""home"": {""status"": ""UNKNOWN"", ""feed"": null, ""page"": null, ""supplied_by_competition"": false}, ""away"": {""status"": ""UNKNOWN"", ""feed"": null, ""page"": null, ""supplied_by_competition"": false}}","{""home"": {""status"": ""UNKNOWN"", ""feed"": null, ""page"": null, ""supplied_by_competition"": false}, ""away"": {""status"": ""UNKNOWN"", ""feed"": null, ""page"": null, ""supplied_by_competition"": false}}","{""home"": {""status"": ""UNKNOWN"", ""feed"": null, ""page"": null, ""supplied_by_competition"": false}, ""away"": {""status"": ""UNKNOWN"", ""feed"": null, ""page"": null, ""supplied_by_competition"": false}}","{""home"": {""status"": ""UNKNOWN"", ""feed"": null, ""page"": null, ""supplied_by_competition"": false}, ""away"": {""status"": ""UNKNOWN"", ""feed"": null, ""page"": null, ""supplied_by_competition"": false}}","{""home"": {""status"": ""UNKNOWN"", ""feed"": null, ""page"": null, ""supplied_by_competition"": false}, ""away"": {""status"": ""UNKNOWN"", ""feed"": null, ""page"": null, ""supplied_by_competition"": false}}","{""feed"": {""name"": ""Berck Fliers Range"", ""source"": ""structured"", ""confidence"": null, ""original_name"": ""Berck Fliers Range"", ""reread_used"": false, ""dimensions"": {""gender"": null, ""age_group"": null, ""squad_tier"": null, ""reserve"": null, ""academy"": null}}, ""page"": {""name"": null, ""source"": ""ocr"", ""confidence"": null, ""original_name"": null, ""reread_used"": false, ""dimensions"": {""gender"": null, ""age_group"": null, ""squad_tier"": null, ""reserve"": null, ""academy"": null}}, ""kind"": ""MISSING"", ""compatible"": false, ""strong"": false, ""shared_distinctive_tokens"": [], ""similarity"": 0.0}","{""feed"": {""name"": ""Pays Salonais Basket 13"", ""source"": ""structured"", ""confidence"": null, ""original_name"": ""Pays Salonais Basket 13"", ""reread_used"": false, ""dimensions"": {""gender"": null, ""age_group"": null, ""squad_tier"": null, ""reserve"": null, ""academy"": null}}, ""page"": {""name"": null, ""source"": ""ocr"", ""confidence"": null, ""original_name"": null, ""reread_used"": false, ""dimensions"": {""gender"": null, ""age_group"": null, ""squad_tier"": null, ""reserve"": null, ""academy"": null}}, ""kind"": ""MISSING"", ""compatible"": false, ""strong"": false, ""shared_distinctive_tokens"": [], ""similarity"": 0.0}","{""home"": {""original"": {""name"": null, ""source"": ""ocr""}, ""used"": false}, ""away"": {""original"": {""name"": null, ""source"": ""ocr""}, ""used"": false}}",WRONG_EVENT,,AMBIGUOUS,"{""conflicts"": [], ""needs_recheck"": [], ""missing"": [""event_id"", ""event_page"", ""competing_event"", ""sport"", ""kickoff"", ""competition"", ""market_fingerprint"", ""orientation"", ""names_incomplete_or_unrelated""]}"
on-baaa1c7fe15d239c2cd5593c,evidence/identity-corpus-raw.json,archive,"[""Soproni KC"", ""Debreceni EAC""]","[null, null]","{""status"": ""UNKNOWN"", ""requested"": null, ""observed"": null, ""independently_observed"": false, ""direct_link_capture"": false, ""basis"": ""unverified""}","{""status"": ""UNKNOWN"", ""feed"": null, ""page"": null, ""difference_seconds"": null, ""tolerance_seconds"": 120}","{""status"": ""UNKNOWN"", ""feed"": ""basketball"", ""page"": """"}","{""status"": ""UNKNOWN"", ""feed"": ""nemzeti bajnoksag i a"", ""page"": """", ""approved_mapping"": false, ""reason"": ""unmapped label or conflicting independent evidence""}","{""status"": ""UNKNOWN"", ""alert_market_fingerprint"": null, ""page_market_fingerprint"": null, ""fingerprint_match"": ""UNAVAILABLE""}","{""home"": {""status"": ""UNKNOWN"", ""feed"": null, ""page"": null, ""supplied_by_competition"": false}, ""away"": {""status"": ""UNKNOWN"", ""feed"": null, ""page"": null, ""supplied_by_competition"": false}}","{""home"": {""status"": ""UNKNOWN"", ""feed"": null, ""page"": null, ""supplied_by_competition"": false}, ""away"": {""status"": ""UNKNOWN"", ""feed"": null, ""page"": null, ""supplied_by_competition"": false}}","{""home"": {""status"": ""UNKNOWN"", ""feed"": null, ""page"": null, ""supplied_by_competition"": false}, ""away"": {""status"": ""UNKNOWN"", ""feed"": null, ""page"": null, ""supplied_by_competition"": false}}","{""home"": {""status"": ""UNKNOWN"", ""feed"": null, ""page"": null, ""supplied_by_competition"": false}, ""away"": {""status"": ""UNKNOWN"", ""feed"": null, ""page"": null, ""supplied_by_competition"": false}}","{""home"": {""status"": ""UNKNOWN"", ""feed"": null, ""page"": null, ""supplied_by_competition"": false}, ""away"": {""status"": ""UNKNOWN"", ""feed"": null, ""page"": null, ""supplied_by_competition"": false}}","{""feed"": {""name"": ""Soproni KC"", ""source"": ""structured"", ""confidence"": null, ""original_name"": ""Soproni KC"", ""reread_used"": false, ""dimensions"": {""gender"": null, ""age_group"": null, ""squad_tier"": null, ""reserve"": null, ""academy"": null}}, ""page"": {""name"": null, ""source"": ""ocr"", ""confidence"": null, ""original_name"": null, ""reread_used"": false, ""dimensions"": {""gender"": null, ""age_group"": null, ""squad_tier"": null, ""reserve"": null, ""academy"": null}}, ""kind"": ""MISSING"", ""compatible"": false, ""strong"": false, ""shared_distinctive_tokens"": [], ""similarity"": 0.0}","{""feed"": {""name"": ""Debreceni EAC"", ""source"": ""structured"", ""confidence"": null, ""original_name"": ""Debreceni EAC"", ""reread_used"": false, ""dimensions"": {""gender"": null, ""age_group"": null, ""squad_tier"": null, ""reserve"": null, ""academy"": null}}, ""page"": {""name"": null, ""source"": ""ocr"", ""confidence"": null, ""original_name"": null, ""reread_used"": false, ""dimensions"": {""gender"": null, ""age_group"": null, ""squad_tier"": null, ""reserve"": null, ""academy"": null}}, ""kind"": ""MISSING"", ""compatible"": false, ""strong"": false, ""shared_distinctive_tokens"": [], ""similarity"": 0.0}","{""home"": {""original"": {""name"": null, ""source"": ""ocr""}, ""used"": false}, ""away"": {""original"": {""name"": null, ""source"": ""ocr""}, ""used"": false}}",WRONG_EVENT,,AMBIGUOUS,"{""conflicts"": [], ""needs_recheck"": [], ""missing"": [""event_id"", ""event_page"", ""competing_event"", ""sport"", ""kickoff"", ""competition"", ""market_fingerprint"", ""orientation"", ""names_incomplete_or_unrelated""]}"
on-c0cd66b641a41e1026e4eb80,evidence/identity-corpus-raw.json,archive,"[""Cojute"", ""Aguila San Miguel""]","[null, null]","{""status"": ""UNKNOWN"", ""requested"": null, ""observed"": null, ""independently_observed"": false, ""direct_link_capture"": false, ""basis"": ""unverified""}","{""status"": ""UNKNOWN"", ""feed"": null, ""page"": null, ""difference_seconds"": null, ""tolerance_seconds"": 120}","{""status"": ""UNKNOWN"", ""feed"": ""basketball"", ""page"": """"}","{""status"": ""UNKNOWN"", ""feed"": ""liga mayor de baloncesto"", ""page"": """", ""approved_mapping"": false, ""reason"": ""unmapped label or conflicting independent evidence""}","{""status"": ""UNKNOWN"", ""alert_market_fingerprint"": null, ""page_market_fingerprint"": null, ""fingerprint_match"": ""UNAVAILABLE""}","{""home"": {""status"": ""UNKNOWN"", ""feed"": null, ""page"": null, ""supplied_by_competition"": false}, ""away"": {""status"": ""UNKNOWN"", ""feed"": null, ""page"": null, ""supplied_by_competition"": false}}","{""home"": {""status"": ""UNKNOWN"", ""feed"": null, ""page"": null, ""supplied_by_competition"": false}, ""away"": {""status"": ""UNKNOWN"", ""feed"": null, ""page"": null, ""supplied_by_competition"": false}}","{""home"": {""status"": ""UNKNOWN"", ""feed"": null, ""page"": null, ""supplied_by_competition"": false}, ""away"": {""status"": ""UNKNOWN"", ""feed"": null, ""page"": null, ""supplied_by_competition"": false}}","{""home"": {""status"": ""UNKNOWN"", ""feed"": null, ""page"": null, ""supplied_by_competition"": false}, ""away"": {""status"": ""UNKNOWN"", ""feed"": null, ""page"": null, ""supplied_by_competition"": false}}","{""home"": {""status"": ""UNKNOWN"", ""feed"": null, ""page"": null, ""supplied_by_competition"": false}, ""away"": {""status"": ""UNKNOWN"", ""feed"": null, ""page"": null, ""supplied_by_competition"": false}}","{""feed"": {""name"": ""Cojute"", ""source"": ""structured"", ""confidence"": null, ""original_name"": ""Cojute"", ""reread_used"": false, ""dimensions"": {""gender"": null, ""age_group"": null, ""squad_tier"": null, ""reserve"": null, ""academy"": null}}, ""page"": {""name"": null, ""source"": ""ocr"", ""confidence"": null, ""original_name"": null, ""reread_used"": false, ""dimensions"": {""gender"": null, ""age_group"": null, ""squad_tier"": null, ""reserve"": null, ""academy"": null}}, ""kind"": ""MISSING"", ""compatible"": false, ""strong"": false, ""shared_distinctive_tokens"": [], ""similarity"": 0.0}","{""feed"": {""name"": ""Aguila San Miguel"", ""source"": ""structured"", ""confidence"": null, ""original_name"": ""Aguila San Miguel"", ""reread_used"": false, ""dimensions"": {""gender"": null, ""age_group"": null, ""squad_tier"": null, ""reserve"": null, ""academy"": null}}, ""page"": {""name"": null, ""source"": ""ocr"", ""confidence"": null, ""original_name"": null, ""reread_used"": false, ""dimensions"": {""gender"": null, ""age_group"": null, ""squad_tier"": null, ""reserve"": null, ""academy"": null}}, ""kind"": ""MISSING"", ""compatible"": false, ""strong"": false, ""shared_distinctive_tokens"": [], ""similarity"": 0.0}","{""home"": {""original"": {""name"": null, ""source"": ""ocr""}, ""used"": false}, ""away"": {""original"": {""name"": null, ""source"": ""ocr""}, ""used"": false}}",WRONG_EVENT,,AMBIGUOUS,"{""conflicts"": [], ""needs_recheck"": [], ""missing"": [""event_id"", ""event_page"", ""competing_event"", ""sport"", ""kickoff"", ""competition"", ""market_fingerprint"", ""orientation"", ""names_incomplete_or_unrelated""]}"
on-e5072bbf31e3639d80a35f79,evidence/identity-corpus-raw.json,archive,"[""Saga Ballooners"", ""Hiroshima Dragonflies""]","[null, null]","{""status"": ""UNKNOWN"", ""requested"": null, ""observed"": null, ""independently_observed"": false, ""direct_link_capture"": false, ""basis"": ""unverified""}","{""status"": ""UNKNOWN"", ""feed"": null, ""page"": null, ""difference_seconds"": null, ""tolerance_seconds"": 120}","{""status"": ""UNKNOWN"", ""feed"": ""basketball"", ""page"": """"}","{""status"": ""UNKNOWN"", ""feed"": ""b league"", ""page"": """", ""approved_mapping"": false, ""reason"": ""unmapped label or conflicting independent evidence""}","{""status"": ""UNKNOWN"", ""alert_market_fingerprint"": null, ""page_market_fingerprint"": null, ""fingerprint_match"": ""UNAVAILABLE""}","{""home"": {""status"": ""UNKNOWN"", ""feed"": null, ""page"": null, ""supplied_by_competition"": false}, ""away"": {""status"": ""UNKNOWN"", ""feed"": null, ""page"": null, ""supplied_by_competition"": false}}","{""home"": {""status"": ""UNKNOWN"", ""feed"": null, ""page"": null, ""supplied_by_competition"": false}, ""away"": {""status"": ""UNKNOWN"", ""feed"": null, ""page"": null, ""supplied_by_competition"": false}}","{""home"": {""status"": ""UNKNOWN"", ""feed"": null, ""page"": null, ""supplied_by_competition"": false}, ""away"": {""status"": ""UNKNOWN"", ""feed"": null, ""page"": null, ""supplied_by_competition"": false}}","{""home"": {""status"": ""UNKNOWN"", ""feed"": null, ""page"": null, ""supplied_by_competition"": false}, ""away"": {""status"": ""UNKNOWN"", ""feed"": null, ""page"": null, ""supplied_by_competition"": false}}","{""home"": {""status"": ""UNKNOWN"", ""feed"": null, ""page"": null, ""supplied_by_competition"": false}, ""away"": {""status"": ""UNKNOWN"", ""feed"": null, ""page"": null, ""supplied_by_competition"": false}}","{""feed"": {""name"": ""Saga Ballooners"", ""source"": ""structured"", ""confidence"": null, ""original_name"": ""Saga Ballooners"", ""reread_used"": false, ""dimensions"": {""gender"": null, ""age_group"": null, ""squad_tier"": null, ""reserve"": null, ""academy"": null}}, ""page"": {""name"": null, ""source"": ""ocr"", ""confidence"": null, ""original_name"": null, ""reread_used"": false, ""dimensions"": {""gender"": null, ""age_group"": null, ""squad_tier"": null, ""reserve"": null, ""academy"": null}}, ""kind"": ""MISSING"", ""compatible"": false, ""strong"": false, ""shared_distinctive_tokens"": [], ""similarity"": 0.0}","{""feed"": {""name"": ""Hiroshima Dragonflies"", ""source"": ""structured"", ""confidence"": null, ""original_name"": ""Hiroshima Dragonflies"", ""reread_used"": false, ""dimensions"": {""gender"": null, ""age_group"": null, ""squad_tier"": null, ""reserve"": null, ""academy"": null}}, ""page"": {""name"": null, ""source"": ""ocr"", ""confidence"": null, ""original_name"": null, ""reread_used"": false, ""dimensions"": {""gender"": null, ""age_group"": null, ""squad_tier"": null, ""reserve"": null, ""academy"": null}}, ""kind"": ""MISSING"", ""compatible"": false, ""strong"": false, ""shared_distinctive_tokens"": [], ""similarity"": 0.0}","{""home"": {""original"": {""name"": null, ""source"": ""ocr""}, ""used"": false}, ""away"": {""original"": {""name"": null, ""source"": ""ocr""}, ""used"": false}}",WRONG_EVENT,,AMBIGUOUS,"{""conflicts"": [], ""needs_recheck"": [], ""missing"": [""event_id"", ""event_page"", ""competing_event"", ""sport"", ""kickoff"", ""competition"", ""market_fingerprint"", ""orientation"", ""names_incomplete_or_unrelated""]}"
on-f24902a9a6dc166b07e79880,evidence/live-ready-dispatch/on-f24902a9a6dc166b07e79880-instructions.json,archive,"[null, null]","[null, null]","{""status"": ""UNKNOWN"", ""requested"": null, ""observed"": null, ""independently_observed"": false, ""direct_link_capture"": false, ""basis"": ""unverified""}","{""status"": ""UNKNOWN"", ""feed"": null, ""page"": null, ""difference_seconds"": null, ""tolerance_seconds"": 120}","{""status"": ""UNKNOWN"", ""feed"": ""basketball"", ""page"": """"}","{""status"": ""UNKNOWN"", ""feed"": ""women"", ""page"": """", ""approved_mapping"": false, ""reason"": ""unmapped label or conflicting independent evidence""}","{""status"": ""UNKNOWN"", ""alert_market_fingerprint"": null, ""page_market_fingerprint"": null, ""fingerprint_match"": ""UNAVAILABLE""}","{""home"": {""status"": ""UNKNOWN"", ""feed"": null, ""page"": null, ""supplied_by_competition"": false}, ""away"": {""status"": ""UNKNOWN"", ""feed"": null, ""page"": null, ""supplied_by_competition"": false}}","{""home"": {""status"": ""UNKNOWN"", ""feed"": null, ""page"": null, ""supplied_by_competition"": false}, ""away"": {""status"": ""UNKNOWN"", ""feed"": null, ""page"": null, ""supplied_by_competition"": false}}","{""home"": {""status"": ""UNKNOWN"", ""feed"": null, ""page"": null, ""supplied_by_competition"": false}, ""away"": {""status"": ""UNKNOWN"", ""feed"": null, ""page"": null, ""supplied_by_competition"": false}}","{""home"": {""status"": ""UNKNOWN"", ""feed"": null, ""page"": null, ""supplied_by_competition"": false}, ""away"": {""status"": ""UNKNOWN"", ""feed"": null, ""page"": null, ""supplied_by_competition"": false}}","{""home"": {""status"": ""UNKNOWN"", ""feed"": null, ""page"": null, ""supplied_by_competition"": false}, ""away"": {""status"": ""UNKNOWN"", ""feed"": null, ""page"": null, ""supplied_by_competition"": false}}","{""feed"": {""name"": """", ""source"": ""unknown"", ""confidence"": null, ""original_name"": """", ""reread_used"": false, ""dimensions"": {""gender"": null, ""age_group"": null, ""squad_tier"": null, ""reserve"": null, ""academy"": null}}, ""page"": {""name"": null, ""source"": ""ocr"", ""confidence"": null, ""original_name"": null, ""reread_used"": false, ""dimensions"": {""gender"": null, ""age_group"": null, ""squad_tier"": null, ""reserve"": null, ""academy"": null}}, ""kind"": ""MISSING"", ""compatible"": false, ""strong"": false, ""shared_distinctive_tokens"": [], ""similarity"": 0.0}","{""feed"": {""name"": """", ""source"": ""unknown"", ""confidence"": null, ""original_name"": """", ""reread_used"": false, ""dimensions"": {""gender"": null, ""age_group"": null, ""squad_tier"": null, ""reserve"": null, ""academy"": null}}, ""page"": {""name"": null, ""source"": ""ocr"", ""confidence"": null, ""original_name"": null, ""reread_used"": false, ""dimensions"": {""gender"": null, ""age_group"": null, ""squad_tier"": null, ""reserve"": null, ""academy"": null}}, ""kind"": ""MISSING"", ""compatible"": false, ""strong"": false, ""shared_distinctive_tokens"": [], ""similarity"": 0.0}","{""home"": {""original"": {""name"": null, ""source"": ""ocr""}, ""used"": false}, ""away"": {""original"": {""name"": null, ""source"": ""ocr""}, ""used"": false}}",TARGET_NOT_FOUND,,AMBIGUOUS,"{""conflicts"": [], ""needs_recheck"": [], ""missing"": [""event_id"", ""event_page"", ""competing_event"", ""sport"", ""kickoff"", ""competition"", ""market_fingerprint"", ""orientation"", ""names_incomplete_or_unrelated""]}"
sd-bball-03-1790195899,evidence/sports-discovery-proof/proof-summary.json,archive,"[null, null]","[null, null]","{""status"": ""UNKNOWN"", ""requested"": null, ""observed"": null, ""independently_observed"": false, ""direct_link_capture"": false, ""basis"": ""unverified""}","{""status"": ""UNKNOWN"", ""feed"": null, ""page"": null, ""difference_seconds"": null, ""tolerance_seconds"": 120}","{""status"": ""UNKNOWN"", ""feed"": """", ""page"": """"}","{""status"": ""UNKNOWN"", ""feed"": ""europe cup qualification"", ""page"": """", ""approved_mapping"": false, ""reason"": ""unmapped label or conflicting independent evidence""}","{""status"": ""UNKNOWN"", ""alert_market_fingerprint"": null, ""page_market_fingerprint"": null, ""fingerprint_match"": ""UNAVAILABLE""}","{""home"": {""status"": ""UNKNOWN"", ""feed"": null, ""page"": null, ""supplied_by_competition"": false}, ""away"": {""status"": ""UNKNOWN"", ""feed"": null, ""page"": null, ""supplied_by_competition"": false}}","{""home"": {""status"": ""UNKNOWN"", ""feed"": null, ""page"": null, ""supplied_by_competition"": false}, ""away"": {""status"": ""UNKNOWN"", ""feed"": null, ""page"": null, ""supplied_by_competition"": false}}","{""home"": {""status"": ""UNKNOWN"", ""feed"": null, ""page"": null, ""supplied_by_competition"": false}, ""away"": {""status"": ""UNKNOWN"", ""feed"": null, ""page"": null, ""supplied_by_competition"": false}}","{""home"": {""status"": ""UNKNOWN"", ""feed"": null, ""page"": null, ""supplied_by_competition"": false}, ""away"": {""status"": ""UNKNOWN"", ""feed"": null, ""page"": null, ""supplied_by_competition"": false}}","{""home"": {""status"": ""UNKNOWN"", ""feed"": null, ""page"": null, ""supplied_by_competition"": false}, ""away"": {""status"": ""UNKNOWN"", ""feed"": null, ""page"": null, ""supplied_by_competition"": false}}","{""feed"": {""name"": """", ""source"": ""unknown"", ""confidence"": null, ""original_name"": """", ""reread_used"": false, ""dimensions"": {""gender"": null, ""age_group"": null, ""squad_tier"": null, ""reserve"": null, ""academy"": null}}, ""page"": {""name"": null, ""source"": ""ocr"", ""confidence"": null, ""original_name"": null, ""reread_used"": false, ""dimensions"": {""gender"": null, ""age_group"": null, ""squad_tier"": null, ""reserve"": null, ""academy"": null}}, ""kind"": ""MISSING"", ""compatible"": false, ""strong"": false, ""shared_distinctive_tokens"": [], ""similarity"": 0.0}","{""feed"": {""name"": """", ""source"": ""unknown"", ""confidence"": null, ""original_name"": """", ""reread_used"": false, ""dimensions"": {""gender"": null, ""age_group"": null, ""squad_tier"": null, ""reserve"": null, ""academy"": null}}, ""page"": {""name"": null, ""source"": ""ocr"", ""confidence"": null, ""original_name"": null, ""reread_used"": false, ""dimensions"": {""gender"": null, ""age_group"": null, ""squad_tier"": null, ""reserve"": null, ""academy"": null}}, ""kind"": ""MISSING"", ""compatible"": false, ""strong"": false, ""shared_distinctive_tokens"": [], ""similarity"": 0.0}","{""home"": {""original"": {""name"": null, ""source"": ""ocr""}, ""used"": false}, ""away"": {""original"": {""name"": null, ""source"": ""ocr""}, ""used"": false}}",TARGET_NOT_FOUND,,AMBIGUOUS,"{""conflicts"": [], ""needs_recheck"": [], ""missing"": [""event_id"", ""event_page"", ""competing_event"", ""sport"", ""kickoff"", ""competition"", ""market_fingerprint"", ""orientation"", ""names_incomplete_or_unrelated""]}"
st-bb1-1790202210,evidence/stage-timeout-gunma-proof/bb1-summary.json;evidence/stage-timeout-gunma-proof/proof-summary.json,archive,"[null, null]","[null, null]","{""status"": ""UNKNOWN"", ""requested"": null, ""observed"": null, ""independently_observed"": false, ""direct_link_capture"": false, ""basis"": ""unverified""}","{""status"": ""UNKNOWN"", ""feed"": null, ""page"": null, ""difference_seconds"": null, ""tolerance_seconds"": 120}","{""status"": ""UNKNOWN"", ""feed"": """", ""page"": """"}","{""status"": ""UNKNOWN"", ""feed"": """", ""page"": """", ""approved_mapping"": false, ""reason"": ""unmapped label or conflicting independent evidence""}","{""status"": ""UNKNOWN"", ""alert_market_fingerprint"": null, ""page_market_fingerprint"": null, ""fingerprint_match"": ""UNAVAILABLE""}","{""home"": {""status"": ""UNKNOWN"", ""feed"": null, ""page"": null, ""supplied_by_competition"": false}, ""away"": {""status"": ""UNKNOWN"", ""feed"": null, ""page"": null, ""supplied_by_competition"": false}}","{""home"": {""status"": ""UNKNOWN"", ""feed"": null, ""page"": null, ""supplied_by_competition"": false}, ""away"": {""status"": ""UNKNOWN"", ""feed"": null, ""page"": null, ""supplied_by_competition"": false}}","{""home"": {""status"": ""UNKNOWN"", ""feed"": null, ""page"": null, ""supplied_by_competition"": false}, ""away"": {""status"": ""UNKNOWN"", ""feed"": null, ""page"": null, ""supplied_by_competition"": false}}","{""home"": {""status"": ""UNKNOWN"", ""feed"": null, ""page"": null, ""supplied_by_competition"": false}, ""away"": {""status"": ""UNKNOWN"", ""feed"": null, ""page"": null, ""supplied_by_competition"": false}}","{""home"": {""status"": ""UNKNOWN"", ""feed"": null, ""page"": null, ""supplied_by_competition"": false}, ""away"": {""status"": ""UNKNOWN"", ""feed"": null, ""page"": null, ""supplied_by_competition"": false}}","{""feed"": {""name"": """", ""source"": ""unknown"", ""confidence"": null, ""original_name"": """", ""reread_used"": false, ""dimensions"": {""gender"": null, ""age_group"": null, ""squad_tier"": null, ""reserve"": null, ""academy"": null}}, ""page"": {""name"": null, ""source"": ""ocr"", ""confidence"": null, ""original_name"": null, ""reread_used"": false, ""dimensions"": {""gender"": null, ""age_group"": null, ""squad_tier"": null, ""reserve"": null, ""academy"": null}}, ""kind"": ""MISSING"", ""compatible"": false, ""strong"": false, ""shared_distinctive_tokens"": [], ""similarity"": 0.0}","{""feed"": {""name"": """", ""source"": ""unknown"", ""confidence"": null, ""original_name"": """", ""reread_used"": false, ""dimensions"": {""gender"": null, ""age_group"": null, ""squad_tier"": null, ""reserve"": null, ""academy"": null}}, ""page"": {""name"": null, ""source"": ""ocr"", ""confidence"": null, ""original_name"": null, ""reread_used"": false, ""dimensions"": {""gender"": null, ""age_group"": null, ""squad_tier"": null, ""reserve"": null, ""academy"": null}}, ""kind"": ""MISSING"", ""compatible"": false, ""strong"": false, ""shared_distinctive_tokens"": [], ""similarity"": 0.0}","{""home"": {""original"": {""name"": null, ""source"": ""ocr""}, ""used"": false}, ""away"": {""original"": {""name"": null, ""source"": ""ocr""}, ""used"": false}}",TARGET_NOT_FOUND,,AMBIGUOUS,"{""conflicts"": [], ""needs_recheck"": [], ""missing"": [""event_id"", ""event_page"", ""competing_event"", ""sport"", ""kickoff"", ""competition"", ""market_fingerprint"", ""orientation"", ""names_incomplete_or_unrelated""]}"
st-bb2-1790202451,evidence/stage-timeout-gunma-proof/bb2-summary.json;evidence/stage-timeout-gunma-proof/proof-summary.json,archive,"[null, null]","[null, null]","{""status"": ""UNKNOWN"", ""requested"": null, ""observed"": null, ""independently_observed"": false, ""direct_link_capture"": false, ""basis"": ""unverified""}","{""status"": ""UNKNOWN"", ""feed"": null, ""page"": null, ""difference_seconds"": null, ""tolerance_seconds"": 120}","{""status"": ""UNKNOWN"", ""feed"": """", ""page"": """"}","{""status"": ""UNKNOWN"", ""feed"": """", ""page"": """", ""approved_mapping"": false, ""reason"": ""unmapped label or conflicting independent evidence""}","{""status"": ""UNKNOWN"", ""alert_market_fingerprint"": null, ""page_market_fingerprint"": null, ""fingerprint_match"": ""UNAVAILABLE""}","{""home"": {""status"": ""UNKNOWN"", ""feed"": null, ""page"": null, ""supplied_by_competition"": false}, ""away"": {""status"": ""UNKNOWN"", ""feed"": null, ""page"": null, ""supplied_by_competition"": false}}","{""home"": {""status"": ""UNKNOWN"", ""feed"": null, ""page"": null, ""supplied_by_competition"": false}, ""away"": {""status"": ""UNKNOWN"", ""feed"": null, ""page"": null, ""supplied_by_competition"": false}}","{""home"": {""status"": ""UNKNOWN"", ""feed"": null, ""page"": null, ""supplied_by_competition"": false}, ""away"": {""status"": ""UNKNOWN"", ""feed"": null, ""page"": null, ""supplied_by_competition"": false}}","{""home"": {""status"": ""UNKNOWN"", ""feed"": null, ""page"": null, ""supplied_by_competition"": false}, ""away"": {""status"": ""UNKNOWN"", ""feed"": null, ""page"": null, ""supplied_by_competition"": false}}","{""home"": {""status"": ""UNKNOWN"", ""feed"": null, ""page"": null, ""supplied_by_competition"": false}, ""away"": {""status"": ""UNKNOWN"", ""feed"": null, ""page"": null, ""supplied_by_competition"": false}}","{""feed"": {""name"": """", ""source"": ""unknown"", ""confidence"": null, ""original_name"": """", ""reread_used"": false, ""dimensions"": {""gender"": null, ""age_group"": null, ""squad_tier"": null, ""reserve"": null, ""academy"": null}}, ""page"": {""name"": null, ""source"": ""ocr"", ""confidence"": null, ""original_name"": null, ""reread_used"": false, ""dimensions"": {""gender"": null, ""age_group"": null, ""squad_tier"": null, ""reserve"": null, ""academy"": null}}, ""kind"": ""MISSING"", ""compatible"": false, ""strong"": false, ""shared_distinctive_tokens"": [], ""similarity"": 0.0}","{""feed"": {""name"": """", ""source"": ""unknown"", ""confidence"": null, ""original_name"": """", ""reread_used"": false, ""dimensions"": {""gender"": null, ""age_group"": null, ""squad_tier"": null, ""reserve"": null, ""academy"": null}}, ""page"": {""name"": null, ""source"": ""ocr"", ""confidence"": null, ""original_name"": null, ""reread_used"": false, ""dimensions"": {""gender"": null, ""age_group"": null, ""squad_tier"": null, ""reserve"": null, ""academy"": null}}, ""kind"": ""MISSING"", ""compatible"": false, ""strong"": false, ""shared_distinctive_tokens"": [], ""similarity"": 0.0}","{""home"": {""original"": {""name"": null, ""source"": ""ocr""}, ""used"": false}, ""away"": {""original"": {""name"": null, ""source"": ""ocr""}, ""used"": false}}",TARGET_NOT_FOUND,,AMBIGUOUS,"{""conflicts"": [], ""needs_recheck"": [], ""missing"": [""event_id"", ""event_page"", ""competing_event"", ""sport"", ""kickoff"", ""competition"", ""market_fingerprint"", ""orientation"", ""names_incomplete_or_unrelated""]}"
st-bb3-1790202690,evidence/stage-timeout-gunma-proof/bb3-summary.json;evidence/stage-timeout-gunma-proof/proof-summary.json,archive,"[null, null]","[null, null]","{""status"": ""UNKNOWN"", ""requested"": null, ""observed"": null, ""independently_observed"": false, ""direct_link_capture"": false, ""basis"": ""unverified""}","{""status"": ""UNKNOWN"", ""feed"": null, ""page"": null, ""difference_seconds"": null, ""tolerance_seconds"": 120}","{""status"": ""UNKNOWN"", ""feed"": """", ""page"": """"}","{""status"": ""UNKNOWN"", ""feed"": """", ""page"": """", ""approved_mapping"": false, ""reason"": ""unmapped label or conflicting independent evidence""}","{""status"": ""UNKNOWN"", ""alert_market_fingerprint"": null, ""page_market_fingerprint"": null, ""fingerprint_match"": ""UNAVAILABLE""}","{""home"": {""status"": ""UNKNOWN"", ""feed"": null, ""page"": null, ""supplied_by_competition"": false}, ""away"": {""status"": ""UNKNOWN"", ""feed"": null, ""page"": null, ""supplied_by_competition"": false}}","{""home"": {""status"": ""UNKNOWN"", ""feed"": null, ""page"": null, ""supplied_by_competition"": false}, ""away"": {""status"": ""UNKNOWN"", ""feed"": null, ""page"": null, ""supplied_by_competition"": false}}","{""home"": {""status"": ""UNKNOWN"", ""feed"": null, ""page"": null, ""supplied_by_competition"": false}, ""away"": {""status"": ""UNKNOWN"", ""feed"": null, ""page"": null, ""supplied_by_competition"": false}}","{""home"": {""status"": ""UNKNOWN"", ""feed"": null, ""page"": null, ""supplied_by_competition"": false}, ""away"": {""status"": ""UNKNOWN"", ""feed"": null, ""page"": null, ""supplied_by_competition"": false}}","{""home"": {""status"": ""UNKNOWN"", ""feed"": null, ""page"": null, ""supplied_by_competition"": false}, ""away"": {""status"": ""UNKNOWN"", ""feed"": null, ""page"": null, ""supplied_by_competition"": false}}","{""feed"": {""name"": """", ""source"": ""unknown"", ""confidence"": null, ""original_name"": """", ""reread_used"": false, ""dimensions"": {""gender"": null, ""age_group"": null, ""squad_tier"": null, ""reserve"": null, ""academy"": null}}, ""page"": {""name"": null, ""source"": ""ocr"", ""confidence"": null, ""original_name"": null, ""reread_used"": false, ""dimensions"": {""gender"": null, ""age_group"": null, ""squad_tier"": null, ""reserve"": null, ""academy"": null}}, ""kind"": ""MISSING"", ""compatible"": false, ""strong"": false, ""shared_distinctive_tokens"": [], ""similarity"": 0.0}","{""feed"": {""name"": """", ""source"": ""unknown"", ""confidence"": null, ""original_name"": """", ""reread_used"": false, ""dimensions"": {""gender"": null, ""age_group"": null, ""squad_tier"": null, ""reserve"": null, ""academy"": null}}, ""page"": {""name"": null, ""source"": ""ocr"", ""confidence"": null, ""original_name"": null, ""reread_used"": false, ""dimensions"": {""gender"": null, ""age_group"": null, ""squad_tier"": null, ""reserve"": null, ""academy"": null}}, ""kind"": ""MISSING"", ""compatible"": false, ""strong"": false, ""shared_distinctive_tokens"": [], ""similarity"": 0.0}","{""home"": {""original"": {""name"": null, ""source"": ""ocr""}, ""used"": false}, ""away"": {""original"": {""name"": null, ""source"": ""ocr""}, ""used"": false}}",TARGET_NOT_FOUND,,AMBIGUOUS,"{""conflicts"": [], ""needs_recheck"": [], ""missing"": [""event_id"", ""event_page"", ""competing_event"", ""sport"", ""kickoff"", ""competition"", ""market_fingerprint"", ""orientation"", ""names_incomplete_or_unrelated""]}"
st-fulham-1790202936,evidence/stage-timeout-gunma-proof/fulham-summary.json;evidence/stage-timeout-gunma-proof/proof-summary.json,archive,"[null, null]","[null, null]","{""status"": ""UNKNOWN"", ""requested"": null, ""observed"": null, ""independently_observed"": false, ""direct_link_capture"": false, ""basis"": ""unverified""}","{""status"": ""UNKNOWN"", ""feed"": null, ""page"": null, ""difference_seconds"": null, ""tolerance_seconds"": 120}","{""status"": ""UNKNOWN"", ""feed"": """", ""page"": """"}","{""status"": ""UNKNOWN"", ""feed"": """", ""page"": """", ""approved_mapping"": false, ""reason"": ""unmapped label or conflicting independent evidence""}","{""status"": ""UNKNOWN"", ""alert_market_fingerprint"": null, ""page_market_fingerprint"": null, ""fingerprint_match"": ""UNAVAILABLE""}","{""home"": {""status"": ""UNKNOWN"", ""feed"": null, ""page"": null, ""supplied_by_competition"": false}, ""away"": {""status"": ""UNKNOWN"", ""feed"": null, ""page"": null, ""supplied_by_competition"": false}}","{""home"": {""status"": ""UNKNOWN"", ""feed"": null, ""page"": null, ""supplied_by_competition"": false}, ""away"": {""status"": ""UNKNOWN"", ""feed"": null, ""page"": null, ""supplied_by_competition"": false}}","{""home"": {""status"": ""UNKNOWN"", ""feed"": null, ""page"": null, ""supplied_by_competition"": false}, ""away"": {""status"": ""UNKNOWN"", ""feed"": null, ""page"": null, ""supplied_by_competition"": false}}","{""home"": {""status"": ""UNKNOWN"", ""feed"": null, ""page"": null, ""supplied_by_competition"": false}, ""away"": {""status"": ""UNKNOWN"", ""feed"": null, ""page"": null, ""supplied_by_competition"": false}}","{""home"": {""status"": ""UNKNOWN"", ""feed"": null, ""page"": null, ""supplied_by_competition"": false}, ""away"": {""status"": ""UNKNOWN"", ""feed"": null, ""page"": null, ""supplied_by_competition"": false}}","{""feed"": {""name"": """", ""source"": ""unknown"", ""confidence"": null, ""original_name"": """", ""reread_used"": false, ""dimensions"": {""gender"": null, ""age_group"": null, ""squad_tier"": null, ""reserve"": null, ""academy"": null}}, ""page"": {""name"": null, ""source"": ""ocr"", ""confidence"": null, ""original_name"": null, ""reread_used"": false, ""dimensions"": {""gender"": null, ""age_group"": null, ""squad_tier"": null, ""reserve"": null, ""academy"": null}}, ""kind"": ""MISSING"", ""compatible"": false, ""strong"": false, ""shared_distinctive_tokens"": [], ""similarity"": 0.0}","{""feed"": {""name"": """", ""source"": ""unknown"", ""confidence"": null, ""original_name"": """", ""reread_used"": false, ""dimensions"": {""gender"": null, ""age_group"": null, ""squad_tier"": null, ""reserve"": null, ""academy"": null}}, ""page"": {""name"": null, ""source"": ""ocr"", ""confidence"": null, ""original_name"": null, ""reread_used"": false, ""dimensions"": {""gender"": null, ""age_group"": null, ""squad_tier"": null, ""reserve"": null, ""academy"": null}}, ""kind"": ""MISSING"", ""compatible"": false, ""strong"": false, ""shared_distinctive_tokens"": [], ""similarity"": 0.0}","{""home"": {""original"": {""name"": null, ""source"": ""ocr""}, ""used"": false}, ""away"": {""original"": {""name"": null, ""source"": ""ocr""}, ""used"": false}}",TARGET_NOT_FOUND,,AMBIGUOUS,"{""conflicts"": [], ""needs_recheck"": [], ""missing"": [""event_id"", ""event_page"", ""competing_event"", ""sport"", ""kickoff"", ""competition"", ""market_fingerprint"", ""orientation"", ""names_incomplete_or_unrelated""]}"
st-gunma-1790202034,evidence/stage-timeout-gunma-proof/gunma-summary.json;evidence/stage-timeout-gunma-proof/proof-summary.json,archive,"[null, null]","[null, null]","{""status"": ""UNKNOWN"", ""requested"": null, ""observed"": null, ""independently_observed"": false, ""direct_link_capture"": false, ""basis"": ""unverified""}","{""status"": ""UNKNOWN"", ""feed"": null, ""page"": null, ""difference_seconds"": null, ""tolerance_seconds"": 120}","{""status"": ""UNKNOWN"", ""feed"": """", ""page"": """"}","{""status"": ""UNKNOWN"", ""feed"": """", ""page"": """", ""approved_mapping"": false, ""reason"": ""unmapped label or conflicting independent evidence""}","{""status"": ""UNKNOWN"", ""alert_market_fingerprint"": null, ""page_market_fingerprint"": null, ""fingerprint_match"": ""UNAVAILABLE""}","{""home"": {""status"": ""UNKNOWN"", ""feed"": null, ""page"": null, ""supplied_by_competition"": false}, ""away"": {""status"": ""UNKNOWN"", ""feed"": null, ""page"": null, ""supplied_by_competition"": false}}","{""home"": {""status"": ""UNKNOWN"", ""feed"": null, ""page"": null, ""supplied_by_competition"": false}, ""away"": {""status"": ""UNKNOWN"", ""feed"": null, ""page"": null, ""supplied_by_competition"": false}}","{""home"": {""status"": ""UNKNOWN"", ""feed"": null, ""page"": null, ""supplied_by_competition"": false}, ""away"": {""status"": ""UNKNOWN"", ""feed"": null, ""page"": null, ""supplied_by_competition"": false}}","{""home"": {""status"": ""UNKNOWN"", ""feed"": null, ""page"": null, ""supplied_by_competition"": false}, ""away"": {""status"": ""UNKNOWN"", ""feed"": null, ""page"": null, ""supplied_by_competition"": false}}","{""home"": {""status"": ""UNKNOWN"", ""feed"": null, ""page"": null, ""supplied_by_competition"": false}, ""away"": {""status"": ""UNKNOWN"", ""feed"": null, ""page"": null, ""supplied_by_competition"": false}}","{""feed"": {""name"": """", ""source"": ""unknown"", ""confidence"": null, ""original_name"": """", ""reread_used"": false, ""dimensions"": {""gender"": null, ""age_group"": null, ""squad_tier"": null, ""reserve"": null, ""academy"": null}}, ""page"": {""name"": null, ""source"": ""ocr"", ""confidence"": null, ""original_name"": null, ""reread_used"": false, ""dimensions"": {""gender"": null, ""age_group"": null, ""squad_tier"": null, ""reserve"": null, ""academy"": null}}, ""kind"": ""MISSING"", ""compatible"": false, ""strong"": false, ""shared_distinctive_tokens"": [], ""similarity"": 0.0}","{""feed"": {""name"": """", ""source"": ""unknown"", ""confidence"": null, ""original_name"": """", ""reread_used"": false, ""dimensions"": {""gender"": null, ""age_group"": null, ""squad_tier"": null, ""reserve"": null, ""academy"": null}}, ""page"": {""name"": null, ""source"": ""ocr"", ""confidence"": null, ""original_name"": null, ""reread_used"": false, ""dimensions"": {""gender"": null, ""age_group"": null, ""squad_tier"": null, ""reserve"": null, ""academy"": null}}, ""kind"": ""MISSING"", ""compatible"": false, ""strong"": false, ""shared_distinctive_tokens"": [], ""similarity"": 0.0}","{""home"": {""original"": {""name"": null, ""source"": ""ocr""}, ""used"": false}, ""away"": {""original"": {""name"": null, ""source"": ""ocr""}, ""used"": false}}",WRONG_EVENT,,AMBIGUOUS,"{""conflicts"": [], ""needs_recheck"": [], ""missing"": [""event_id"", ""event_page"", ""competing_event"", ""sport"", ""kickoff"", ""competition"", ""market_fingerprint"", ""orientation"", ""names_incomplete_or_unrelated""]}"
