alert_id,channel_id,message_id,received_at,source_timestamp,stored_status,duplicate_of,in_analysis,sport,competition,fixture,market,pinnacle_opening_line,pinnacle_current_line,pinnacle_previous_line,pinnacle_opening_prices,pinnacle_current_prices,movement_magnitude,movement_direction,inferred_sharp_side,bet365_sharp_line,bet365_sharp_price,bet365_opposite_line,bet365_opposite_price,oddsnotifier_highlighted_side,supplied_ev,equal_line,line_advantage,current_production_interpretation,current_production_decision,stored_production_decision,agrees_with_sharp_strategy,confidence,ambiguity_reason,signal,offer_assessment,recent_reversal,new_side,new_decision,new_reason,new_strategy_decision,diagnostic_min_movement_zero_decision,diagnostic_reason,raw_sha256
5,1475314653,67962,2026-09-23T13:53:35.523+00:00,2026-09-23T13:53:35+00:00,IGNORED,,True,basketball,World - Club Friendlies,BC Apollon Limassol vs Anorthosis Famagusta,SPREAD,-1.5,-1.5,,"[{""price"": ""1.900"", ""arrow"": null, ""parenthetical"": null, ""highlighted"": false}, {""price"": ""1.840"", ""arrow"": null, ""parenthetical"": null, ""highlighted"": false}]","[{""price"": ""1.561"", ""arrow"": ""\u2b07"", ""parenthetical"": ""1.649"", ""highlighted"": false}, {""price"": ""2.270"", ""arrow"": ""\u2b06"", ""parenthetical"": ""2.120"", ""highlighted"": false}]",0.0,UNCHANGED,,,,,,HOME,110.59%,,,HOME,ACCEPT,,,INSUFFICIENT,Unchanged opening/current line; price-only strategy not established,no_movement,insufficient_data,False,,AMBIGUOUS,No opening-to-current line movement; price-only target policy is unproven,AMBIGUOUS,AMBIGUOUS,No opening-to-current line movement; price-only target policy is unproven,18ff34c5a866f12bd5266bcca11070be7eb8f5230b243578899cceeeb9ed5d42
7,1475314653,67964,2026-09-23T13:54:49.736+00:00,2026-09-23T13:54:49+00:00,IGNORED,,True,basketball,World - Club Friendlies,BC Apollon Limassol vs Anorthosis Famagusta,SPREAD,-1.5,-1.5,,"[{""price"": ""1.900"", ""arrow"": null, ""parenthetical"": null, ""highlighted"": false}, {""price"": ""1.840"", ""arrow"": null, ""parenthetical"": null, ""highlighted"": false}]","[{""price"": ""1.552"", ""arrow"": ""\u2b07"", ""parenthetical"": ""1.628"", ""highlighted"": false}, {""price"": ""2.300"", ""arrow"": ""\u2b06"", ""parenthetical"": ""2.150"", ""highlighted"": false}]",0.0,UNCHANGED,,,,,,HOME,111.47%,,,HOME,ACCEPT,,,INSUFFICIENT,Unchanged opening/current line; price-only strategy not established,no_movement,insufficient_data,False,,AMBIGUOUS,No opening-to-current line movement; price-only target policy is unproven,AMBIGUOUS,AMBIGUOUS,No opening-to-current line movement; price-only target policy is unproven,35c22d53e2236b3569e1df5ef64a872b47fd89bd3cd6056461ddd46d600c63a2
11,1475314653,67968,2026-09-23T13:57:29.925+00:00,2026-09-23T13:57:29+00:00,INVALID,,True,basketball,Asian Games - Women,Japan vs Thailand,SPREAD,-49.5,-56.5,,"[{""price"": ""1.909"", ""arrow"": null, ""parenthetical"": null, ""highlighted"": false}, {""price"": ""1.909"", ""arrow"": null, ""parenthetical"": null, ""highlighted"": false}]","[{""price"": ""1.632"", ""arrow"": ""\u2b06"", ""parenthetical"": ""1.578"", ""highlighted"": false}, {""price"": ""2.170"", ""arrow"": ""\u2b07"", ""parenthetical"": ""2.270"", ""highlighted"": false}]",7.0,DOWN,HOME,-58.5,1.83,58.5,1.83,,None (not equal lines),False,-2.0,AWAY,ACCEPT,,False,HIGH_DIRECTION_ONLY,,clear_sharp_side_signal,moved_too_far,False,HOME,REJECT,"bet_quality: UNFAVOURABLE (line UNFAVOURABLE, price NOT_COMPARABLE, EV NOT_AVAILABLE_UNEQUAL_LINES)",NO BET,REJECT,"bet_quality: UNFAVOURABLE (line UNFAVOURABLE, price NOT_COMPARABLE, EV NOT_AVAILABLE_UNEQUAL_LINES)",48d46ae6c58cd535afd903206d28379a13286004a67f4dbe0c75c2fe09aeb2f6
12,1475314653,67960,2026-09-23T13:58:21.120+00:00,2026-09-23T13:52:32+00:00,PARSED,,True,basketball,Slovakia - Extraliga,Kosice Wolves vs BK Inter Bratislava,SPREAD,11,16.5,,"[{""price"": ""1.833"", ""arrow"": null, ""parenthetical"": null, ""highlighted"": false}, {""price"": ""1.833"", ""arrow"": null, ""parenthetical"": null, ""highlighted"": false}]","[{""price"": ""1.523"", ""arrow"": ""\u2b07"", ""parenthetical"": ""1.671"", ""highlighted"": false}, {""price"": ""2.250"", ""arrow"": ""\u2b06"", ""parenthetical"": ""2.010"", ""highlighted"": false}]",5.5,UP,AWAY,-16.5,1.95,16.5,1.74,HOME,106.48%,True,0.0,HOME,STALE,STALE,False,HIGH_DIRECTION_ONLY,No supplied equal-line EV bound to the sharp side,clear_sharp_side_signal,no_proven_same_side_value,False,AWAY,REJECT,"bet_quality: UNFAVOURABLE (line EQUAL, price UNFAVOURABLE, EV SUPPLIED_FOR_OTHER_SIDE)",NO BET,REJECT,"bet_quality: UNFAVOURABLE (line EQUAL, price UNFAVOURABLE, EV SUPPLIED_FOR_OTHER_SIDE)",e183d9b19d8fdc2d7b9d8aa708af5e179e3d5019c876c3a01ae0078b97cf961f
16,1475314653,67959,2026-09-23T13:58:54.192+00:00,2026-09-23T13:52:29+00:00,INVALID,,True,basketball,World - Club Friendlies,BC Apollon Limassol vs Anorthosis Famagusta,SPREAD,-1.5,-1.5,,"[{""price"": ""1.900"", ""arrow"": null, ""parenthetical"": null, ""highlighted"": false}, {""price"": ""1.840"", ""arrow"": null, ""parenthetical"": null, ""highlighted"": false}]","[{""price"": ""1.606"", ""arrow"": ""\u2b07"", ""parenthetical"": ""1.724"", ""highlighted"": false}, {""price"": ""2.190"", ""arrow"": ""\u2b06"", ""parenthetical"": ""2.020"", ""highlighted"": false}]",0.0,UNCHANGED,,,,,,HOME,107.32%,,,HOME,STALE,,,INSUFFICIENT,Unchanged opening/current line; price-only strategy not established,no_movement,insufficient_data,False,,AMBIGUOUS,No opening-to-current line movement; price-only target policy is unproven,AMBIGUOUS,AMBIGUOUS,No opening-to-current line movement; price-only target policy is unproven,af22f14a7e6f1fc5ced8c3a6bc2bb0f62eb702da901dab3b33efba943b336a10
18,1475314653,67970,2026-09-23T14:03:16.847+00:00,2026-09-23T14:03:16+00:00,PARSED,,True,basketball,Denmark - Basketligaen,Randers Cimbria vs Svendborg Rabbits,SPREAD,-4.5,-3,,"[{""price"": ""1.900"", ""arrow"": null, ""parenthetical"": null, ""highlighted"": false}, {""price"": ""1.840"", ""arrow"": null, ""parenthetical"": null, ""highlighted"": false}]","[{""price"": ""1.746"", ""arrow"": ""\u2b07"", ""parenthetical"": ""1.833"", ""highlighted"": false}, {""price"": ""1.990"", ""arrow"": ""\u2b06"", ""parenthetical"": ""1.900"", ""highlighted"": false}]",1.5,UP,AWAY,3,1.68,-3,2.10,HOME,112.66%,True,0,HOME,ACCEPT,STALE,False,HIGH_DIRECTION_ONLY,No supplied equal-line EV bound to the sharp side,clear_sharp_side_signal,no_proven_same_side_value,False,AWAY,REJECT,"bet_quality: UNFAVOURABLE (line EQUAL, price UNFAVOURABLE, EV SUPPLIED_FOR_OTHER_SIDE)",NO BET,REJECT,"bet_quality: UNFAVOURABLE (line EQUAL, price UNFAVOURABLE, EV SUPPLIED_FOR_OTHER_SIDE)",b58a964cd0aeda8963aa747f99103560f47a2c5bf1593830b383662e9f005783
19,1475314653,67971,2026-09-23T14:07:05.949+00:00,2026-09-23T14:07:05+00:00,PARSED,,True,basketball,FIBA - Europe Cup Qualification,Neftchi vs KK Parnu,TOTALS,165.5,167.5,,"[{""price"": ""1.869"", ""arrow"": null, ""parenthetical"": null, ""highlighted"": false}, {""price"": ""1.869"", ""arrow"": null, ""parenthetical"": null, ""highlighted"": false}]","[{""price"": ""2.210"", ""arrow"": ""\u2b06"", ""parenthetical"": ""2.130"", ""highlighted"": false}, {""price"": ""1.613"", ""arrow"": ""\u2b07"", ""parenthetical"": ""1.662"", ""highlighted"": false}]",2.0,UP,OVER,167.5,1.83,167.5,1.83,UNDER,107.40%,True,0.0,UNDER,ACCEPT,STALE,False,HIGH_DIRECTION_ONLY,No supplied equal-line EV bound to the sharp side,clear_sharp_side_signal,no_proven_same_side_value,False,OVER,REJECT,"bet_quality: UNFAVOURABLE (line EQUAL, price UNFAVOURABLE, EV SUPPLIED_FOR_OTHER_SIDE)",NO BET,REJECT,"bet_quality: UNFAVOURABLE (line EQUAL, price UNFAVOURABLE, EV SUPPLIED_FOR_OTHER_SIDE)",16da5e0c4f58b31a65fff9883d5c115c5b53bc344e88416e00390eeeb7d09c3e
21,1475314653,67973,2026-09-23T14:11:06.950+00:00,2026-09-23T14:11:06+00:00,INVALID,,True,basketball,Finland - Suomen Cup,Bisons Loimaa vs Salon Vilpas Vikings,SPREAD,11.5,-2.5,-4,"[{""price"": ""1.800"", ""arrow"": null, ""parenthetical"": null, ""highlighted"": false}, {""price"": ""1.800"", ""arrow"": null, ""parenthetical"": null, ""highlighted"": false}]","[{""price"": ""1.877"", ""arrow"": ""\u2b06"", ""parenthetical"": ""1.813"", ""highlighted"": false}, {""price"": ""1.793"", ""arrow"": ""\u2b07"", ""parenthetical"": ""1.854"", ""highlighted"": false}]",14.0,DOWN,HOME,-5.5,1.83,5.5,1.83,,None (not equal lines),False,-3.0,AWAY,ACCEPT,,False,HIGH_DIRECTION_ONLY,,clear_sharp_side_signal,moved_too_far,True,HOME,REJECT,"bet_quality: UNFAVOURABLE (line UNFAVOURABLE, price NOT_COMPARABLE, EV NOT_AVAILABLE_UNEQUAL_LINES)",NO BET,REJECT,"bet_quality: UNFAVOURABLE (line UNFAVOURABLE, price NOT_COMPARABLE, EV NOT_AVAILABLE_UNEQUAL_LINES)",fdb0a7776a2e8bdbc5f6869c2d8b2a01d6527f4b8cd62f93e94dc57bc4bfc851
28,1475314653,67980,2026-09-23T14:15:07.008+00:00,2026-09-23T14:15:07+00:00,INVALID,,True,basketball,Finland - Suomen Cup,Bisons Loimaa vs Salon Vilpas Vikings,SPREAD,11.5,2,1,"[{""price"": ""1.800"", ""arrow"": null, ""parenthetical"": null, ""highlighted"": false}, {""price"": ""1.800"", ""arrow"": null, ""parenthetical"": null, ""highlighted"": false}]","[{""price"": ""1.833"", ""arrow"": ""\u2b07"", ""parenthetical"": ""1.892"", ""highlighted"": false}, {""price"": ""1.833"", ""arrow"": ""\u2b06"", ""parenthetical"": ""1.781"", ""highlighted"": false}]",9.5,DOWN,HOME,-4,1.83,4,1.83,,None (not equal lines),False,-6,AWAY,ACCEPT,,False,HIGH_DIRECTION_ONLY,Cross-book favourite disagreement; Bet365 orientation needs verification,clear_sharp_side_signal,ambiguous,True,,AMBIGUOUS,Pinnacle (2) and Bet365 (-4) favour different teams by 6 points: the Bet365 spread appears to have an unresolved sign reference; do not assume a perspective correction,AMBIGUOUS,AMBIGUOUS,Pinnacle (2) and Bet365 (-4) favour different teams by 6 points: the Bet365 spread appears to have an unresolved sign reference; do not assume a perspective correction,8e68de8c7db0e67a0afd22aec157e8ed6eedebf194b57f44a52c6177fc661426
30,1475314653,67982,2026-09-23T14:15:18.336+00:00,2026-09-23T14:15:18+00:00,INVALID,,True,basketball,Finland - Suomen Cup,Bisons Loimaa vs Salon Vilpas Vikings,SPREAD,11.5,1,2,"[{""price"": ""1.800"", ""arrow"": null, ""parenthetical"": null, ""highlighted"": false}, {""price"": ""1.800"", ""arrow"": null, ""parenthetical"": null, ""highlighted"": false}]","[{""price"": ""1.819"", ""arrow"": ""\u2b06"", ""parenthetical"": ""1.813"", ""highlighted"": false}, {""price"": ""1.840"", ""arrow"": ""\u2b07"", ""parenthetical"": ""1.854"", ""highlighted"": false}]",10.5,DOWN,HOME,-4,1.83,4,1.83,,None (not equal lines),False,-5,AWAY,ACCEPT,,False,HIGH_DIRECTION_ONLY,Cross-book favourite disagreement; Bet365 orientation needs verification,clear_sharp_side_signal,ambiguous,False,,AMBIGUOUS,Pinnacle (1) and Bet365 (-4) favour different teams by 5 points: the Bet365 spread appears to have an unresolved sign reference; do not assume a perspective correction,AMBIGUOUS,AMBIGUOUS,Pinnacle (1) and Bet365 (-4) favour different teams by 5 points: the Bet365 spread appears to have an unresolved sign reference; do not assume a perspective correction,d263bb66e5ec94f2b8555046e9648cda4f2ef7cb2ea6fe7dee8432262d4c2e67
31,1475314653,67983,2026-09-23T14:15:41.188+00:00,2026-09-23T14:15:41+00:00,INVALID,,True,basketball,Finland - Suomen Cup,Bisons Loimaa vs Salon Vilpas Vikings,SPREAD,11.5,1,,"[{""price"": ""1.800"", ""arrow"": null, ""parenthetical"": null, ""highlighted"": false}, {""price"": ""1.800"", ""arrow"": null, ""parenthetical"": null, ""highlighted"": false}]","[{""price"": ""1.925"", ""arrow"": ""\u2b06"", ""parenthetical"": ""1.819"", ""highlighted"": false}, {""price"": ""1.751"", ""arrow"": ""\u2b07"", ""parenthetical"": ""1.840"", ""highlighted"": false}]",10.5,DOWN,HOME,-2,1.83,2,1.83,,None (not equal lines),False,-3,AWAY,ACCEPT,,False,HIGH_DIRECTION_ONLY,Cross-book favourite disagreement; Bet365 orientation needs verification,clear_sharp_side_signal,ambiguous,False,,AMBIGUOUS,Pinnacle (1) and Bet365 (-2) favour different teams by 3 points: the Bet365 spread appears to have an unresolved sign reference; do not assume a perspective correction,AMBIGUOUS,AMBIGUOUS,Pinnacle (1) and Bet365 (-2) favour different teams by 3 points: the Bet365 spread appears to have an unresolved sign reference; do not assume a perspective correction,07a58ab132315cb18036aaa5618e28ede7aec56cca338315c0d3aa7e3dcd6d92
32,1475314653,67984,2026-09-23T14:16:23.145+00:00,2026-09-23T14:16:23+00:00,INVALID,,True,basketball,Finland - Suomen Cup,Bisons Loimaa vs Salon Vilpas Vikings,SPREAD,11.5,1,,"[{""price"": ""1.800"", ""arrow"": null, ""parenthetical"": null, ""highlighted"": false}, {""price"": ""1.800"", ""arrow"": null, ""parenthetical"": null, ""highlighted"": false}]","[{""price"": ""1.925"", ""arrow"": ""\u2b06"", ""parenthetical"": ""1.869"", ""highlighted"": false}, {""price"": ""1.751"", ""arrow"": ""\u2b07"", ""parenthetical"": ""1.793"", ""highlighted"": false}]",10.5,DOWN,HOME,-2,1.83,2,1.83,,None (not equal lines),False,-3,AWAY,ACCEPT,,False,HIGH_DIRECTION_ONLY,Cross-book favourite disagreement; Bet365 orientation needs verification,clear_sharp_side_signal,ambiguous,False,,AMBIGUOUS,Pinnacle (1) and Bet365 (-2) favour different teams by 3 points: the Bet365 spread appears to have an unresolved sign reference; do not assume a perspective correction,AMBIGUOUS,AMBIGUOUS,Pinnacle (1) and Bet365 (-2) favour different teams by 3 points: the Bet365 spread appears to have an unresolved sign reference; do not assume a perspective correction,fd6e005651661c5bafdb6b7ce2659315bcfd3695a768962f0dd5687046013fce
33,1475314653,67985,2026-09-23T14:16:29.343+00:00,2026-09-23T14:16:29+00:00,INVALID,,True,basketball,Finland - Suomen Cup,Bisons Loimaa vs Salon Vilpas Vikings,SPREAD,11.5,2,1,"[{""price"": ""1.800"", ""arrow"": null, ""parenthetical"": null, ""highlighted"": false}, {""price"": ""1.800"", ""arrow"": null, ""parenthetical"": null, ""highlighted"": false}]","[{""price"": ""1.840"", ""arrow"": ""\u2b07"", ""parenthetical"": ""1.925"", ""highlighted"": false}, {""price"": ""1.826"", ""arrow"": ""\u2b06"", ""parenthetical"": ""1.751"", ""highlighted"": false}]",9.5,DOWN,HOME,-2,1.83,2,1.83,,None (not equal lines),False,-4,AWAY,ACCEPT,,False,HIGH_DIRECTION_ONLY,Cross-book favourite disagreement; Bet365 orientation needs verification,clear_sharp_side_signal,ambiguous,True,,AMBIGUOUS,Pinnacle (2) and Bet365 (-2) favour different teams by 4 points: the Bet365 spread appears to have an unresolved sign reference; do not assume a perspective correction,AMBIGUOUS,AMBIGUOUS,Pinnacle (2) and Bet365 (-2) favour different teams by 4 points: the Bet365 spread appears to have an unresolved sign reference; do not assume a perspective correction,1f9b8d23ec668ca6596e730a5a55a4199ca697656c2c459d6c5e54971dce67ee
46,1475314653,67998,2026-09-23T14:32:40.410+00:00,2026-09-23T14:32:40+00:00,INVALID,,True,basketball,Finland - Suomen Cup,Kipina Basket vs Kauhajoki Karhu Basket,TOTALS,170.5,170.5,169.5,"[{""price"": ""1.806"", ""arrow"": null, ""parenthetical"": null, ""highlighted"": false}, {""price"": ""1.793"", ""arrow"": null, ""parenthetical"": null, ""highlighted"": false}]","[{""price"": ""1.826"", ""arrow"": ""\u2b06"", ""parenthetical"": ""1.757"", ""highlighted"": false}, {""price"": ""1.840"", ""arrow"": ""\u2b07"", ""parenthetical"": ""1.917"", ""highlighted"": false}]",0.0,UNCHANGED,,,,,,,None (not equal lines),,,OVER,ACCEPT,,,INSUFFICIENT,Unchanged opening/current line; price-only strategy not established,no_movement,insufficient_data,False,,AMBIGUOUS,No opening-to-current line movement; price-only target policy is unproven,AMBIGUOUS,AMBIGUOUS,No opening-to-current line movement; price-only target policy is unproven,67c48b8b2d6cf55ef25b77001e4616f9ed098073f8f238a30cdb8a4d83b8db9e
47,1475314653,67999,2026-09-23T14:33:02.384+00:00,2026-09-23T14:33:02+00:00,INVALID,,True,basketball,Finland - Suomen Cup,Kipina Basket vs Kauhajoki Karhu Basket,TOTALS,170.5,170.5,,"[{""price"": ""1.806"", ""arrow"": null, ""parenthetical"": null, ""highlighted"": false}, {""price"": ""1.793"", ""arrow"": null, ""parenthetical"": null, ""highlighted"": false}]","[{""price"": ""1.763"", ""arrow"": ""\u2b07"", ""parenthetical"": ""1.826"", ""highlighted"": false}, {""price"": ""1.909"", ""arrow"": ""\u2b06"", ""parenthetical"": ""1.840"", ""highlighted"": false}]",0.0,UNCHANGED,,,,,,,None (not equal lines),,,OVER,ACCEPT,,,INSUFFICIENT,Unchanged opening/current line; price-only strategy not established,no_movement,insufficient_data,False,,AMBIGUOUS,No opening-to-current line movement; price-only target policy is unproven,AMBIGUOUS,AMBIGUOUS,No opening-to-current line movement; price-only target policy is unproven,73c914cddcf0398701e72c1e7d1ceaa434f442b1776fe1b2b656a402b581906d
48,1475314653,68000,2026-09-23T14:33:28.436+00:00,2026-09-23T14:33:28+00:00,PARSED,,True,basketball,World - Intercontinental Cup,Atletico Boca Juniors vs NBA G League United,SPREAD,13,12,,"[{""price"": ""1.869"", ""arrow"": null, ""parenthetical"": null, ""highlighted"": false}, {""price"": ""1.869"", ""arrow"": null, ""parenthetical"": null, ""highlighted"": false}]","[{""price"": ""2.280"", ""arrow"": ""\u2b06"", ""parenthetical"": ""2.070"", ""highlighted"": false}, {""price"": ""1.558"", ""arrow"": ""\u2b07"", ""parenthetical"": ""1.680"", ""highlighted"": false}]",1,DOWN,HOME,12,1.83,-12,1.83,AWAY,110.88%,True,0,AWAY,ACCEPT,STALE,False,HIGH_DIRECTION_ONLY,No supplied equal-line EV bound to the sharp side,clear_sharp_side_signal,no_proven_same_side_value,False,HOME,REJECT,"bet_quality: UNFAVOURABLE (line EQUAL, price UNFAVOURABLE, EV SUPPLIED_FOR_OTHER_SIDE)",NO BET,REJECT,"bet_quality: UNFAVOURABLE (line EQUAL, price UNFAVOURABLE, EV SUPPLIED_FOR_OTHER_SIDE)",f8d7e2590b682cde07be9c9b90951e4ceeba3d67d4ff102af40b16e7538f52cf
50,1475314653,68002,2026-09-23T14:37:42.651+00:00,2026-09-23T14:37:42+00:00,INVALID,,True,basketball,Finland - Suomen Cup,Kipina Basket vs Kauhajoki Karhu Basket,TOTALS,170.5,170.5,,"[{""price"": ""1.806"", ""arrow"": null, ""parenthetical"": null, ""highlighted"": false}, {""price"": ""1.793"", ""arrow"": null, ""parenthetical"": null, ""highlighted"": false}]","[{""price"": ""1.763"", ""arrow"": ""\u2b07"", ""parenthetical"": ""1.819"", ""highlighted"": false}, {""price"": ""1.909"", ""arrow"": ""\u2b06"", ""parenthetical"": ""1.847"", ""highlighted"": false}]",0.0,UNCHANGED,,,,,,,None (not equal lines),,,OVER,ACCEPT,,,INSUFFICIENT,Unchanged opening/current line; price-only strategy not established,no_movement,insufficient_data,False,,AMBIGUOUS,No opening-to-current line movement; price-only target policy is unproven,AMBIGUOUS,AMBIGUOUS,No opening-to-current line movement; price-only target policy is unproven,93f5acf42bcf332188cb38462ad3ce404a680a4a39123f21f3d080933573f6ca
51,1475314653,68003,2026-09-23T14:45:23.726+00:00,2026-09-23T14:45:23+00:00,PARSED,,True,basketball,FIBA - Europe Cup Qualification,Neftchi vs KK Parnu,TOTALS,165.5,167.5,,"[{""price"": ""1.869"", ""arrow"": null, ""parenthetical"": null, ""highlighted"": false}, {""price"": ""1.869"", ""arrow"": null, ""parenthetical"": null, ""highlighted"": false}]","[{""price"": ""2.230"", ""arrow"": ""\u2b06"", ""parenthetical"": ""2.170"", ""highlighted"": false}, {""price"": ""1.602"", ""arrow"": ""\u2b07"", ""parenthetical"": ""1.641"", ""highlighted"": false}]",2.0,UP,OVER,167.5,1.83,167.5,1.83,UNDER,108.19%,True,0.0,UNDER,ACCEPT,STALE,False,HIGH_DIRECTION_ONLY,No supplied equal-line EV bound to the sharp side,clear_sharp_side_signal,no_proven_same_side_value,False,OVER,REJECT,"bet_quality: UNFAVOURABLE (line EQUAL, price UNFAVOURABLE, EV SUPPLIED_FOR_OTHER_SIDE)",NO BET,REJECT,"bet_quality: UNFAVOURABLE (line EQUAL, price UNFAVOURABLE, EV SUPPLIED_FOR_OTHER_SIDE)",6ac4ad539066cef5abf9433c123449bea281b77c11eb31784461550302493f1d
52,1475314653,68004,2026-09-23T14:47:36.251+00:00,2026-09-23T14:47:36+00:00,INVALID,,True,basketball,Finland - Suomen Cup,Bisons Loimaa vs Salon Vilpas Vikings,SPREAD,11.5,7,5,"[{""price"": ""1.800"", ""arrow"": null, ""parenthetical"": null, ""highlighted"": false}, {""price"": ""1.800"", ""arrow"": null, ""parenthetical"": null, ""highlighted"": false}]","[{""price"": ""1.833"", ""arrow"": ""\u2b06"", ""parenthetical"": ""1.833"", ""highlighted"": false}, {""price"": ""1.833"", ""arrow"": ""\u2b06"", ""parenthetical"": ""1.833"", ""highlighted"": false}]",4.5,DOWN,HOME,1.5,1.83,-1.5,1.83,,None (not equal lines),False,-5.5,AWAY,ACCEPT,,False,HIGH_DIRECTION_ONLY,,clear_sharp_side_signal,moved_too_far,True,HOME,REJECT,"bet_quality: UNFAVOURABLE (line UNFAVOURABLE, price NOT_COMPARABLE, EV NOT_AVAILABLE_UNEQUAL_LINES)",NO BET,REJECT,"bet_quality: UNFAVOURABLE (line UNFAVOURABLE, price NOT_COMPARABLE, EV NOT_AVAILABLE_UNEQUAL_LINES)",eaf816dce941da1ec83402495cfb700bc63f0426bc55c2e2d057730356019023
54,1475314653,68006,2026-09-23T14:48:53.422+00:00,2026-09-23T14:48:53+00:00,INVALID,,True,basketball,World - Club Friendlies,GKK Sibenka vs KK Jazine Arbanasi,SPREAD,-13,-14.5,,"[{""price"": ""1.806"", ""arrow"": null, ""parenthetical"": null, ""highlighted"": false}, {""price"": ""1.862"", ""arrow"": null, ""parenthetical"": null, ""highlighted"": false}]","[{""price"": ""2.260"", ""arrow"": ""\u2b06"", ""parenthetical"": ""2.130"", ""highlighted"": false}, {""price"": ""1.571"", ""arrow"": ""\u2b07"", ""parenthetical"": ""1.641"", ""highlighted"": false}]",1.5,DOWN,HOME,-14.5,1.83,14.5,1.83,AWAY,109.99%,True,0.0,AWAY,ACCEPT,,False,HIGH_DIRECTION_ONLY,No supplied equal-line EV bound to the sharp side,clear_sharp_side_signal,no_proven_same_side_value,False,HOME,REJECT,"bet_quality: UNFAVOURABLE (line EQUAL, price UNFAVOURABLE, EV SUPPLIED_FOR_OTHER_SIDE)",NO BET,REJECT,"bet_quality: UNFAVOURABLE (line EQUAL, price UNFAVOURABLE, EV SUPPLIED_FOR_OTHER_SIDE)",7897d54d87c9fbac0b55f7f426c27421992da0c141c229c0f8da0dd6518756a6
59,1475314653,68012,2026-09-23T15:02:16.931+00:00,2026-09-23T15:02:16+00:00,INVALID,,True,basketball,Finland - Suomen Cup,Bisons Loimaa vs Salon Vilpas Vikings,SPREAD,11.5,7.5,6,"[{""price"": ""1.800"", ""arrow"": null, ""parenthetical"": null, ""highlighted"": false}, {""price"": ""1.800"", ""arrow"": null, ""parenthetical"": null, ""highlighted"": false}]","[{""price"": ""1.826"", ""arrow"": ""\u2b07"", ""parenthetical"": ""1.877"", ""highlighted"": false}, {""price"": ""1.840"", ""arrow"": ""\u2b06"", ""parenthetical"": ""1.787"", ""highlighted"": false}]",4.0,DOWN,HOME,4.5,1.83,-4.5,1.83,,None (not equal lines),False,-3.0,AWAY,ACCEPT,,False,HIGH_DIRECTION_ONLY,,clear_sharp_side_signal,moved_too_far,True,HOME,REJECT,"bet_quality: UNFAVOURABLE (line UNFAVOURABLE, price NOT_COMPARABLE, EV NOT_AVAILABLE_UNEQUAL_LINES)",NO BET,REJECT,"bet_quality: UNFAVOURABLE (line UNFAVOURABLE, price NOT_COMPARABLE, EV NOT_AVAILABLE_UNEQUAL_LINES)",3aa3c6e68aa23408bf551e4f2dd6dd829e54c74db46fa4dcd7861ccbca9f31c1
61,1475314653,68014,2026-09-23T15:02:55.727+00:00,2026-09-23T15:02:55+00:00,INVALID,,True,basketball,Finland - Suomen Cup,Bisons Loimaa vs Salon Vilpas Vikings,SPREAD,11.5,10,9.5,"[{""price"": ""1.800"", ""arrow"": null, ""parenthetical"": null, ""highlighted"": false}, {""price"": ""1.800"", ""arrow"": null, ""parenthetical"": null, ""highlighted"": false}]","[{""price"": ""1.869"", ""arrow"": ""\u2b06"", ""parenthetical"": ""1.833"", ""highlighted"": false}, {""price"": ""1.800"", ""arrow"": ""\u2b07"", ""parenthetical"": ""1.833"", ""highlighted"": false}]",1.5,DOWN,HOME,4.5,1.83,-4.5,1.83,,None (not equal lines),False,-5.5,AWAY,ACCEPT,,False,HIGH_DIRECTION_ONLY,,clear_sharp_side_signal,moved_too_far,True,HOME,REJECT,"bet_quality: UNFAVOURABLE (line UNFAVOURABLE, price NOT_COMPARABLE, EV NOT_AVAILABLE_UNEQUAL_LINES)",NO BET,REJECT,"bet_quality: UNFAVOURABLE (line UNFAVOURABLE, price NOT_COMPARABLE, EV NOT_AVAILABLE_UNEQUAL_LINES)",3d6310c9397a4d464b9c6466be37b33f911b003d7221c5a7be8616754df2dbfc
62,1475314653,68015,2026-09-23T15:03:57.886+00:00,2026-09-23T15:03:57+00:00,INVALID,,True,basketball,Finland - Suomen Cup,Bisons Loimaa vs Salon Vilpas Vikings,SPREAD,11.5,11.5,10.5,"[{""price"": ""1.800"", ""arrow"": null, ""parenthetical"": null, ""highlighted"": false}, {""price"": ""1.800"", ""arrow"": null, ""parenthetical"": null, ""highlighted"": false}]","[{""price"": ""1.819"", ""arrow"": ""\u2b07"", ""parenthetical"": ""1.884"", ""highlighted"": false}, {""price"": ""1.847"", ""arrow"": ""\u2b06"", ""parenthetical"": ""1.781"", ""highlighted"": false}]",0.0,UNCHANGED,,,,,,,None (not equal lines),,,AWAY,ACCEPT,,,INSUFFICIENT,Unchanged opening/current line; price-only strategy not established,no_movement,insufficient_data,False,,AMBIGUOUS,No opening-to-current line movement; price-only target policy is unproven,AMBIGUOUS,AMBIGUOUS,No opening-to-current line movement; price-only target policy is unproven,963a249ce187f3dfc63797d2ab584bda6f2ab7dc4f1d913b5328361dc69d1b55
63,1475314653,68016,2026-09-23T15:08:39.974+00:00,2026-09-23T15:08:39+00:00,INVALID,,True,basketball,Finland - Suomen Cup,Bisons Loimaa vs Salon Vilpas Vikings,SPREAD,11.5,11,11.5,"[{""price"": ""1.800"", ""arrow"": null, ""parenthetical"": null, ""highlighted"": false}, {""price"": ""1.800"", ""arrow"": null, ""parenthetical"": null, ""highlighted"": false}]","[{""price"": ""1.826"", ""arrow"": ""\u2b06"", ""parenthetical"": ""1.751"", ""highlighted"": false}, {""price"": ""1.840"", ""arrow"": ""\u2b07"", ""parenthetical"": ""1.917"", ""highlighted"": false}]",0.5,DOWN,HOME,7.5,1.83,-7.5,1.83,,None (not equal lines),False,-3.5,AWAY,ACCEPT,,False,HIGH_DIRECTION_ONLY,,clear_sharp_side_signal,moved_too_far,False,HOME,REJECT,"bet_quality: UNFAVOURABLE (line UNFAVOURABLE, price NOT_COMPARABLE, EV NOT_AVAILABLE_UNEQUAL_LINES)",NO BET,REJECT,"bet_quality: UNFAVOURABLE (line UNFAVOURABLE, price NOT_COMPARABLE, EV NOT_AVAILABLE_UNEQUAL_LINES)",788e064e2da2b12db225c38c87d4bdd78ce84906f718d86e186fed2d552418b5
65,1475314653,68018,2026-09-23T15:10:10.198+00:00,2026-09-23T15:10:10+00:00,INVALID,,True,basketball,Finland - Suomen Cup,Kipina Basket vs Kauhajoki Karhu Basket,SPREAD,8.5,7.5,8,"[{""price"": ""1.800"", ""arrow"": null, ""parenthetical"": null, ""highlighted"": false}, {""price"": ""1.800"", ""arrow"": null, ""parenthetical"": null, ""highlighted"": false}]","[{""price"": ""1.800"", ""arrow"": ""\u2b06"", ""parenthetical"": ""1.769"", ""highlighted"": false}, {""price"": ""1.862"", ""arrow"": ""\u2b07"", ""parenthetical"": ""1.900"", ""highlighted"": false}]",1.0,DOWN,HOME,2.5,1.83,-2.5,1.83,,None (not equal lines),False,-5.0,AWAY,ACCEPT,,False,HIGH_DIRECTION_ONLY,,clear_sharp_side_signal,moved_too_far,False,HOME,REJECT,"bet_quality: UNFAVOURABLE (line UNFAVOURABLE, price NOT_COMPARABLE, EV NOT_AVAILABLE_UNEQUAL_LINES)",NO BET,REJECT,"bet_quality: UNFAVOURABLE (line UNFAVOURABLE, price NOT_COMPARABLE, EV NOT_AVAILABLE_UNEQUAL_LINES)",f24e3c440de8c2509b9f5a68b8b692dcf7669600186b025dae2bcfab6b3c0191
66,1475314653,68019,2026-09-23T15:10:17.170+00:00,2026-09-23T15:10:17+00:00,INVALID,,True,basketball,Finland - Suomen Cup,Kipina Basket vs Kauhajoki Karhu Basket,SPREAD,8.5,6.5,7.5,"[{""price"": ""1.800"", ""arrow"": null, ""parenthetical"": null, ""highlighted"": false}, {""price"": ""1.800"", ""arrow"": null, ""parenthetical"": null, ""highlighted"": false}]","[{""price"": ""1.847"", ""arrow"": ""\u2b06"", ""parenthetical"": ""1.800"", ""highlighted"": false}, {""price"": ""1.819"", ""arrow"": ""\u2b07"", ""parenthetical"": ""1.862"", ""highlighted"": false}]",2.0,DOWN,HOME,2.5,1.83,-2.5,1.83,,None (not equal lines),False,-4.0,AWAY,ACCEPT,,False,HIGH_DIRECTION_ONLY,,clear_sharp_side_signal,moved_too_far,False,HOME,REJECT,"bet_quality: UNFAVOURABLE (line UNFAVOURABLE, price NOT_COMPARABLE, EV NOT_AVAILABLE_UNEQUAL_LINES)",NO BET,REJECT,"bet_quality: UNFAVOURABLE (line UNFAVOURABLE, price NOT_COMPARABLE, EV NOT_AVAILABLE_UNEQUAL_LINES)",5adcd8977c866c1618f0bfcf0999380d20b440ced7e8f07ee8fe32fcc2777212
88,1475314653,68041,2026-09-23T15:16:33.269+00:00,2026-09-23T15:16:33+00:00,INVALID,,True,basketball,Finland - Suomen Cup,Kipina Basket vs Kauhajoki Karhu Basket,SPREAD,8.5,4.5,4,"[{""price"": ""1.800"", ""arrow"": null, ""parenthetical"": null, ""highlighted"": false}, {""price"": ""1.800"", ""arrow"": null, ""parenthetical"": null, ""highlighted"": false}]","[{""price"": ""1.847"", ""arrow"": ""\u2b07"", ""parenthetical"": ""1.854"", ""highlighted"": false}, {""price"": ""1.819"", ""arrow"": ""\u2b06"", ""parenthetical"": ""1.813"", ""highlighted"": false}]",4.0,DOWN,HOME,2.5,1.83,-2.5,1.83,,None (not equal lines),False,-2.0,AWAY,ACCEPT,,False,HIGH_DIRECTION_ONLY,,clear_sharp_side_signal,moved_too_far,True,HOME,REJECT,"bet_quality: UNFAVOURABLE (line UNFAVOURABLE, price NOT_COMPARABLE, EV NOT_AVAILABLE_UNEQUAL_LINES)",NO BET,REJECT,"bet_quality: UNFAVOURABLE (line UNFAVOURABLE, price NOT_COMPARABLE, EV NOT_AVAILABLE_UNEQUAL_LINES)",c9bc654b64da0e4905b848507a3938d5b76d410a495f26822d63e2acec07bdc0
108,1475314653,68061,2026-09-23T15:19:34.695+00:00,2026-09-23T15:19:34+00:00,INVALID,,True,basketball,Finland - Suomen Cup,Kipina Basket vs Kauhajoki Karhu Basket,TOTALS,170.5,170.5,,"[{""price"": ""1.806"", ""arrow"": null, ""parenthetical"": null, ""highlighted"": false}, {""price"": ""1.793"", ""arrow"": null, ""parenthetical"": null, ""highlighted"": false}]","[{""price"": ""1.781"", ""arrow"": ""\u2b07"", ""parenthetical"": ""1.869"", ""highlighted"": false}, {""price"": ""1.892"", ""arrow"": ""\u2b06"", ""parenthetical"": ""1.800"", ""highlighted"": false}]",0.0,UNCHANGED,,,,,,,None (not equal lines),,,OVER,ACCEPT,,,INSUFFICIENT,Unchanged opening/current line; price-only strategy not established,no_movement,insufficient_data,False,,AMBIGUOUS,No opening-to-current line movement; price-only target policy is unproven,AMBIGUOUS,AMBIGUOUS,No opening-to-current line movement; price-only target policy is unproven,efa2103fb799e1a7a6fbdfbe7b4b711c2e55658b5df652095bd8ccbf03c47bab
143,1475314653,68097,2026-09-23T15:57:03.614+00:00,2026-09-23T15:57:03+00:00,PARSED,,True,basketball,World - Intercontinental Cup,Atletico Boca Juniors vs NBA G League United,SPREAD,13,17,,"[{""price"": ""1.869"", ""arrow"": null, ""parenthetical"": null, ""highlighted"": false}, {""price"": ""1.869"", ""arrow"": null, ""parenthetical"": null, ""highlighted"": false}]","[{""price"": ""1.595"", ""arrow"": ""\u2b07"", ""parenthetical"": ""1.675"", ""highlighted"": false}, {""price"": ""2.210"", ""arrow"": ""\u2b06"", ""parenthetical"": ""2.080"", ""highlighted"": false}]",4,UP,AWAY,-17,1.83,17,1.83,HOME,108.13%,True,0,HOME,ACCEPT,STALE,False,HIGH_DIRECTION_ONLY,No supplied equal-line EV bound to the sharp side,clear_sharp_side_signal,no_proven_same_side_value,False,AWAY,REJECT,"bet_quality: UNFAVOURABLE (line EQUAL, price UNFAVOURABLE, EV SUPPLIED_FOR_OTHER_SIDE)",NO BET,REJECT,"bet_quality: UNFAVOURABLE (line EQUAL, price UNFAVOURABLE, EV SUPPLIED_FOR_OTHER_SIDE)",40c9941d066375dd4f259ed3c04982a9556eb7d0b3dce269b723bf75daa1ae6f
149,1475314653,68106,2026-09-23T16:21:31.378+00:00,2026-09-23T16:21:31+00:00,PARSED,,True,basketball,Denmark - Basketligaen,Randers Cimbria vs Svendborg Rabbits,SPREAD,-4.5,-4.5,,"[{""price"": ""1.900"", ""arrow"": null, ""parenthetical"": null, ""highlighted"": false}, {""price"": ""1.840"", ""arrow"": null, ""parenthetical"": null, ""highlighted"": false}]","[{""price"": ""1.724"", ""arrow"": ""\u2b07"", ""parenthetical"": ""1.854"", ""highlighted"": false}, {""price"": ""2.020"", ""arrow"": ""\u2b06"", ""parenthetical"": ""1.877"", ""highlighted"": false}]",0.0,UNCHANGED,,,,,,HOME,108.83%,,,HOME,ACCEPT,STALE,,INSUFFICIENT,Unchanged opening/current line; price-only strategy not established,no_movement,insufficient_data,False,,AMBIGUOUS,No opening-to-current line movement; price-only target policy is unproven,AMBIGUOUS,AMBIGUOUS,No opening-to-current line movement; price-only target policy is unproven,75131543a00d14705a257fe5b17a06cadab72ab16d088fa03307d73e50a6e2f7
163,1475314653,68121,2026-09-23T16:36:13.152+00:00,2026-09-23T16:36:13+00:00,PARSED,,True,basketball,World - Club Friendlies,Goyang Skygunners vs Seoul SK Knights,SPREAD,2.5,2.5,,"[{""price"": ""1.833"", ""arrow"": null, ""parenthetical"": null, ""highlighted"": false}, {""price"": ""1.833"", ""arrow"": null, ""parenthetical"": null, ""highlighted"": false}]","[{""price"": ""2.110"", ""arrow"": ""\u2b06"", ""parenthetical"": ""1.909"", ""highlighted"": false}, {""price"": ""1.598"", ""arrow"": ""\u2b07"", ""parenthetical"": ""1.763"", ""highlighted"": false}]",0.0,UNCHANGED,,,,,,AWAY,106.15%,,,AWAY,ACCEPT,SESSION_REQUIRED,,INSUFFICIENT,Unchanged opening/current line; price-only strategy not established,no_movement,insufficient_data,False,,AMBIGUOUS,No opening-to-current line movement; price-only target policy is unproven,AMBIGUOUS,AMBIGUOUS,No opening-to-current line movement; price-only target policy is unproven,a1849f200cf4cfaae40635b5a1217a21ff19d23714fe221075fa6dbbb86c308a
165,1475314653,68123,2026-09-23T16:38:12.289+00:00,2026-09-23T16:38:12+00:00,PARSED_PARTIAL,,True,basketball,Denmark - Basketligaen,BMS Herlev vs Gladsaxe BK,SPREAD,-6.5,3,,"[{""price"": ""1.869"", ""arrow"": null, ""parenthetical"": null, ""highlighted"": false}, {""price"": ""1.869"", ""arrow"": null, ""parenthetical"": null, ""highlighted"": false}]","[{""price"": ""1.980"", ""arrow"": ""\u2b06"", ""parenthetical"": ""1.833"", ""highlighted"": false}, {""price"": ""1.763"", ""arrow"": ""\u2b07"", ""parenthetical"": ""1.900"", ""highlighted"": false}]",9.5,UP,AWAY,1.5,1.74,-1.5,1.95,,None (not equal lines),False,4.5,AWAY,ACCEPT,,True,HIGH_DIRECTION_ONLY,Cross-book favourite disagreement; Bet365 orientation needs verification,clear_sharp_side_signal,ambiguous,False,,AMBIGUOUS,Pinnacle (3) and Bet365 (-1.5) favour different teams by 4.5 points: the Bet365 spread appears to have an unresolved sign reference; do not assume a perspective correction,AMBIGUOUS,AMBIGUOUS,Pinnacle (3) and Bet365 (-1.5) favour different teams by 4.5 points: the Bet365 spread appears to have an unresolved sign reference; do not assume a perspective correction,a235ec3807f0abda7609e8c5821c7c88aac6de447c5cb69049f7de3df7ab1cd9
168,1475314653,68126,2026-09-23T16:38:32.253+00:00,2026-09-23T16:38:32+00:00,PARSED_PARTIAL,,True,basketball,Denmark - Basketligaen,BMS Herlev vs Gladsaxe BK,SPREAD,-6.5,3.5,,"[{""price"": ""1.869"", ""arrow"": null, ""parenthetical"": null, ""highlighted"": false}, {""price"": ""1.869"", ""arrow"": null, ""parenthetical"": null, ""highlighted"": false}]","[{""price"": ""1.952"", ""arrow"": ""\u2b06"", ""parenthetical"": ""1.833"", ""highlighted"": false}, {""price"": ""1.787"", ""arrow"": ""\u2b07"", ""parenthetical"": ""1.909"", ""highlighted"": false}]",10.0,UP,AWAY,1.5,1.74,-1.5,1.95,,None (not equal lines),False,5.0,AWAY,ACCEPT,,True,HIGH_DIRECTION_ONLY,Cross-book favourite disagreement; Bet365 orientation needs verification,clear_sharp_side_signal,ambiguous,False,,AMBIGUOUS,Pinnacle (3.5) and Bet365 (-1.5) favour different teams by 5.0 points: the Bet365 spread appears to have an unresolved sign reference; do not assume a perspective correction,AMBIGUOUS,AMBIGUOUS,Pinnacle (3.5) and Bet365 (-1.5) favour different teams by 5.0 points: the Bet365 spread appears to have an unresolved sign reference; do not assume a perspective correction,f2207b49c633be197a73b5e116d3b5c751c0c82fb911f517b35a884444b208de
170,1475314653,68128,2026-09-23T16:39:04.225+00:00,2026-09-23T16:39:04+00:00,PARSED_PARTIAL,,True,basketball,Denmark - Basketligaen,BMS Herlev vs Gladsaxe BK,SPREAD,-6.5,3.5,,"[{""price"": ""1.869"", ""arrow"": null, ""parenthetical"": null, ""highlighted"": false}, {""price"": ""1.869"", ""arrow"": null, ""parenthetical"": null, ""highlighted"": false}]","[{""price"": ""1.925"", ""arrow"": ""\u2b06"", ""parenthetical"": ""1.884"", ""highlighted"": false}, {""price"": ""1.813"", ""arrow"": ""\u2b07"", ""parenthetical"": ""1.847"", ""highlighted"": false}]",10.0,UP,AWAY,1.5,1.74,-1.5,1.95,,None (not equal lines),False,5.0,AWAY,ACCEPT,,True,HIGH_DIRECTION_ONLY,Cross-book favourite disagreement; Bet365 orientation needs verification,clear_sharp_side_signal,ambiguous,False,,AMBIGUOUS,Pinnacle (3.5) and Bet365 (-1.5) favour different teams by 5.0 points: the Bet365 spread appears to have an unresolved sign reference; do not assume a perspective correction,AMBIGUOUS,AMBIGUOUS,Pinnacle (3.5) and Bet365 (-1.5) favour different teams by 5.0 points: the Bet365 spread appears to have an unresolved sign reference; do not assume a perspective correction,0e219da49bc5478e55d6bd1ef6cf8452ee7e02d71390411e481b19efedc50b0e
172,1475314653,68130,2026-09-23T16:39:13.407+00:00,2026-09-23T16:39:13+00:00,PARSED_PARTIAL,,True,basketball,Denmark - Basketligaen,BMS Herlev vs Gladsaxe BK,SPREAD,-6.5,3.5,,"[{""price"": ""1.869"", ""arrow"": null, ""parenthetical"": null, ""highlighted"": false}, {""price"": ""1.869"", ""arrow"": null, ""parenthetical"": null, ""highlighted"": false}]","[{""price"": ""2.020"", ""arrow"": ""\u2b06"", ""parenthetical"": ""1.900"", ""highlighted"": false}, {""price"": ""1.729"", ""arrow"": ""\u2b07"", ""parenthetical"": ""1.833"", ""highlighted"": false}]",10.0,UP,AWAY,1.5,1.74,-1.5,1.95,,None (not equal lines),False,5.0,AWAY,ACCEPT,,True,HIGH_DIRECTION_ONLY,Cross-book favourite disagreement; Bet365 orientation needs verification,clear_sharp_side_signal,ambiguous,False,,AMBIGUOUS,Pinnacle (3.5) and Bet365 (-1.5) favour different teams by 5.0 points: the Bet365 spread appears to have an unresolved sign reference; do not assume a perspective correction,AMBIGUOUS,AMBIGUOUS,Pinnacle (3.5) and Bet365 (-1.5) favour different teams by 5.0 points: the Bet365 spread appears to have an unresolved sign reference; do not assume a perspective correction,439fbd0f9cf0296f890edec46e7f9ba95e00e7fe880e64220aaa54fffb992d0d
173,1475314653,68131,2026-09-23T16:39:55.720+00:00,2026-09-23T16:39:55+00:00,PARSED_PARTIAL,,True,basketball,Denmark - Basketligaen,BMS Herlev vs Gladsaxe BK,SPREAD,-6.5,4,,"[{""price"": ""1.869"", ""arrow"": null, ""parenthetical"": null, ""highlighted"": false}, {""price"": ""1.869"", ""arrow"": null, ""parenthetical"": null, ""highlighted"": false}]","[{""price"": ""1.869"", ""arrow"": ""\u2b06"", ""parenthetical"": ""1.840"", ""highlighted"": false}, {""price"": ""1.869"", ""arrow"": ""\u2b07"", ""parenthetical"": ""1.900"", ""highlighted"": false}]",10.5,UP,AWAY,1.5,1.74,-1.5,1.95,,None (not equal lines),False,5.5,AWAY,ACCEPT,,True,HIGH_DIRECTION_ONLY,Cross-book favourite disagreement; Bet365 orientation needs verification,clear_sharp_side_signal,ambiguous,False,,AMBIGUOUS,Pinnacle (4) and Bet365 (-1.5) favour different teams by 5.5 points: the Bet365 spread appears to have an unresolved sign reference; do not assume a perspective correction,AMBIGUOUS,AMBIGUOUS,Pinnacle (4) and Bet365 (-1.5) favour different teams by 5.5 points: the Bet365 spread appears to have an unresolved sign reference; do not assume a perspective correction,4852f9fc756e384c84cff47a54dcdd39c5769ccc848a212c2fcc66abeebbbf20
174,1475314653,68132,2026-09-23T16:44:12.773+00:00,2026-09-23T16:44:12+00:00,PARSED,,True,basketball,World - Club Friendlies,Goyang Skygunners vs Seoul SK Knights,SPREAD,2.5,2.5,,"[{""price"": ""1.833"", ""arrow"": null, ""parenthetical"": null, ""highlighted"": false}, {""price"": ""1.833"", ""arrow"": null, ""parenthetical"": null, ""highlighted"": false}]","[{""price"": ""2.200"", ""arrow"": ""\u2b06"", ""parenthetical"": ""2.110"", ""highlighted"": false}, {""price"": ""1.549"", ""arrow"": ""\u2b07"", ""parenthetical"": ""1.598"", ""highlighted"": false}]",0.0,UNCHANGED,,,,,,AWAY,109.94%,,,AWAY,ACCEPT,SESSION_REQUIRED,,INSUFFICIENT,Unchanged opening/current line; price-only strategy not established,no_movement,insufficient_data,False,,AMBIGUOUS,No opening-to-current line movement; price-only target policy is unproven,AMBIGUOUS,AMBIGUOUS,No opening-to-current line movement; price-only target policy is unproven,de72c4399ee87771eeaf90baff94bebdbfcd7bcf077957af42003219b9b08dbc
178,1475314653,68136,2026-09-23T16:55:55.617+00:00,2026-09-23T16:55:55+00:00,PARSED,,True,basketball,Israel - League Cup,Hapoel Haemek vs Elitzur Kiryat Atta,SPREAD,-1,-13.5,,"[{""price"": ""1.806"", ""arrow"": null, ""parenthetical"": null, ""highlighted"": false}, {""price"": ""1.854"", ""arrow"": null, ""parenthetical"": null, ""highlighted"": false}]","[{""price"": ""2.170"", ""arrow"": ""\u2b06"", ""parenthetical"": ""2.090"", ""highlighted"": false}, {""price"": ""1.621"", ""arrow"": ""\u2b07"", ""parenthetical"": ""1.671"", ""highlighted"": false}]",12.5,DOWN,HOME,-13.5,1.83,13.5,1.83,AWAY,106.36%,True,0.0,AWAY,ACCEPT,STALE,False,HIGH_DIRECTION_ONLY,No supplied equal-line EV bound to the sharp side,clear_sharp_side_signal,no_proven_same_side_value,False,HOME,REJECT,"bet_quality: UNFAVOURABLE (line EQUAL, price UNFAVOURABLE, EV SUPPLIED_FOR_OTHER_SIDE)",NO BET,REJECT,"bet_quality: UNFAVOURABLE (line EQUAL, price UNFAVOURABLE, EV SUPPLIED_FOR_OTHER_SIDE)",3d83fc1747ef7c7b9cc416814f8ee2e223080bf0129ba7e0c01d27b7a08d761f
186,1475314653,68144,2026-09-23T17:12:29.992+00:00,2026-09-23T17:12:30+00:00,PARSED,,True,basketball,Europe - Eurocup Qualification Women,AEO Proteas Voulas vs Elitzur Ramla,SPREAD,17,14,,"[{""price"": ""1.793"", ""arrow"": null, ""parenthetical"": null, ""highlighted"": false}, {""price"": ""1.869"", ""arrow"": null, ""parenthetical"": null, ""highlighted"": false}]","[{""price"": ""2.220"", ""arrow"": ""\u2b06"", ""parenthetical"": ""1.806"", ""highlighted"": false}, {""price"": ""1.591"", ""arrow"": ""\u2b07"", ""parenthetical"": ""1.925"", ""highlighted"": false}]",3,DOWN,HOME,14,1.83,-14,1.83,AWAY,108.47%,True,0,AWAY,ACCEPT,STALE,False,HIGH_DIRECTION_ONLY,No supplied equal-line EV bound to the sharp side,clear_sharp_side_signal,no_proven_same_side_value,False,HOME,REJECT,"bet_quality: UNFAVOURABLE (line EQUAL, price UNFAVOURABLE, EV SUPPLIED_FOR_OTHER_SIDE)",NO BET,REJECT,"bet_quality: UNFAVOURABLE (line EQUAL, price UNFAVOURABLE, EV SUPPLIED_FOR_OTHER_SIDE)",52923d2c5c0520992d9ec80026185b77f1693ea2b312f42b51dbb6d183c923c1
187,1475314653,68145,2026-09-23T17:12:53.993+00:00,2026-09-23T17:12:54+00:00,PARSED,,True,basketball,World - Intercontinental Cup,Atletico Boca Juniors vs NBA G League United,SPREAD,13,15.5,,"[{""price"": ""1.869"", ""arrow"": null, ""parenthetical"": null, ""highlighted"": false}, {""price"": ""1.869"", ""arrow"": null, ""parenthetical"": null, ""highlighted"": false}]","[{""price"": ""1.598"", ""arrow"": ""\u2b07"", ""parenthetical"": ""1.657"", ""highlighted"": false}, {""price"": ""2.200"", ""arrow"": ""\u2b06"", ""parenthetical"": ""2.110"", ""highlighted"": false}]",2.5,UP,AWAY,-15.5,1.83,15.5,1.83,HOME,107.83%,True,0.0,HOME,ACCEPT,UNKNOWN,False,HIGH_DIRECTION_ONLY,No supplied equal-line EV bound to the sharp side,clear_sharp_side_signal,no_proven_same_side_value,False,AWAY,REJECT,"bet_quality: UNFAVOURABLE (line EQUAL, price UNFAVOURABLE, EV SUPPLIED_FOR_OTHER_SIDE)",NO BET,REJECT,"bet_quality: UNFAVOURABLE (line EQUAL, price UNFAVOURABLE, EV SUPPLIED_FOR_OTHER_SIDE)",00658299b00fa5a9920dd6de101935b1a5e3449101b0a6d45ae79e7e35995a27
189,1475314653,68147,2026-09-23T17:29:25.168+00:00,2026-09-23T17:29:25+00:00,PARSED_PARTIAL,,True,basketball,Uruguay - Liga Femenina,Malvin vs Defensor Sporting,TOTALS,128,126.5,,"[{""price"": ""1.847"", ""arrow"": null, ""parenthetical"": null, ""highlighted"": false}, {""price"": ""1.819"", ""arrow"": null, ""parenthetical"": null, ""highlighted"": false}]","[{""price"": ""1.819"", ""arrow"": ""\u2b07"", ""parenthetical"": ""1.854"", ""highlighted"": false}, {""price"": ""1.847"", ""arrow"": ""\u2b06"", ""parenthetical"": ""1.813"", ""highlighted"": false}]",1.5,DOWN,UNDER,123.5,1.83,123.5,1.83,,None (not equal lines),False,-3.0,OVER,ACCEPT,,False,HIGH_DIRECTION_ONLY,,clear_sharp_side_signal,moved_too_far,False,UNDER,REJECT,"bet_quality: UNFAVOURABLE (line UNFAVOURABLE, price NOT_COMPARABLE, EV NOT_AVAILABLE_UNEQUAL_LINES)",NO BET,REJECT,"bet_quality: UNFAVOURABLE (line UNFAVOURABLE, price NOT_COMPARABLE, EV NOT_AVAILABLE_UNEQUAL_LINES)",ee004d04d72d6fcfd3dcaa7c42e2a7fbf85e7458d34b5e4dd46d4bc1d5bcf1aa
190,1475314653,68148,2026-09-23T17:29:29.343+00:00,2026-09-23T17:29:29+00:00,PARSED_PARTIAL,,True,basketball,Uruguay - Liga Femenina,Malvin vs Defensor Sporting,TOTALS,128,126.5,,"[{""price"": ""1.847"", ""arrow"": null, ""parenthetical"": null, ""highlighted"": false}, {""price"": ""1.819"", ""arrow"": null, ""parenthetical"": null, ""highlighted"": false}]","[{""price"": ""1.781"", ""arrow"": ""\u2b07"", ""parenthetical"": ""1.819"", ""highlighted"": false}, {""price"": ""1.892"", ""arrow"": ""\u2b06"", ""parenthetical"": ""1.847"", ""highlighted"": false}]",1.5,DOWN,UNDER,123.5,1.83,123.5,1.83,,None (not equal lines),False,-3.0,OVER,ACCEPT,,False,HIGH_DIRECTION_ONLY,,clear_sharp_side_signal,moved_too_far,False,UNDER,REJECT,"bet_quality: UNFAVOURABLE (line UNFAVOURABLE, price NOT_COMPARABLE, EV NOT_AVAILABLE_UNEQUAL_LINES)",NO BET,REJECT,"bet_quality: UNFAVOURABLE (line UNFAVOURABLE, price NOT_COMPARABLE, EV NOT_AVAILABLE_UNEQUAL_LINES)",6c7535a147baaa5ceb437f636b9260262991aad1512d24a10ab5f04cf9ed3b38
191,1475314653,68149,2026-09-23T17:29:42.193+00:00,2026-09-23T17:29:42+00:00,PARSED_PARTIAL,,True,basketball,Uruguay - Liga Femenina,Malvin vs Defensor Sporting,TOTALS,128,127,,"[{""price"": ""1.847"", ""arrow"": null, ""parenthetical"": null, ""highlighted"": false}, {""price"": ""1.819"", ""arrow"": null, ""parenthetical"": null, ""highlighted"": false}]","[{""price"": ""1.800"", ""arrow"": ""\u2b07"", ""parenthetical"": ""1.833"", ""highlighted"": false}, {""price"": ""1.869"", ""arrow"": ""\u2b06"", ""parenthetical"": ""1.833"", ""highlighted"": false}]",1,DOWN,UNDER,123.5,1.83,123.5,1.83,,None (not equal lines),False,-3.5,OVER,ACCEPT,,False,HIGH_DIRECTION_ONLY,,clear_sharp_side_signal,moved_too_far,False,UNDER,REJECT,"bet_quality: UNFAVOURABLE (line UNFAVOURABLE, price NOT_COMPARABLE, EV NOT_AVAILABLE_UNEQUAL_LINES)",NO BET,REJECT,"bet_quality: UNFAVOURABLE (line UNFAVOURABLE, price NOT_COMPARABLE, EV NOT_AVAILABLE_UNEQUAL_LINES)",3411243136e6fbabfeca156c7d4c9099487a53dc5728cbbe4980268e4bb1de02
192,1475314653,68150,2026-09-23T17:29:58.325+00:00,2026-09-23T17:29:58+00:00,PARSED_PARTIAL,,True,basketball,Uruguay - Liga Femenina,Malvin vs Defensor Sporting,TOTALS,128,127.5,,"[{""price"": ""1.847"", ""arrow"": null, ""parenthetical"": null, ""highlighted"": false}, {""price"": ""1.819"", ""arrow"": null, ""parenthetical"": null, ""highlighted"": false}]","[{""price"": ""1.781"", ""arrow"": ""\u2b07"", ""parenthetical"": ""1.854"", ""highlighted"": false}, {""price"": ""1.892"", ""arrow"": ""\u2b06"", ""parenthetical"": ""1.813"", ""highlighted"": false}]",0.5,DOWN,UNDER,123.5,1.83,123.5,1.83,,None (not equal lines),False,-4.0,OVER,ACCEPT,,False,HIGH_DIRECTION_ONLY,,clear_sharp_side_signal,moved_too_far,False,UNDER,REJECT,"bet_quality: UNFAVOURABLE (line UNFAVOURABLE, price NOT_COMPARABLE, EV NOT_AVAILABLE_UNEQUAL_LINES)",NO BET,REJECT,"bet_quality: UNFAVOURABLE (line UNFAVOURABLE, price NOT_COMPARABLE, EV NOT_AVAILABLE_UNEQUAL_LINES)",88b201dc63d701d17b0e43d51ca643b4c954c2b97a741ac4b94ff1cb62dcae88
193,1475314653,68153,2026-09-23T17:31:01.447+00:00,2026-09-23T17:31:01+00:00,PARSED_PARTIAL,,True,basketball,Uruguay - Liga Femenina,Malvin vs Defensor Sporting,TOTALS,128,128,,"[{""price"": ""1.847"", ""arrow"": null, ""parenthetical"": null, ""highlighted"": false}, {""price"": ""1.819"", ""arrow"": null, ""parenthetical"": null, ""highlighted"": false}]","[{""price"": ""1.729"", ""arrow"": ""\u2b07"", ""parenthetical"": ""1.833"", ""highlighted"": false}, {""price"": ""1.943"", ""arrow"": ""\u2b06"", ""parenthetical"": ""1.833"", ""highlighted"": false}]",0,UNCHANGED,,,,,,,None (not equal lines),,,OVER,ACCEPT,,,INSUFFICIENT,Unchanged opening/current line; price-only strategy not established,no_movement,insufficient_data,False,,AMBIGUOUS,No opening-to-current line movement; price-only target policy is unproven,AMBIGUOUS,AMBIGUOUS,No opening-to-current line movement; price-only target policy is unproven,a5fa4ed2789cb01d314b9340fd8f0057dace3c583c24cb01ac144f40fa401d88
196,1475314653,68156,2026-09-23T17:35:23.359+00:00,2026-09-23T17:35:23+00:00,PARSED,,True,basketball,Israel - League Cup,Hapoel Haemek vs Elitzur Kiryat Atta,SPREAD,-1,-13.5,,"[{""price"": ""1.806"", ""arrow"": null, ""parenthetical"": null, ""highlighted"": false}, {""price"": ""1.854"", ""arrow"": null, ""parenthetical"": null, ""highlighted"": false}]","[{""price"": ""2.220"", ""arrow"": ""\u2b06"", ""parenthetical"": ""2.140"", ""highlighted"": false}, {""price"": ""1.591"", ""arrow"": ""\u2b07"", ""parenthetical"": ""1.636"", ""highlighted"": false}]",12.5,DOWN,HOME,-13.5,1.83,13.5,1.83,AWAY,108.47%,True,0.0,AWAY,ACCEPT,STALE,False,HIGH_DIRECTION_ONLY,No supplied equal-line EV bound to the sharp side,clear_sharp_side_signal,no_proven_same_side_value,False,HOME,REJECT,"bet_quality: UNFAVOURABLE (line EQUAL, price UNFAVOURABLE, EV SUPPLIED_FOR_OTHER_SIDE)",NO BET,REJECT,"bet_quality: UNFAVOURABLE (line EQUAL, price UNFAVOURABLE, EV SUPPLIED_FOR_OTHER_SIDE)",31648efcba9b7f578f53d64b207bc2c8f1a4a6725287a2e60cb32e6f2af7d408
197,1475314653,68157,2026-09-23T17:36:21.289+00:00,2026-09-23T17:36:21+00:00,PARSED,,True,basketball,Israel - League Cup,Hapoel Haemek vs Elitzur Kiryat Atta,SPREAD,-1,-13.5,,"[{""price"": ""1.806"", ""arrow"": null, ""parenthetical"": null, ""highlighted"": false}, {""price"": ""1.854"", ""arrow"": null, ""parenthetical"": null, ""highlighted"": false}]","[{""price"": ""2.300"", ""arrow"": ""\u2b06"", ""parenthetical"": ""2.220"", ""highlighted"": false}, {""price"": ""1.546"", ""arrow"": ""\u2b07"", ""parenthetical"": ""1.591"", ""highlighted"": false}]",12.5,DOWN,HOME,-13.5,1.95,13.5,1.74,AWAY,106.24%,True,0.0,AWAY,ACCEPT,STALE,False,HIGH_DIRECTION_ONLY,No supplied equal-line EV bound to the sharp side,clear_sharp_side_signal,no_proven_same_side_value,False,HOME,REJECT,"bet_quality: UNFAVOURABLE (line EQUAL, price UNFAVOURABLE, EV SUPPLIED_FOR_OTHER_SIDE)",NO BET,REJECT,"bet_quality: UNFAVOURABLE (line EQUAL, price UNFAVOURABLE, EV SUPPLIED_FOR_OTHER_SIDE)",25b20ee0f664bafcbcd7665a2d0bc2a1975fcf7269a5d398e4ca3e1f60912a88
200,1475314653,68160,2026-09-23T18:09:22.188+00:00,2026-09-23T18:09:22+00:00,PARSED,,True,basketball,Germany - Bundesliga,Riesen Ludwigsburg vs Rostock Seawolves,TOTALS,168.5,168.5,,"[{""price"": ""1.900"", ""arrow"": null, ""parenthetical"": null, ""highlighted"": false}, {""price"": ""1.900"", ""arrow"": null, ""parenthetical"": null, ""highlighted"": false}]","[{""price"": ""2.010"", ""arrow"": ""\u2b06"", ""parenthetical"": ""1.925"", ""highlighted"": false}, {""price"": ""1.800"", ""arrow"": ""\u2b07"", ""parenthetical"": ""1.877"", ""highlighted"": false}]",0.0,UNCHANGED,,,,,,UNDER,108.61%,,,UNDER,ACCEPT,STALE,,INSUFFICIENT,Unchanged opening/current line; price-only strategy not established,no_movement,insufficient_data,False,,AMBIGUOUS,No opening-to-current line movement; price-only target policy is unproven,AMBIGUOUS,AMBIGUOUS,No opening-to-current line movement; price-only target policy is unproven,c2247a846c82e7610a2024927b6c66efe9aa870d212ff3e280aa0f2a2c1ae1e4
205,1475314653,68167,2026-09-23T18:33:05.993+00:00,2026-09-23T18:33:06+00:00,PARSED,,True,basketball,Europe - Eurocup Qualification Women,Geneva Elite Basket vs Saarlouis Royals,SPREAD,15.5,15.5,,"[{""price"": ""1.833"", ""arrow"": null, ""parenthetical"": null, ""highlighted"": false}, {""price"": ""1.833"", ""arrow"": null, ""parenthetical"": null, ""highlighted"": false}]","[{""price"": ""2.130"", ""arrow"": ""\u2b06"", ""parenthetical"": ""2.090"", ""highlighted"": false}, {""price"": ""1.588"", ""arrow"": ""\u2b07"", ""parenthetical"": ""1.617"", ""highlighted"": false}]",0.0,UNCHANGED,,,,,,AWAY,106.95%,,,AWAY,ACCEPT,STALE,,INSUFFICIENT,Unchanged opening/current line; price-only strategy not established,no_movement,insufficient_data,False,,AMBIGUOUS,No opening-to-current line movement; price-only target policy is unproven,AMBIGUOUS,AMBIGUOUS,No opening-to-current line movement; price-only target policy is unproven,1fbce30f7706daa4d093f8721eba56a593f3064f30b1c913f7484f1e5fc8a0cb
208,1475314653,68170,2026-09-23T18:52:16.328+00:00,2026-09-23T18:52:16+00:00,PARSED,,True,basketball,Europe - Eurocup Qualification Women,BC Beroe vs Ferrol,SPREAD,6.5,6.5,,"[{""price"": ""1.833"", ""arrow"": null, ""parenthetical"": null, ""highlighted"": false}, {""price"": ""1.833"", ""arrow"": null, ""parenthetical"": null, ""highlighted"": false}]","[{""price"": ""2.170"", ""arrow"": ""\u2b06"", ""parenthetical"": ""1.833"", ""highlighted"": false}, {""price"": ""1.561"", ""arrow"": ""\u2b07"", ""parenthetical"": ""1.833"", ""highlighted"": false}]",0.0,UNCHANGED,,,,,,AWAY,108.86%,,,AWAY,ACCEPT,STALE,,INSUFFICIENT,Unchanged opening/current line; price-only strategy not established,no_movement,insufficient_data,False,,AMBIGUOUS,No opening-to-current line movement; price-only target policy is unproven,AMBIGUOUS,AMBIGUOUS,No opening-to-current line movement; price-only target policy is unproven,fe873e5a6177cac095e38e7e5a6d1d3ce3340ece01e5be7bd1f596db53241934
210,1475314653,68172,2026-09-23T18:54:17.243+00:00,2026-09-23T18:54:17+00:00,DUPLICATE,,True,basketball,Europe - Eurocup Qualification Women,BC Beroe vs Ferrol,SPREAD,6.5,6.5,,"[{""price"": ""1.833"", ""arrow"": null, ""parenthetical"": null, ""highlighted"": false}, {""price"": ""1.833"", ""arrow"": null, ""parenthetical"": null, ""highlighted"": false}]","[{""price"": ""2.230"", ""arrow"": ""\u2b06"", ""parenthetical"": ""2.170"", ""highlighted"": false}, {""price"": ""1.531"", ""arrow"": ""\u2b07"", ""parenthetical"": ""1.561"", ""highlighted"": false}]",0.0,UNCHANGED,,,,,,AWAY,111.28%,,,AWAY,ACCEPT,,,INSUFFICIENT,Unchanged opening/current line; price-only strategy not established,no_movement,insufficient_data,False,,AMBIGUOUS,No opening-to-current line movement; price-only target policy is unproven,AMBIGUOUS,AMBIGUOUS,No opening-to-current line movement; price-only target policy is unproven,9ce73915ac6d642aa9e6366b8aa92ed11f00a3305a02d315dd6fa8274f9f8d7c
211,1475314653,68173,2026-09-23T18:54:20.196+00:00,2026-09-23T18:54:20+00:00,DUPLICATE,,True,basketball,Europe - Eurocup Qualification Women,BC Beroe vs Ferrol,SPREAD,6.5,6.5,,"[{""price"": ""1.833"", ""arrow"": null, ""parenthetical"": null, ""highlighted"": false}, {""price"": ""1.833"", ""arrow"": null, ""parenthetical"": null, ""highlighted"": false}]","[{""price"": ""2.260"", ""arrow"": ""\u2b06"", ""parenthetical"": ""2.230"", ""highlighted"": false}, {""price"": ""1.512"", ""arrow"": ""\u2b07"", ""parenthetical"": ""1.531"", ""highlighted"": false}]",0.0,UNCHANGED,,,,,,AWAY,112.68%,,,AWAY,ACCEPT,,,INSUFFICIENT,Unchanged opening/current line; price-only strategy not established,no_movement,insufficient_data,False,,AMBIGUOUS,No opening-to-current line movement; price-only target policy is unproven,AMBIGUOUS,AMBIGUOUS,No opening-to-current line movement; price-only target policy is unproven,39389d8f6755c5483028d7b3ba977fb1ed75bfdb157a1d98892a8a10b7d6a27c
212,1475314653,68174,2026-09-23T18:54:26.162+00:00,2026-09-23T18:54:26+00:00,DUPLICATE,,True,basketball,Europe - Eurocup Qualification Women,BC Beroe vs Ferrol,SPREAD,6.5,6.5,,"[{""price"": ""1.833"", ""arrow"": null, ""parenthetical"": null, ""highlighted"": false}, {""price"": ""1.833"", ""arrow"": null, ""parenthetical"": null, ""highlighted"": false}]","[{""price"": ""2.330"", ""arrow"": ""\u2b06"", ""parenthetical"": ""2.260"", ""highlighted"": false}, {""price"": ""1.483"", ""arrow"": ""\u2b07"", ""parenthetical"": ""1.512"", ""highlighted"": false}]",0.0,UNCHANGED,,,,,,AWAY,115.22%,,,AWAY,ACCEPT,,,INSUFFICIENT,Unchanged opening/current line; price-only strategy not established,no_movement,insufficient_data,False,,AMBIGUOUS,No opening-to-current line movement; price-only target policy is unproven,AMBIGUOUS,AMBIGUOUS,No opening-to-current line movement; price-only target policy is unproven,7eecab803275310f0bee092c18ebbcf0ef103f0bfdd8183de04c50f8894975b5
215,1475314653,68177,2026-09-23T19:07:43.518+00:00,2026-09-23T19:07:43+00:00,PARSED,,True,basketball,World - Intercontinental Cup,Rytas Vilnius vs Shanghai Sharks,SPREAD,-17.5,-18.5,,"[{""price"": ""1.869"", ""arrow"": null, ""parenthetical"": null, ""highlighted"": false}, {""price"": ""1.869"", ""arrow"": null, ""parenthetical"": null, ""highlighted"": false}]","[{""price"": ""1.990"", ""arrow"": ""\u2b06"", ""parenthetical"": ""1.862"", ""highlighted"": false}, {""price"": ""1.746"", ""arrow"": ""\u2b07"", ""parenthetical"": ""1.877"", ""highlighted"": false}]",1.0,DOWN,HOME,-18.5,1.71,18.5,2.00,AWAY,107.29%,True,0.0,AWAY,ACCEPT,SESSION_REQUIRED,False,HIGH_DIRECTION_ONLY,No supplied equal-line EV bound to the sharp side,clear_sharp_side_signal,no_proven_same_side_value,False,HOME,REJECT,"bet_quality: UNFAVOURABLE (line EQUAL, price UNFAVOURABLE, EV SUPPLIED_FOR_OTHER_SIDE)",NO BET,REJECT,"bet_quality: UNFAVOURABLE (line EQUAL, price UNFAVOURABLE, EV SUPPLIED_FOR_OTHER_SIDE)",c577e6f5b935aa87872e42aaad2ae76610fbf54143ed1414ebe354c1c7e48c6e
217,1475314653,68179,2026-09-23T19:23:45.036+00:00,2026-09-23T19:23:45+00:00,PARSED,,True,basketball,Europe - Eurocup Qualification Women,BC Beroe vs Ferrol,SPREAD,6.5,10.5,,"[{""price"": ""1.833"", ""arrow"": null, ""parenthetical"": null, ""highlighted"": false}, {""price"": ""1.833"", ""arrow"": null, ""parenthetical"": null, ""highlighted"": false}]","[{""price"": ""1.505"", ""arrow"": ""\u2b07"", ""parenthetical"": ""1.800"", ""highlighted"": false}, {""price"": ""2.280"", ""arrow"": ""\u2b06"", ""parenthetical"": ""1.869"", ""highlighted"": false}]",4.0,UP,AWAY,-10.5,1.83,10.5,1.83,HOME,113.34%,True,0.0,HOME,ACCEPT,UNKNOWN,False,HIGH_DIRECTION_ONLY,No supplied equal-line EV bound to the sharp side,clear_sharp_side_signal,no_proven_same_side_value,False,AWAY,REJECT,"bet_quality: UNFAVOURABLE (line EQUAL, price UNFAVOURABLE, EV SUPPLIED_FOR_OTHER_SIDE)",NO BET,REJECT,"bet_quality: UNFAVOURABLE (line EQUAL, price UNFAVOURABLE, EV SUPPLIED_FOR_OTHER_SIDE)",c984dbcc5b9fd7f56dfac55b416bd15f124836d633440f402d68497a4f3c3ebd
240,1475314653,68202,2026-09-23T19:55:05.305+00:00,2026-09-23T19:55:05+00:00,PARSED,,True,basketball,World - Intercontinental Cup,Atletico Boca Juniors vs NBA G League United,SPREAD,13,13,,"[{""price"": ""1.869"", ""arrow"": null, ""parenthetical"": null, ""highlighted"": false}, {""price"": ""1.869"", ""arrow"": null, ""parenthetical"": null, ""highlighted"": false}]","[{""price"": ""1.757"", ""arrow"": ""\u2b07"", ""parenthetical"": ""1.869"", ""highlighted"": false}, {""price"": ""1.980"", ""arrow"": ""\u2b06"", ""parenthetical"": ""1.862"", ""highlighted"": false}]",0,UNCHANGED,,,,,,HOME,109.32%,,,HOME,ACCEPT,STALE,,INSUFFICIENT,Unchanged opening/current line; price-only strategy not established,no_movement,insufficient_data,False,,AMBIGUOUS,No opening-to-current line movement; price-only target policy is unproven,AMBIGUOUS,AMBIGUOUS,No opening-to-current line movement; price-only target policy is unproven,aa2203fd5718a4a7162d96b6c19341deef8d082760a9f54134e0d57680b98ded
242,1475314653,68204,2026-09-23T19:58:05.441+00:00,2026-09-23T19:58:05+00:00,PARSED_PARTIAL,,True,basketball,Chile - LNB,CD Castro vs CSD Colo Colo,SPREAD,4.5,-1,1,"[{""price"": ""1.854"", ""arrow"": null, ""parenthetical"": null, ""highlighted"": false}, {""price"": ""1.746"", ""arrow"": null, ""parenthetical"": null, ""highlighted"": false}]","[{""price"": ""1.787"", ""arrow"": ""\u2b07"", ""parenthetical"": ""1.813"", ""highlighted"": false}, {""price"": ""1.813"", ""arrow"": ""\u2b06"", ""parenthetical"": ""1.787"", ""highlighted"": false}]",5.5,DOWN,HOME,3.5,1.83,-3.5,1.83,,None (not equal lines),False,4.5,HOME,ACCEPT,,True,HIGH_DIRECTION_ONLY,Cross-book favourite disagreement; Bet365 orientation needs verification,clear_sharp_side_signal,ambiguous,False,,AMBIGUOUS,Pinnacle (-1) and Bet365 (3.5) favour different teams by 4.5 points: the Bet365 spread appears to have an unresolved sign reference; do not assume a perspective correction,AMBIGUOUS,AMBIGUOUS,Pinnacle (-1) and Bet365 (3.5) favour different teams by 4.5 points: the Bet365 spread appears to have an unresolved sign reference; do not assume a perspective correction,a6fcd1b622f6dcd74f88093ce42cf0f0e7d7b5631a4e6cead3f0e7ae469f11bb
244,1475314653,68206,2026-09-23T19:58:40.429+00:00,2026-09-23T19:58:40+00:00,PARSED_PARTIAL,,True,basketball,Chile - LNB,CD Universidad De Concepcion vs CD Atletico Puerto Varas,SPREAD,-15.5,-22.5,-24.5,"[{""price"": ""1.869"", ""arrow"": null, ""parenthetical"": null, ""highlighted"": false}, {""price"": ""1.735"", ""arrow"": null, ""parenthetical"": null, ""highlighted"": false}]","[{""price"": ""1.819"", ""arrow"": ""\u2b07"", ""parenthetical"": ""1.917"", ""highlighted"": false}, {""price"": ""1.847"", ""arrow"": ""\u2b06"", ""parenthetical"": ""1.757"", ""highlighted"": false}]",7.0,DOWN,HOME,-25.5,1.83,25.5,1.83,,None (not equal lines),False,-3.0,AWAY,ACCEPT,,False,HIGH_DIRECTION_ONLY,,clear_sharp_side_signal,moved_too_far,True,HOME,REJECT,"bet_quality: UNFAVOURABLE (line UNFAVOURABLE, price NOT_COMPARABLE, EV NOT_AVAILABLE_UNEQUAL_LINES)",NO BET,REJECT,"bet_quality: UNFAVOURABLE (line UNFAVOURABLE, price NOT_COMPARABLE, EV NOT_AVAILABLE_UNEQUAL_LINES)",f3289dbbf06d55d7844c133df6d3f449f3ba58ad2521214336eb05e101eed806
254,1475314653,68216,2026-09-23T20:04:51.709+00:00,2026-09-23T20:04:51+00:00,PARSED,,True,basketball,Europe - Eurocup Qualification Women,Chartres vs Levharti Chomutov,SPREAD,-14.5,-14.5,,"[{""price"": ""1.826"", ""arrow"": null, ""parenthetical"": null, ""highlighted"": false}, {""price"": ""1.840"", ""arrow"": null, ""parenthetical"": null, ""highlighted"": false}]","[{""price"": ""1.549"", ""arrow"": ""\u2b07"", ""parenthetical"": ""1.740"", ""highlighted"": false}, {""price"": ""2.190"", ""arrow"": ""\u2b06"", ""parenthetical"": ""1.925"", ""highlighted"": false}]",0.0,UNCHANGED,,,,,,HOME,109.76%,,,HOME,ACCEPT,STALE,,INSUFFICIENT,Unchanged opening/current line; price-only strategy not established,no_movement,insufficient_data,False,,AMBIGUOUS,No opening-to-current line movement; price-only target policy is unproven,AMBIGUOUS,AMBIGUOUS,No opening-to-current line movement; price-only target policy is unproven,c4bfde2b964d931bd10723f9f16222452d7c8e339e1beee5f9d82e46f23f369b
257,1475314653,68219,2026-09-23T20:08:38.844+00:00,2026-09-23T20:08:38+00:00,PARSED,,True,basketball,Europe - Eurocup Qualification Women,Geneva Elite Basket vs Saarlouis Royals,SPREAD,15.5,24.5,,"[{""price"": ""1.833"", ""arrow"": null, ""parenthetical"": null, ""highlighted"": false}, {""price"": ""1.833"", ""arrow"": null, ""parenthetical"": null, ""highlighted"": false}]","[{""price"": ""1.537"", ""arrow"": ""\u2b07"", ""parenthetical"": ""1.621"", ""highlighted"": false}, {""price"": ""2.220"", ""arrow"": ""\u2b06"", ""parenthetical"": ""2.080"", ""highlighted"": false}]",9.0,UP,AWAY,-24.5,1.83,24.5,1.83,HOME,110.83%,True,0.0,HOME,ACCEPT,STALE,False,HIGH_DIRECTION_ONLY,No supplied equal-line EV bound to the sharp side,clear_sharp_side_signal,no_proven_same_side_value,False,AWAY,REJECT,"bet_quality: UNFAVOURABLE (line EQUAL, price UNFAVOURABLE, EV SUPPLIED_FOR_OTHER_SIDE)",NO BET,REJECT,"bet_quality: UNFAVOURABLE (line EQUAL, price UNFAVOURABLE, EV SUPPLIED_FOR_OTHER_SIDE)",053d0c37e7d353be84ff28242e7a50e849970adeaefa95a62f99a3c5e529d7d9
258,1475314653,68220,2026-09-23T20:12:12.938+00:00,2026-09-23T20:12:12+00:00,PARSED_PARTIAL,,True,basketball,Chile - LNB,CD Universidad De Concepcion vs CD Atletico Puerto Varas,SPREAD,-15.5,-23,-22.5,"[{""price"": ""1.869"", ""arrow"": null, ""parenthetical"": null, ""highlighted"": false}, {""price"": ""1.735"", ""arrow"": null, ""parenthetical"": null, ""highlighted"": false}]","[{""price"": ""1.806"", ""arrow"": ""\u2b06"", ""parenthetical"": ""1.757"", ""highlighted"": false}, {""price"": ""1.862"", ""arrow"": ""\u2b07"", ""parenthetical"": ""1.917"", ""highlighted"": false}]",7.5,DOWN,HOME,-25.5,1.83,25.5,1.83,,None (not equal lines),False,-2.5,AWAY,ACCEPT,,False,HIGH_DIRECTION_ONLY,,clear_sharp_side_signal,moved_too_far,False,HOME,REJECT,"bet_quality: UNFAVOURABLE (line UNFAVOURABLE, price NOT_COMPARABLE, EV NOT_AVAILABLE_UNEQUAL_LINES)",NO BET,REJECT,"bet_quality: UNFAVOURABLE (line UNFAVOURABLE, price NOT_COMPARABLE, EV NOT_AVAILABLE_UNEQUAL_LINES)",5a00a1a9c52ac7093aabfce039c3dec8d45ecd67b0b2e9323dbc4093bb32dbba
259,1475314653,68221,2026-09-23T20:13:31.032+00:00,2026-09-23T20:13:31+00:00,PARSED_PARTIAL,,True,basketball,Europe - Eurocup Qualification Women,Geneva Elite Basket vs Saarlouis Royals,SPREAD,15.5,21.5,,"[{""price"": ""1.833"", ""arrow"": null, ""parenthetical"": null, ""highlighted"": false}, {""price"": ""1.833"", ""arrow"": null, ""parenthetical"": null, ""highlighted"": false}]","[{""price"": ""1.763"", ""arrow"": ""\u2b07"", ""parenthetical"": ""1.833"", ""highlighted"": false}, {""price"": ""1.900"", ""arrow"": ""\u2b06"", ""parenthetical"": ""1.826"", ""highlighted"": false}]",6.0,UP,AWAY,-24.5,1.83,24.5,1.83,,None (not equal lines),False,-3.0,HOME,ACCEPT,,False,HIGH_DIRECTION_ONLY,,clear_sharp_side_signal,moved_too_far,False,AWAY,REJECT,"bet_quality: UNFAVOURABLE (line UNFAVOURABLE, price NOT_COMPARABLE, EV NOT_AVAILABLE_UNEQUAL_LINES)",NO BET,REJECT,"bet_quality: UNFAVOURABLE (line UNFAVOURABLE, price NOT_COMPARABLE, EV NOT_AVAILABLE_UNEQUAL_LINES)",1c3dc626a19a18deb941b9fa29b1772626d671c88053d62c167cb1efe8fd4ee8
267,1475314653,68229,2026-09-23T21:28:06.346+00:00,2026-09-23T20:25:47+00:00,PARSED_PARTIAL,,True,basketball,Chile - LNB,CD Universidad De Concepcion vs CD Atletico Puerto Varas,SPREAD,-15.5,-23.5,-24,"[{""price"": ""1.869"", ""arrow"": null, ""parenthetical"": null, ""highlighted"": false}, {""price"": ""1.735"", ""arrow"": null, ""parenthetical"": null, ""highlighted"": false}]","[{""price"": ""1.847"", ""arrow"": ""\u2b06"", ""parenthetical"": ""1.833"", ""highlighted"": false}, {""price"": ""1.819"", ""arrow"": ""\u2b07"", ""parenthetical"": ""1.833"", ""highlighted"": false}]",8.0,DOWN,HOME,-25.5,1.83,25.5,1.83,,None (not equal lines),False,-2.0,AWAY,STALE,,False,HIGH_DIRECTION_ONLY,,clear_sharp_side_signal,moved_too_far,True,HOME,REJECT,"bet_quality: UNFAVOURABLE (line UNFAVOURABLE, price NOT_COMPARABLE, EV NOT_AVAILABLE_UNEQUAL_LINES)",NO BET,REJECT,"bet_quality: UNFAVOURABLE (line UNFAVOURABLE, price NOT_COMPARABLE, EV NOT_AVAILABLE_UNEQUAL_LINES)",74aaa5054f4859b92e605c8ee6f5e61e7c7bc3989167f59dce9dfbcb48441f4c
268,1475314653,68230,2026-09-23T21:28:06.364+00:00,2026-09-23T20:30:04+00:00,PARSED,,True,basketball,Asian Games - Women,Chinese Taipei vs Philippines,SPREAD,-2.5,-6,,"[{""price"": ""1.909"", ""arrow"": null, ""parenthetical"": null, ""highlighted"": false}, {""price"": ""1.909"", ""arrow"": null, ""parenthetical"": null, ""highlighted"": false}]","[{""price"": ""2.050"", ""arrow"": ""\u2b06"", ""parenthetical"": ""1.909"", ""highlighted"": false}, {""price"": ""1.769"", ""arrow"": ""\u2b07"", ""parenthetical"": ""1.900"", ""highlighted"": false}]",3.5,DOWN,HOME,-6,1.68,6,2.05,AWAY,110.65%,True,0,AWAY,STALE,STALE,False,HIGH_DIRECTION_ONLY,No supplied equal-line EV bound to the sharp side,clear_sharp_side_signal,no_proven_same_side_value,False,HOME,REJECT,"bet_quality: UNFAVOURABLE (line EQUAL, price UNFAVOURABLE, EV SUPPLIED_FOR_OTHER_SIDE)",NO BET,REJECT,"bet_quality: UNFAVOURABLE (line EQUAL, price UNFAVOURABLE, EV SUPPLIED_FOR_OTHER_SIDE)",0607f91fcd3cc016a7b0738da8db9a97b704d85d1d9a09dabe0f6b8e0b23008f
284,1475314653,68246,2026-09-23T21:29:07.631+00:00,2026-09-23T21:29:07+00:00,PARSED_PARTIAL,,True,basketball,Chile - LNB,CD Castro vs CSD Colo Colo,SPREAD,4.5,-2,-1.5,"[{""price"": ""1.854"", ""arrow"": null, ""parenthetical"": null, ""highlighted"": false}, {""price"": ""1.746"", ""arrow"": null, ""parenthetical"": null, ""highlighted"": false}]","[{""price"": ""1.763"", ""arrow"": ""\u2b07"", ""parenthetical"": ""1.787"", ""highlighted"": false}, {""price"": ""1.840"", ""arrow"": ""\u2b06"", ""parenthetical"": ""1.813"", ""highlighted"": false}]",6.5,DOWN,HOME,2,1.83,-2,1.83,,None (not equal lines),False,4,HOME,ACCEPT,,True,HIGH_DIRECTION_ONLY,Cross-book favourite disagreement; Bet365 orientation needs verification,clear_sharp_side_signal,ambiguous,False,,AMBIGUOUS,Pinnacle (-2) and Bet365 (2) favour different teams by 4 points: the Bet365 spread appears to have an unresolved sign reference; do not assume a perspective correction,AMBIGUOUS,AMBIGUOUS,Pinnacle (-2) and Bet365 (2) favour different teams by 4 points: the Bet365 spread appears to have an unresolved sign reference; do not assume a perspective correction,bf225567be2b8efa012dfa2e6202669c23523fd6c710f2e40be9b6a2137362b1
300,1475314653,68263,2026-09-23T22:14:44.930+00:00,2026-09-23T22:14:44+00:00,PARSED_PARTIAL,,True,basketball,Chile - LNB,CD Castro vs CSD Colo Colo,SPREAD,4.5,-3,-2,"[{""price"": ""1.854"", ""arrow"": null, ""parenthetical"": null, ""highlighted"": false}, {""price"": ""1.746"", ""arrow"": null, ""parenthetical"": null, ""highlighted"": false}]","[{""price"": ""1.826"", ""arrow"": ""\u2b06"", ""parenthetical"": ""1.763"", ""highlighted"": false}, {""price"": ""1.775"", ""arrow"": ""\u2b07"", ""parenthetical"": ""1.840"", ""highlighted"": false}]",7.5,DOWN,HOME,1,1.83,-1,1.83,,None (not equal lines),False,4,HOME,ACCEPT,,True,HIGH_DIRECTION_ONLY,Cross-book favourite disagreement; Bet365 orientation needs verification,clear_sharp_side_signal,ambiguous,False,,AMBIGUOUS,Pinnacle (-3) and Bet365 (1) favour different teams by 4 points: the Bet365 spread appears to have an unresolved sign reference; do not assume a perspective correction,AMBIGUOUS,AMBIGUOUS,Pinnacle (-3) and Bet365 (1) favour different teams by 4 points: the Bet365 spread appears to have an unresolved sign reference; do not assume a perspective correction,b058233ded15a282bd19a3b6c1c8744eeabf121ba59b1b3b52e236c50b790583
302,1475314653,68265,2026-09-23T22:31:07.906+00:00,2026-09-23T22:31:07+00:00,PARSED,,True,basketball,Brazil - Campeonato FCB,APAB Blumenau vs Ajab Secel,SPREAD,-6.5,-7.5,,"[{""price"": ""1.833"", ""arrow"": null, ""parenthetical"": null, ""highlighted"": false}, {""price"": ""1.833"", ""arrow"": null, ""parenthetical"": null, ""highlighted"": false}]","[{""price"": ""2.390"", ""arrow"": ""\u2b06"", ""parenthetical"": ""2.240"", ""highlighted"": false}, {""price"": ""1.507"", ""arrow"": ""\u2b07"", ""parenthetical"": ""1.578"", ""highlighted"": false}]",1.0,DOWN,HOME,-7.5,1.83,7.5,1.83,AWAY,114.91%,True,0.0,AWAY,ACCEPT,STALE,False,HIGH_DIRECTION_ONLY,No supplied equal-line EV bound to the sharp side,clear_sharp_side_signal,no_proven_same_side_value,False,HOME,REJECT,"bet_quality: UNFAVOURABLE (line EQUAL, price UNFAVOURABLE, EV SUPPLIED_FOR_OTHER_SIDE)",NO BET,REJECT,"bet_quality: UNFAVOURABLE (line EQUAL, price UNFAVOURABLE, EV SUPPLIED_FOR_OTHER_SIDE)",df94e20997ae4e546d8ca86e639c0db035d3229f0cce403473c81fd6d9f5733f
312,1475314653,68275,2026-09-23T22:55:35.669+00:00,2026-09-23T22:55:35+00:00,PARSED_PARTIAL,,True,basketball,Chile - LNB,CD Universidad De Concepcion vs CD Atletico Puerto Varas,SPREAD,-15.5,-23.5,-23,"[{""price"": ""1.869"", ""arrow"": null, ""parenthetical"": null, ""highlighted"": false}, {""price"": ""1.735"", ""arrow"": null, ""parenthetical"": null, ""highlighted"": false}]","[{""price"": ""1.826"", ""arrow"": ""\u2b06"", ""parenthetical"": ""1.806"", ""highlighted"": false}, {""price"": ""1.840"", ""arrow"": ""\u2b07"", ""parenthetical"": ""1.862"", ""highlighted"": false}]",8.0,DOWN,HOME,-25.5,1.83,25.5,1.83,,None (not equal lines),False,-2.0,AWAY,ACCEPT,,False,HIGH_DIRECTION_ONLY,,clear_sharp_side_signal,moved_too_far,False,HOME,REJECT,"bet_quality: UNFAVOURABLE (line UNFAVOURABLE, price NOT_COMPARABLE, EV NOT_AVAILABLE_UNEQUAL_LINES)",NO BET,REJECT,"bet_quality: UNFAVOURABLE (line UNFAVOURABLE, price NOT_COMPARABLE, EV NOT_AVAILABLE_UNEQUAL_LINES)",e0d312b3b9cd081f7e623fd99e13f3b7ad2b090b23f3786c147b29776fa4711b
315,1475314653,68278,2026-09-23T23:00:27.776+00:00,2026-09-23T23:00:27+00:00,PARSED_PARTIAL,,True,basketball,Chile - LNB,CD Castro vs CSD Colo Colo,SPREAD,4.5,-3,,"[{""price"": ""1.854"", ""arrow"": null, ""parenthetical"": null, ""highlighted"": false}, {""price"": ""1.746"", ""arrow"": null, ""parenthetical"": null, ""highlighted"": false}]","[{""price"": ""1.729"", ""arrow"": ""\u2b07"", ""parenthetical"": ""1.826"", ""highlighted"": false}, {""price"": ""1.877"", ""arrow"": ""\u2b06"", ""parenthetical"": ""1.775"", ""highlighted"": false}]",7.5,DOWN,HOME,1,1.83,-1,1.83,,None (not equal lines),False,4,HOME,ACCEPT,,True,HIGH_DIRECTION_ONLY,Cross-book favourite disagreement; Bet365 orientation needs verification,clear_sharp_side_signal,ambiguous,False,,AMBIGUOUS,Pinnacle (-3) and Bet365 (1) favour different teams by 4 points: the Bet365 spread appears to have an unresolved sign reference; do not assume a perspective correction,AMBIGUOUS,AMBIGUOUS,Pinnacle (-3) and Bet365 (1) favour different teams by 4 points: the Bet365 spread appears to have an unresolved sign reference; do not assume a perspective correction,05236f03f2b07778a23d03df07390b5f65e4c93c6534b7de304f17970b31c41e
317,1475314653,68281,2026-09-23T23:17:52.899+00:00,2026-09-23T23:17:52+00:00,PARSED,,True,basketball,Uruguay - Tercera de Ascenso,Yale vs Ateneo de Piriapolis,SPREAD,-12,-12,,"[{""price"": ""1.833"", ""arrow"": null, ""parenthetical"": null, ""highlighted"": false}, {""price"": ""1.833"", ""arrow"": null, ""parenthetical"": null, ""highlighted"": false}]","[{""price"": ""2.190"", ""arrow"": ""\u2b06"", ""parenthetical"": ""2.070"", ""highlighted"": false}, {""price"": ""1.549"", ""arrow"": ""\u2b07"", ""parenthetical"": ""1.632"", ""highlighted"": false}]",0,UNCHANGED,,,,,,AWAY,109.76%,,,AWAY,ACCEPT,STALE,,INSUFFICIENT,Unchanged opening/current line; price-only strategy not established,no_movement,insufficient_data,False,,AMBIGUOUS,No opening-to-current line movement; price-only target policy is unproven,AMBIGUOUS,AMBIGUOUS,No opening-to-current line movement; price-only target policy is unproven,4edd7e21bd7c37c105dfdcc86f6dbe3c88add1af64e57a437fbc37893f16f99b
319,1475314653,68283,2026-09-23T23:32:01.113+00:00,2026-09-23T23:32:01+00:00,PARSED,,True,basketball,Uruguay - Tercera de Ascenso,Capurro vs CA 25 de Agosto,SPREAD,-6.5,-6.5,,"[{""price"": ""1.833"", ""arrow"": null, ""parenthetical"": null, ""highlighted"": false}, {""price"": ""1.833"", ""arrow"": null, ""parenthetical"": null, ""highlighted"": false}]","[{""price"": ""2.120"", ""arrow"": ""\u2b06"", ""parenthetical"": ""2.060"", ""highlighted"": false}, {""price"": ""1.595"", ""arrow"": ""\u2b07"", ""parenthetical"": ""1.636"", ""highlighted"": false}]",0.0,UNCHANGED,,,,,,AWAY,106.47%,,,AWAY,ACCEPT,STALE,,INSUFFICIENT,Unchanged opening/current line; price-only strategy not established,no_movement,insufficient_data,False,,AMBIGUOUS,No opening-to-current line movement; price-only target policy is unproven,AMBIGUOUS,AMBIGUOUS,No opening-to-current line movement; price-only target policy is unproven,0a473db85ada76073187d676238f966a6a7c14fbd191996a177db9e8251c83c5
323,1475314653,68287,2026-09-23T23:36:20.097+00:00,2026-09-23T23:36:20+00:00,PARSED,,True,basketball,Uruguay - Tercera de Ascenso,Yale vs Ateneo de Piriapolis,SPREAD,-12,-3,,"[{""price"": ""1.833"", ""arrow"": null, ""parenthetical"": null, ""highlighted"": false}, {""price"": ""1.833"", ""arrow"": null, ""parenthetical"": null, ""highlighted"": false}]","[{""price"": ""1.568"", ""arrow"": ""\u2b07"", ""parenthetical"": ""1.591"", ""highlighted"": false}, {""price"": ""2.160"", ""arrow"": ""\u2b06"", ""parenthetical"": ""2.120"", ""highlighted"": false}]",9,UP,AWAY,3,1.83,-3,1.83,HOME,108.37%,True,0,HOME,ACCEPT,STALE,False,HIGH_DIRECTION_ONLY,No supplied equal-line EV bound to the sharp side,clear_sharp_side_signal,no_proven_same_side_value,False,AWAY,REJECT,"bet_quality: UNFAVOURABLE (line EQUAL, price UNFAVOURABLE, EV SUPPLIED_FOR_OTHER_SIDE)",NO BET,REJECT,"bet_quality: UNFAVOURABLE (line EQUAL, price UNFAVOURABLE, EV SUPPLIED_FOR_OTHER_SIDE)",6bf01963c504ffc61d821a6d4db730b12522c3847dba6dee5c295078260ff3eb
325,1475314653,68289,2026-09-23T23:43:23.078+00:00,2026-09-23T23:43:23+00:00,PARSED_PARTIAL,,True,basketball,Uruguay - Tercera de Ascenso,Yale vs Ateneo de Piriapolis,SPREAD,-12,-5,,"[{""price"": ""1.833"", ""arrow"": null, ""parenthetical"": null, ""highlighted"": false}, {""price"": ""1.833"", ""arrow"": null, ""parenthetical"": null, ""highlighted"": false}]","[{""price"": ""1.793"", ""arrow"": ""\u2b07"", ""parenthetical"": ""1.833"", ""highlighted"": false}, {""price"": ""1.869"", ""arrow"": ""\u2b06"", ""parenthetical"": ""1.826"", ""highlighted"": false}]",7,UP,AWAY,2.5,1.83,-2.5,1.83,,None (not equal lines),False,-2.5,HOME,ACCEPT,,False,HIGH_DIRECTION_ONLY,,clear_sharp_side_signal,moved_too_far,False,AWAY,REJECT,"bet_quality: UNFAVOURABLE (line UNFAVOURABLE, price NOT_COMPARABLE, EV NOT_AVAILABLE_UNEQUAL_LINES)",NO BET,REJECT,"bet_quality: UNFAVOURABLE (line UNFAVOURABLE, price NOT_COMPARABLE, EV NOT_AVAILABLE_UNEQUAL_LINES)",44936f075c7974612e766476edecc9e7ef9ce8f112c6f7edf846a79568cf1618
327,1475314653,68291,2026-09-23T23:43:34.158+00:00,2026-09-23T23:43:34+00:00,PARSED_PARTIAL,,True,basketball,Uruguay - Tercera de Ascenso,Yale vs Ateneo de Piriapolis,SPREAD,-12,-5,,"[{""price"": ""1.833"", ""arrow"": null, ""parenthetical"": null, ""highlighted"": false}, {""price"": ""1.833"", ""arrow"": null, ""parenthetical"": null, ""highlighted"": false}]","[{""price"": ""1.719"", ""arrow"": ""\u2b07"", ""parenthetical"": ""1.793"", ""highlighted"": false}, {""price"": ""1.952"", ""arrow"": ""\u2b06"", ""parenthetical"": ""1.869"", ""highlighted"": false}]",7,UP,AWAY,2.5,1.83,-2.5,1.83,,None (not equal lines),False,-2.5,HOME,ACCEPT,,False,HIGH_DIRECTION_ONLY,,clear_sharp_side_signal,moved_too_far,False,AWAY,REJECT,"bet_quality: UNFAVOURABLE (line UNFAVOURABLE, price NOT_COMPARABLE, EV NOT_AVAILABLE_UNEQUAL_LINES)",NO BET,REJECT,"bet_quality: UNFAVOURABLE (line UNFAVOURABLE, price NOT_COMPARABLE, EV NOT_AVAILABLE_UNEQUAL_LINES)",0d28502491b5db8325ed96d052ff3751d75a807a46ad50e31d5a3d08eda5be6b
328,1475314653,68293,2026-09-24T00:09:25.310+00:00,2026-09-24T00:09:25+00:00,PARSED_PARTIAL,,True,basketball,Chile - LNB,CD Universidad De Concepcion vs CD Atletico Puerto Varas,TOTALS,164.5,162.5,161.5,"[{""price"": ""1.909"", ""arrow"": null, ""parenthetical"": null, ""highlighted"": false}, {""price"": ""1.763"", ""arrow"": null, ""parenthetical"": null, ""highlighted"": false}]","[{""price"": ""1.833"", ""arrow"": ""\u2b07"", ""parenthetical"": ""1.862"", ""highlighted"": false}, {""price"": ""1.833"", ""arrow"": ""\u2b06"", ""parenthetical"": ""1.806"", ""highlighted"": false}]",2.0,DOWN,UNDER,160.5,1.83,160.5,1.83,,None (not equal lines),False,-2.0,OVER,ACCEPT,,False,HIGH_DIRECTION_ONLY,,clear_sharp_side_signal,moved_too_far,True,UNDER,REJECT,"bet_quality: UNFAVOURABLE (line UNFAVOURABLE, price NOT_COMPARABLE, EV NOT_AVAILABLE_UNEQUAL_LINES)",NO BET,REJECT,"bet_quality: UNFAVOURABLE (line UNFAVOURABLE, price NOT_COMPARABLE, EV NOT_AVAILABLE_UNEQUAL_LINES)",07ad7cc7f5d72c3205fdc072b3bdf4f60a0933d3840293c4630af536e46bfa7f
331,1475314653,68296,2026-09-24T00:21:51.326+00:00,2026-09-24T00:21:51+00:00,PARSED_PARTIAL,,True,basketball,Chile - LNB,CD Universidad De Concepcion vs CD Atletico Puerto Varas,TOTALS,164.5,162.5,,"[{""price"": ""1.909"", ""arrow"": null, ""parenthetical"": null, ""highlighted"": false}, {""price"": ""1.763"", ""arrow"": null, ""parenthetical"": null, ""highlighted"": false}]","[{""price"": ""1.775"", ""arrow"": ""\u2b07"", ""parenthetical"": ""1.833"", ""highlighted"": false}, {""price"": ""1.892"", ""arrow"": ""\u2b06"", ""parenthetical"": ""1.833"", ""highlighted"": false}]",2.0,DOWN,UNDER,160.5,1.83,160.5,1.83,,None (not equal lines),False,-2.0,OVER,ACCEPT,,False,HIGH_DIRECTION_ONLY,,clear_sharp_side_signal,moved_too_far,False,UNDER,REJECT,"bet_quality: UNFAVOURABLE (line UNFAVOURABLE, price NOT_COMPARABLE, EV NOT_AVAILABLE_UNEQUAL_LINES)",NO BET,REJECT,"bet_quality: UNFAVOURABLE (line UNFAVOURABLE, price NOT_COMPARABLE, EV NOT_AVAILABLE_UNEQUAL_LINES)",ef75a2ffe3e124410234e27a786d4b32f53a688fb379cac00dd89b4eea6de058
332,1475314653,68297,2026-09-24T00:33:07.817+00:00,2026-09-24T00:33:07+00:00,PARSED,,True,basketball,Asian Games - Women,Republic of Korea vs Indonesia,SPREAD,-37.5,-39,,"[{""price"": ""1.900"", ""arrow"": null, ""parenthetical"": null, ""highlighted"": false}, {""price"": ""1.917"", ""arrow"": null, ""parenthetical"": null, ""highlighted"": false}]","[{""price"": ""1.900"", ""arrow"": ""\u2b06"", ""parenthetical"": ""1.847"", ""highlighted"": false}, {""price"": ""1.840"", ""arrow"": ""\u2b07"", ""parenthetical"": ""1.892"", ""highlighted"": false}]",1.5,DOWN,HOME,-39,1.64,39,2.12,AWAY,107.88%,True,0,AWAY,ACCEPT,STALE,False,HIGH_DIRECTION_ONLY,No supplied equal-line EV bound to the sharp side,clear_sharp_side_signal,no_proven_same_side_value,False,HOME,REJECT,"bet_quality: UNFAVOURABLE (line EQUAL, price UNFAVOURABLE, EV SUPPLIED_FOR_OTHER_SIDE)",NO BET,REJECT,"bet_quality: UNFAVOURABLE (line EQUAL, price UNFAVOURABLE, EV SUPPLIED_FOR_OTHER_SIDE)",94fe6dbf48968714a33b955ea1d59341a87bebbb3755d5bea7ca93fbee4ecd4f
333,1475314653,68298,2026-09-24T00:33:43.777+00:00,2026-09-24T00:33:43+00:00,PARSED,,True,basketball,Asian Games - Women,Republic of Korea vs Indonesia,SPREAD,-37.5,-39,,"[{""price"": ""1.900"", ""arrow"": null, ""parenthetical"": null, ""highlighted"": false}, {""price"": ""1.917"", ""arrow"": null, ""parenthetical"": null, ""highlighted"": false}]","[{""price"": ""1.925"", ""arrow"": ""\u2b06"", ""parenthetical"": ""1.840"", ""highlighted"": false}, {""price"": ""1.819"", ""arrow"": ""\u2b07"", ""parenthetical"": ""1.900"", ""highlighted"": false}]",1.5,DOWN,HOME,-39,1.64,39,2.12,AWAY,109.32%,True,0,AWAY,ACCEPT,STALE,False,HIGH_DIRECTION_ONLY,No supplied equal-line EV bound to the sharp side,clear_sharp_side_signal,no_proven_same_side_value,False,HOME,REJECT,"bet_quality: UNFAVOURABLE (line EQUAL, price UNFAVOURABLE, EV SUPPLIED_FOR_OTHER_SIDE)",NO BET,REJECT,"bet_quality: UNFAVOURABLE (line EQUAL, price UNFAVOURABLE, EV SUPPLIED_FOR_OTHER_SIDE)",218c16a814ddda222cd77474e6e0946770a115177f7f0cd17092e6862901ee46
349,1475314653,68314,2026-09-24T00:48:40.926+00:00,2026-09-24T00:48:40+00:00,PARSED_PARTIAL,,True,basketball,Estonian - Latvian Basketball League,BC Tartu vs BC Kalev/Cramo,SPREAD,-3,3,,"[{""price"": ""1.847"", ""arrow"": null, ""parenthetical"": null, ""highlighted"": false}, {""price"": ""1.884"", ""arrow"": null, ""parenthetical"": null, ""highlighted"": false}]","[{""price"": ""1.934"", ""arrow"": ""\u2b06"", ""parenthetical"": ""1.854"", ""highlighted"": false}, {""price"": ""1.800"", ""arrow"": ""\u2b07"", ""parenthetical"": ""1.877"", ""highlighted"": false}]",6,UP,AWAY,1.5,1.83,-1.5,1.83,,None (not equal lines),False,4.5,AWAY,ACCEPT,,True,HIGH_DIRECTION_ONLY,Cross-book favourite disagreement; Bet365 orientation needs verification,clear_sharp_side_signal,ambiguous,False,,AMBIGUOUS,Pinnacle (3) and Bet365 (-1.5) favour different teams by 4.5 points: the Bet365 spread appears to have an unresolved sign reference; do not assume a perspective correction,AMBIGUOUS,AMBIGUOUS,Pinnacle (3) and Bet365 (-1.5) favour different teams by 4.5 points: the Bet365 spread appears to have an unresolved sign reference; do not assume a perspective correction,7c2f3f3e9c4fd090cf0c08c2129b9451a0ef5717da47a7aa04dd63496083dd4f
402,1475314653,68367,2026-09-24T02:55:01.710+00:00,2026-09-24T02:55:01+00:00,PARSED_PARTIAL,,True,basketball,Puerto Rico - Superior Nacional Women,Gigantes de Carolina vs Atenienses de Manati,SPREAD,2,-2.5,,"[{""price"": ""1.847"", ""arrow"": null, ""parenthetical"": null, ""highlighted"": false}, {""price"": ""1.813"", ""arrow"": null, ""parenthetical"": null, ""highlighted"": false}]","[{""price"": ""1.746"", ""arrow"": ""\u2b07"", ""parenthetical"": ""1.813"", ""highlighted"": false}, {""price"": ""1.917"", ""arrow"": ""\u2b06"", ""parenthetical"": ""1.854"", ""highlighted"": false}]",4.5,DOWN,HOME,1.5,1.83,-1.5,1.83,,None (not equal lines),False,4.0,HOME,ACCEPT,,True,HIGH_DIRECTION_ONLY,Cross-book favourite disagreement; Bet365 orientation needs verification,clear_sharp_side_signal,ambiguous,False,,AMBIGUOUS,Pinnacle (-2.5) and Bet365 (1.5) favour different teams by 4.0 points: the Bet365 spread appears to have an unresolved sign reference; do not assume a perspective correction,AMBIGUOUS,AMBIGUOUS,Pinnacle (-2.5) and Bet365 (1.5) favour different teams by 4.0 points: the Bet365 spread appears to have an unresolved sign reference; do not assume a perspective correction,d28afbe37fb75f7fc7ce776bb3ee8bf02eb739bd87df7ce2ff080caa693a8eb6
404,1475314653,68369,2026-09-24T02:55:47.779+00:00,2026-09-24T02:55:47+00:00,PARSED,,True,basketball,Asian Games - Women,Mongolia vs China,SPREAD,48.5,50.5,,"[{""price"": ""1.909"", ""arrow"": null, ""parenthetical"": null, ""highlighted"": false}, {""price"": ""1.909"", ""arrow"": null, ""parenthetical"": null, ""highlighted"": false}]","[{""price"": ""1.775"", ""arrow"": ""\u2b07"", ""parenthetical"": ""2.000"", ""highlighted"": false}, {""price"": ""1.970"", ""arrow"": ""\u2b06"", ""parenthetical"": ""1.757"", ""highlighted"": false}]",2.0,UP,AWAY,-50.5,1.68,50.5,2.05,HOME,108.42%,True,0.0,HOME,ACCEPT,STALE,False,HIGH_DIRECTION_ONLY,No supplied equal-line EV bound to the sharp side,clear_sharp_side_signal,no_proven_same_side_value,False,AWAY,REJECT,"bet_quality: UNFAVOURABLE (line EQUAL, price UNFAVOURABLE, EV SUPPLIED_FOR_OTHER_SIDE)",NO BET,REJECT,"bet_quality: UNFAVOURABLE (line EQUAL, price UNFAVOURABLE, EV SUPPLIED_FOR_OTHER_SIDE)",a7a7670d3c6660d1b0296a7488eaec9aa83b8b203b2920bcb3c39912ce5b9a2b
405,1475314653,68370,2026-09-24T03:01:27.786+00:00,2026-09-24T03:01:27+00:00,PARSED,,True,basketball,Asian Games - Women,Mongolia vs China,SPREAD,48.5,50.5,,"[{""price"": ""1.909"", ""arrow"": null, ""parenthetical"": null, ""highlighted"": false}, {""price"": ""1.909"", ""arrow"": null, ""parenthetical"": null, ""highlighted"": false}]","[{""price"": ""1.769"", ""arrow"": ""\u2b07"", ""parenthetical"": ""1.833"", ""highlighted"": false}, {""price"": ""1.980"", ""arrow"": ""\u2b06"", ""parenthetical"": ""1.909"", ""highlighted"": false}]",2.0,UP,AWAY,-50.5,1.68,50.5,2.05,HOME,108.90%,True,0.0,HOME,ACCEPT,STALE,False,HIGH_DIRECTION_ONLY,No supplied equal-line EV bound to the sharp side,clear_sharp_side_signal,no_proven_same_side_value,False,AWAY,REJECT,"bet_quality: UNFAVOURABLE (line EQUAL, price UNFAVOURABLE, EV SUPPLIED_FOR_OTHER_SIDE)",NO BET,REJECT,"bet_quality: UNFAVOURABLE (line EQUAL, price UNFAVOURABLE, EV SUPPLIED_FOR_OTHER_SIDE)",4014c6a6de81281014607bf3d1c447ae6fb83b69882ee17a907e529bb228df5b
407,1475314653,68372,2026-09-24T03:06:28.827+00:00,2026-09-24T03:06:28+00:00,PARSED_PARTIAL,,True,basketball,Puerto Rico - Superior Nacional Women,Gigantes de Carolina vs Atenienses de Manati,SPREAD,2,-2.5,,"[{""price"": ""1.847"", ""arrow"": null, ""parenthetical"": null, ""highlighted"": false}, {""price"": ""1.813"", ""arrow"": null, ""parenthetical"": null, ""highlighted"": false}]","[{""price"": ""1.775"", ""arrow"": ""\u2b07"", ""parenthetical"": ""1.826"", ""highlighted"": false}, {""price"": ""1.884"", ""arrow"": ""\u2b06"", ""parenthetical"": ""1.833"", ""highlighted"": false}]",4.5,DOWN,HOME,1.5,1.83,-1.5,1.83,,None (not equal lines),False,4.0,HOME,ACCEPT,,True,HIGH_DIRECTION_ONLY,Cross-book favourite disagreement; Bet365 orientation needs verification,clear_sharp_side_signal,ambiguous,False,,AMBIGUOUS,Pinnacle (-2.5) and Bet365 (1.5) favour different teams by 4.0 points: the Bet365 spread appears to have an unresolved sign reference; do not assume a perspective correction,AMBIGUOUS,AMBIGUOUS,Pinnacle (-2.5) and Bet365 (1.5) favour different teams by 4.0 points: the Bet365 spread appears to have an unresolved sign reference; do not assume a perspective correction,ec53de0729635fe73d2a576c378700f8c358690c3326519f3e4381c2eea52e32
409,1475314653,68374,2026-09-24T03:06:31.784+00:00,2026-09-24T03:06:31+00:00,PARSED_PARTIAL,,True,basketball,Puerto Rico - Superior Nacional Women,Gigantes de Carolina vs Atenienses de Manati,SPREAD,2,-3,,"[{""price"": ""1.847"", ""arrow"": null, ""parenthetical"": null, ""highlighted"": false}, {""price"": ""1.813"", ""arrow"": null, ""parenthetical"": null, ""highlighted"": false}]","[{""price"": ""1.813"", ""arrow"": ""\u2b07"", ""parenthetical"": ""1.862"", ""highlighted"": false}, {""price"": ""1.854"", ""arrow"": ""\u2b06"", ""parenthetical"": ""1.806"", ""highlighted"": false}]",5,DOWN,HOME,1.5,1.83,-1.5,1.83,,None (not equal lines),False,4.5,HOME,ACCEPT,,True,HIGH_DIRECTION_ONLY,Cross-book favourite disagreement; Bet365 orientation needs verification,clear_sharp_side_signal,ambiguous,False,,AMBIGUOUS,Pinnacle (-3) and Bet365 (1.5) favour different teams by 4.5 points: the Bet365 spread appears to have an unresolved sign reference; do not assume a perspective correction,AMBIGUOUS,AMBIGUOUS,Pinnacle (-3) and Bet365 (1.5) favour different teams by 4.5 points: the Bet365 spread appears to have an unresolved sign reference; do not assume a perspective correction,e724cab1ba35731074131cb30bdd07c548f29f217f551671eaa620f293c86dd2
411,1475314653,68376,2026-09-24T03:06:46.771+00:00,2026-09-24T03:06:46+00:00,PARSED_PARTIAL,,True,basketball,Puerto Rico - Superior Nacional Women,Gigantes de Carolina vs Atenienses de Manati,SPREAD,2,-3,,"[{""price"": ""1.847"", ""arrow"": null, ""parenthetical"": null, ""highlighted"": false}, {""price"": ""1.813"", ""arrow"": null, ""parenthetical"": null, ""highlighted"": false}]","[{""price"": ""1.763"", ""arrow"": ""\u2b07"", ""parenthetical"": ""1.813"", ""highlighted"": false}, {""price"": ""1.909"", ""arrow"": ""\u2b06"", ""parenthetical"": ""1.854"", ""highlighted"": false}]",5,DOWN,HOME,1.5,1.83,-1.5,1.83,,None (not equal lines),False,4.5,HOME,ACCEPT,,True,HIGH_DIRECTION_ONLY,Cross-book favourite disagreement; Bet365 orientation needs verification,clear_sharp_side_signal,ambiguous,False,,AMBIGUOUS,Pinnacle (-3) and Bet365 (1.5) favour different teams by 4.5 points: the Bet365 spread appears to have an unresolved sign reference; do not assume a perspective correction,AMBIGUOUS,AMBIGUOUS,Pinnacle (-3) and Bet365 (1.5) favour different teams by 4.5 points: the Bet365 spread appears to have an unresolved sign reference; do not assume a perspective correction,18635135d6b367682de55a72e4e820b52171a4ba454c8290ddfdd2dfc9c74c55
412,1475314653,68377,2026-09-24T03:07:09.809+00:00,2026-09-24T03:07:09+00:00,PARSED_PARTIAL,,True,basketball,Puerto Rico - Superior Nacional Women,Gigantes de Carolina vs Atenienses de Manati,SPREAD,2,-3.5,,"[{""price"": ""1.847"", ""arrow"": null, ""parenthetical"": null, ""highlighted"": false}, {""price"": ""1.813"", ""arrow"": null, ""parenthetical"": null, ""highlighted"": false}]","[{""price"": ""1.800"", ""arrow"": ""\u2b07"", ""parenthetical"": ""1.840"", ""highlighted"": false}, {""price"": ""1.869"", ""arrow"": ""\u2b06"", ""parenthetical"": ""1.819"", ""highlighted"": false}]",5.5,DOWN,HOME,1.5,1.83,-1.5,1.83,,None (not equal lines),False,5.0,HOME,ACCEPT,,True,HIGH_DIRECTION_ONLY,Cross-book favourite disagreement; Bet365 orientation needs verification,clear_sharp_side_signal,ambiguous,False,,AMBIGUOUS,Pinnacle (-3.5) and Bet365 (1.5) favour different teams by 5.0 points: the Bet365 spread appears to have an unresolved sign reference; do not assume a perspective correction,AMBIGUOUS,AMBIGUOUS,Pinnacle (-3.5) and Bet365 (1.5) favour different teams by 5.0 points: the Bet365 spread appears to have an unresolved sign reference; do not assume a perspective correction,4fe3ab048b1a82d85c9852a9915daf444e2514c27354158003bda37497fb0692
414,1475314653,68379,2026-09-24T03:09:41.804+00:00,2026-09-24T03:09:41+00:00,PARSED_PARTIAL,,True,basketball,Puerto Rico - Superior Nacional Women,Gigantes de Carolina vs Atenienses de Manati,SPREAD,2,-3.5,,"[{""price"": ""1.847"", ""arrow"": null, ""parenthetical"": null, ""highlighted"": false}, {""price"": ""1.813"", ""arrow"": null, ""parenthetical"": null, ""highlighted"": false}]","[{""price"": ""1.787"", ""arrow"": ""\u2b07"", ""parenthetical"": ""1.819"", ""highlighted"": false}, {""price"": ""1.884"", ""arrow"": ""\u2b06"", ""parenthetical"": ""1.847"", ""highlighted"": false}]",5.5,DOWN,HOME,1.5,1.83,-1.5,1.83,,None (not equal lines),False,5.0,HOME,ACCEPT,,True,HIGH_DIRECTION_ONLY,Cross-book favourite disagreement; Bet365 orientation needs verification,clear_sharp_side_signal,ambiguous,False,,AMBIGUOUS,Pinnacle (-3.5) and Bet365 (1.5) favour different teams by 5.0 points: the Bet365 spread appears to have an unresolved sign reference; do not assume a perspective correction,AMBIGUOUS,AMBIGUOUS,Pinnacle (-3.5) and Bet365 (1.5) favour different teams by 5.0 points: the Bet365 spread appears to have an unresolved sign reference; do not assume a perspective correction,002517e8bcbc7d5cc6c7d305fe1c4fbaf5c5601da724a07317f5cf1a63f801fe
415,1475314653,68380,2026-09-24T03:09:46.767+00:00,2026-09-24T03:09:46+00:00,PARSED_PARTIAL,,True,basketball,Puerto Rico - Superior Nacional Women,Gigantes de Carolina vs Atenienses de Manati,SPREAD,2,-4,,"[{""price"": ""1.847"", ""arrow"": null, ""parenthetical"": null, ""highlighted"": false}, {""price"": ""1.813"", ""arrow"": null, ""parenthetical"": null, ""highlighted"": false}]","[{""price"": ""1.826"", ""arrow"": ""\u2b07"", ""parenthetical"": ""1.862"", ""highlighted"": false}, {""price"": ""1.833"", ""arrow"": ""\u2b06"", ""parenthetical"": ""1.800"", ""highlighted"": false}]",6,DOWN,HOME,1.5,1.83,-1.5,1.83,,None (not equal lines),False,5.5,HOME,ACCEPT,,True,HIGH_DIRECTION_ONLY,Cross-book favourite disagreement; Bet365 orientation needs verification,clear_sharp_side_signal,ambiguous,False,,AMBIGUOUS,Pinnacle (-4) and Bet365 (1.5) favour different teams by 5.5 points: the Bet365 spread appears to have an unresolved sign reference; do not assume a perspective correction,AMBIGUOUS,AMBIGUOUS,Pinnacle (-4) and Bet365 (1.5) favour different teams by 5.5 points: the Bet365 spread appears to have an unresolved sign reference; do not assume a perspective correction,07c5febe660627e58e7cef2d0deade3bf25c1bbb8dcc291e05ad003196e906e5
416,1475314653,68381,2026-09-24T03:09:53.752+00:00,2026-09-24T03:09:53+00:00,PARSED_PARTIAL,,True,basketball,Puerto Rico - Superior Nacional Women,Gigantes de Carolina vs Atenienses de Manati,SPREAD,2,-4,,"[{""price"": ""1.847"", ""arrow"": null, ""parenthetical"": null, ""highlighted"": false}, {""price"": ""1.813"", ""arrow"": null, ""parenthetical"": null, ""highlighted"": false}]","[{""price"": ""1.787"", ""arrow"": ""\u2b07"", ""parenthetical"": ""1.826"", ""highlighted"": false}, {""price"": ""1.877"", ""arrow"": ""\u2b06"", ""parenthetical"": ""1.833"", ""highlighted"": false}]",6,DOWN,HOME,1.5,1.83,-1.5,1.83,,None (not equal lines),False,5.5,HOME,ACCEPT,,True,HIGH_DIRECTION_ONLY,Cross-book favourite disagreement; Bet365 orientation needs verification,clear_sharp_side_signal,ambiguous,False,,AMBIGUOUS,Pinnacle (-4) and Bet365 (1.5) favour different teams by 5.5 points: the Bet365 spread appears to have an unresolved sign reference; do not assume a perspective correction,AMBIGUOUS,AMBIGUOUS,Pinnacle (-4) and Bet365 (1.5) favour different teams by 5.5 points: the Bet365 spread appears to have an unresolved sign reference; do not assume a perspective correction,5e2703e925da62b7da2cafb8baad9763915a78aa6cdd1fee6119ad5775393101
417,1475314653,68382,2026-09-24T03:10:04.773+00:00,2026-09-24T03:10:04+00:00,PARSED_PARTIAL,,True,basketball,Puerto Rico - Superior Nacional Women,Gigantes de Carolina vs Atenienses de Manati,SPREAD,2,-4.5,,"[{""price"": ""1.847"", ""arrow"": null, ""parenthetical"": null, ""highlighted"": false}, {""price"": ""1.813"", ""arrow"": null, ""parenthetical"": null, ""highlighted"": false}]","[{""price"": ""1.819"", ""arrow"": ""\u2b07"", ""parenthetical"": ""1.869"", ""highlighted"": false}, {""price"": ""1.847"", ""arrow"": ""\u2b06"", ""parenthetical"": ""1.800"", ""highlighted"": false}]",6.5,DOWN,HOME,1.5,1.83,-1.5,1.83,,None (not equal lines),False,6.0,HOME,ACCEPT,,True,HIGH_DIRECTION_ONLY,Cross-book favourite disagreement; Bet365 orientation needs verification,clear_sharp_side_signal,ambiguous,False,,AMBIGUOUS,Pinnacle (-4.5) and Bet365 (1.5) favour different teams by 6.0 points: the Bet365 spread appears to have an unresolved sign reference; do not assume a perspective correction,AMBIGUOUS,AMBIGUOUS,Pinnacle (-4.5) and Bet365 (1.5) favour different teams by 6.0 points: the Bet365 spread appears to have an unresolved sign reference; do not assume a perspective correction,88ef6f6f7486798d290347cecac34aa2bfb728f799a4c7a6819148246e8482fa
426,1475314653,68391,2026-09-24T03:14:13.955+00:00,2026-09-24T03:14:13+00:00,PARSED,,True,basketball,Asian Games - Women,Mongolia vs China,SPREAD,48.5,50.5,,"[{""price"": ""1.909"", ""arrow"": null, ""parenthetical"": null, ""highlighted"": false}, {""price"": ""1.909"", ""arrow"": null, ""parenthetical"": null, ""highlighted"": false}]","[{""price"": ""1.813"", ""arrow"": ""\u2b07"", ""parenthetical"": ""1.909"", ""highlighted"": false}, {""price"": ""1.934"", ""arrow"": ""\u2b06"", ""parenthetical"": ""1.833"", ""highlighted"": false}]",2.0,UP,AWAY,-50.5,1.68,50.5,2.05,HOME,106.16%,True,0.0,HOME,ACCEPT,STALE,False,HIGH_DIRECTION_ONLY,No supplied equal-line EV bound to the sharp side,clear_sharp_side_signal,no_proven_same_side_value,False,AWAY,REJECT,"bet_quality: UNFAVOURABLE (line EQUAL, price UNFAVOURABLE, EV SUPPLIED_FOR_OTHER_SIDE)",NO BET,REJECT,"bet_quality: UNFAVOURABLE (line EQUAL, price UNFAVOURABLE, EV SUPPLIED_FOR_OTHER_SIDE)",47d2b0d1ed84554cd9bb1f0262a2e7633cebfa099e35646b0fdeac03e14770ac
436,1475314653,68401,2026-09-24T03:30:33.047+00:00,2026-09-24T03:30:33+00:00,PARSED,,True,basketball,Asian Games - Women,Mongolia vs China,SPREAD,48.5,50.5,,"[{""price"": ""1.909"", ""arrow"": null, ""parenthetical"": null, ""highlighted"": false}, {""price"": ""1.909"", ""arrow"": null, ""parenthetical"": null, ""highlighted"": false}]","[{""price"": ""1.719"", ""arrow"": ""\u2b07"", ""parenthetical"": ""1.793"", ""highlighted"": false}, {""price"": ""2.050"", ""arrow"": ""\u2b06"", ""parenthetical"": ""1.952"", ""highlighted"": false}]",2.0,UP,AWAY,-50.5,1.68,50.5,2.05,HOME,112.47%,True,0.0,HOME,ACCEPT,STALE,False,HIGH_DIRECTION_ONLY,No supplied equal-line EV bound to the sharp side,clear_sharp_side_signal,no_proven_same_side_value,False,AWAY,REJECT,"bet_quality: UNFAVOURABLE (line EQUAL, price UNFAVOURABLE, EV SUPPLIED_FOR_OTHER_SIDE)",NO BET,REJECT,"bet_quality: UNFAVOURABLE (line EQUAL, price UNFAVOURABLE, EV SUPPLIED_FOR_OTHER_SIDE)",5451179c381e22e09370e0a727c4d55aae81ae2396cdd1ed366d0fc9d54393f3
439,1475314653,68404,2026-09-24T03:31:23.149+00:00,2026-09-24T03:31:23+00:00,PARSED,,True,basketball,Asian Games - Women,Mongolia vs China,SPREAD,48.5,50.5,,"[{""price"": ""1.909"", ""arrow"": null, ""parenthetical"": null, ""highlighted"": false}, {""price"": ""1.909"", ""arrow"": null, ""parenthetical"": null, ""highlighted"": false}]","[{""price"": ""1.636"", ""arrow"": ""\u2b07"", ""parenthetical"": ""1.719"", ""highlighted"": false}, {""price"": ""2.180"", ""arrow"": ""\u2b06"", ""parenthetical"": ""2.050"", ""highlighted"": false}]",2.0,UP,AWAY,-50.5,1.68,50.5,2.05,HOME,118.70%,True,0.0,HOME,ACCEPT,STALE,False,HIGH_DIRECTION_ONLY,No supplied equal-line EV bound to the sharp side,clear_sharp_side_signal,no_proven_same_side_value,False,AWAY,REJECT,"bet_quality: UNFAVOURABLE (line EQUAL, price UNFAVOURABLE, EV SUPPLIED_FOR_OTHER_SIDE)",NO BET,REJECT,"bet_quality: UNFAVOURABLE (line EQUAL, price UNFAVOURABLE, EV SUPPLIED_FOR_OTHER_SIDE)",3f346f68e09b1126f3bcce7a79d65fec1540b3a19dbe117e2ae5e7472f279f4a
440,1475314653,68405,2026-09-24T03:33:15.998+00:00,2026-09-24T03:33:16+00:00,PARSED,,True,basketball,Asian Games - Women,Mongolia vs China,SPREAD,48.5,50.5,,"[{""price"": ""1.909"", ""arrow"": null, ""parenthetical"": null, ""highlighted"": false}, {""price"": ""1.909"", ""arrow"": null, ""parenthetical"": null, ""highlighted"": false}]","[{""price"": ""1.641"", ""arrow"": ""\u2b07"", ""parenthetical"": ""1.699"", ""highlighted"": false}, {""price"": ""2.160"", ""arrow"": ""\u2b06"", ""parenthetical"": ""2.070"", ""highlighted"": false}]",2.0,UP,AWAY,-50.5,1.68,50.5,2.05,HOME,118.07%,True,0.0,HOME,ACCEPT,STALE,False,HIGH_DIRECTION_ONLY,No supplied equal-line EV bound to the sharp side,clear_sharp_side_signal,no_proven_same_side_value,False,AWAY,REJECT,"bet_quality: UNFAVOURABLE (line EQUAL, price UNFAVOURABLE, EV SUPPLIED_FOR_OTHER_SIDE)",NO BET,REJECT,"bet_quality: UNFAVOURABLE (line EQUAL, price UNFAVOURABLE, EV SUPPLIED_FOR_OTHER_SIDE)",0b8887f4a548d445689f460ae07634f10fdcd317e28c3b2b8c0d3cc3805f0856
441,1475314653,68406,2026-09-24T03:33:27.906+00:00,2026-09-24T03:33:27+00:00,PARSED,,True,basketball,Asian Games - Women,Mongolia vs China,SPREAD,48.5,50.5,,"[{""price"": ""1.909"", ""arrow"": null, ""parenthetical"": null, ""highlighted"": false}, {""price"": ""1.909"", ""arrow"": null, ""parenthetical"": null, ""highlighted"": false}]","[{""price"": ""1.606"", ""arrow"": ""\u2b07"", ""parenthetical"": ""1.641"", ""highlighted"": false}, {""price"": ""2.230"", ""arrow"": ""\u2b06"", ""parenthetical"": ""2.160"", ""highlighted"": false}]",2.0,UP,AWAY,-50.5,1.68,50.5,2.05,HOME,121.01%,True,0.0,HOME,ACCEPT,STALE,False,HIGH_DIRECTION_ONLY,No supplied equal-line EV bound to the sharp side,clear_sharp_side_signal,no_proven_same_side_value,False,AWAY,REJECT,"bet_quality: UNFAVOURABLE (line EQUAL, price UNFAVOURABLE, EV SUPPLIED_FOR_OTHER_SIDE)",NO BET,REJECT,"bet_quality: UNFAVOURABLE (line EQUAL, price UNFAVOURABLE, EV SUPPLIED_FOR_OTHER_SIDE)",933d85e8bea1e2b90a10d26e8d2b7269babee35a2d8276145e57af0c6cf0cc68
444,1475314653,68409,2026-09-24T03:34:15.905+00:00,2026-09-24T03:34:15+00:00,PARSED,,True,basketball,Asian Games - Women,Mongolia vs China,SPREAD,48.5,49.5,,"[{""price"": ""1.909"", ""arrow"": null, ""parenthetical"": null, ""highlighted"": false}, {""price"": ""1.909"", ""arrow"": null, ""parenthetical"": null, ""highlighted"": false}]","[{""price"": ""1.689"", ""arrow"": ""\u2b07"", ""parenthetical"": ""1.769"", ""highlighted"": false}, {""price"": ""2.090"", ""arrow"": ""\u2b06"", ""parenthetical"": ""1.980"", ""highlighted"": false}]",1.0,UP,AWAY,-49.5,1.60,49.5,2.20,HOME,122.95%,True,0.0,HOME,ACCEPT,STALE,False,HIGH_DIRECTION_ONLY,No supplied equal-line EV bound to the sharp side,clear_sharp_side_signal,no_proven_same_side_value,False,AWAY,REJECT,"bet_quality: UNFAVOURABLE (line EQUAL, price UNFAVOURABLE, EV SUPPLIED_FOR_OTHER_SIDE)",NO BET,REJECT,"bet_quality: UNFAVOURABLE (line EQUAL, price UNFAVOURABLE, EV SUPPLIED_FOR_OTHER_SIDE)",5717a1fe4184b6b60f4212ea3c20fbf9903d821618b964df63702bd8ed314e69
446,1475314653,68411,2026-09-24T03:36:05.034+00:00,2026-09-24T03:36:05+00:00,PARSED,,True,basketball,Asian Games - Women,Mongolia vs China,SPREAD,48.5,49.5,,"[{""price"": ""1.909"", ""arrow"": null, ""parenthetical"": null, ""highlighted"": false}, {""price"": ""1.909"", ""arrow"": null, ""parenthetical"": null, ""highlighted"": false}]","[{""price"": ""1.680"", ""arrow"": ""\u2b07"", ""parenthetical"": ""1.775"", ""highlighted"": false}, {""price"": ""2.100"", ""arrow"": ""\u2b06"", ""parenthetical"": ""1.970"", ""highlighted"": false}]",1.0,UP,AWAY,-49.5,1.60,49.5,2.20,HOME,123.58%,True,0.0,HOME,ACCEPT,STALE,False,HIGH_DIRECTION_ONLY,No supplied equal-line EV bound to the sharp side,clear_sharp_side_signal,no_proven_same_side_value,False,AWAY,REJECT,"bet_quality: UNFAVOURABLE (line EQUAL, price UNFAVOURABLE, EV SUPPLIED_FOR_OTHER_SIDE)",NO BET,REJECT,"bet_quality: UNFAVOURABLE (line EQUAL, price UNFAVOURABLE, EV SUPPLIED_FOR_OTHER_SIDE)",b058cb8934c1a4d5d5ae6bb21ac6249cef50f0cd934c4987277a7799535bfc7e
459,1475314653,68424,2026-09-24T04:26:11.654+00:00,2026-09-24T04:26:11+00:00,PARSED,,True,basketball,Puerto Rico - Superior Nacional Women,Cangrejeras de Santurce vs Cariduros de Fajardo,SPREAD,-9.5,-9.5,,"[{""price"": ""1.833"", ""arrow"": null, ""parenthetical"": null, ""highlighted"": false}, {""price"": ""1.833"", ""arrow"": null, ""parenthetical"": null, ""highlighted"": false}]","[{""price"": ""2.180"", ""arrow"": ""\u2b06"", ""parenthetical"": ""2.090"", ""highlighted"": false}, {""price"": ""1.558"", ""arrow"": ""\u2b07"", ""parenthetical"": ""1.617"", ""highlighted"": false}]",0.0,UNCHANGED,,,,,,AWAY,109.18%,,,AWAY,ACCEPT,STALE,,INSUFFICIENT,Unchanged opening/current line; price-only strategy not established,no_movement,insufficient_data,False,,AMBIGUOUS,No opening-to-current line movement; price-only target policy is unproven,AMBIGUOUS,AMBIGUOUS,No opening-to-current line movement; price-only target policy is unproven,2f6bbb096514b0283fff9b0d030e7dd8387dc46386c3d18c04be582152c5062c
460,1475314653,68425,2026-09-24T04:26:37.651+00:00,2026-09-24T04:26:37+00:00,DUPLICATE,,True,basketball,Puerto Rico - Superior Nacional Women,Cangrejeras de Santurce vs Cariduros de Fajardo,SPREAD,-9.5,-9.5,,"[{""price"": ""1.833"", ""arrow"": null, ""parenthetical"": null, ""highlighted"": false}, {""price"": ""1.833"", ""arrow"": null, ""parenthetical"": null, ""highlighted"": false}]","[{""price"": ""2.320"", ""arrow"": ""\u2b06"", ""parenthetical"": ""2.180"", ""highlighted"": false}, {""price"": ""1.490"", ""arrow"": ""\u2b07"", ""parenthetical"": ""1.558"", ""highlighted"": false}]",0.0,UNCHANGED,,,,,,AWAY,114.71%,,,AWAY,ACCEPT,,,INSUFFICIENT,Unchanged opening/current line; price-only strategy not established,no_movement,insufficient_data,False,,AMBIGUOUS,No opening-to-current line movement; price-only target policy is unproven,AMBIGUOUS,AMBIGUOUS,No opening-to-current line movement; price-only target policy is unproven,d39f92bc56a265d7636387b47ef283e470d05c61c030c3730b5a26c1541efe28
463,1475314653,68428,2026-09-24T04:39:46.813+00:00,2026-09-24T04:39:46+00:00,PARSED,,True,basketball,Asian Games - Women,Japan vs Thailand,SPREAD,-49.5,-56.5,,"[{""price"": ""1.909"", ""arrow"": null, ""parenthetical"": null, ""highlighted"": false}, {""price"": ""1.909"", ""arrow"": null, ""parenthetical"": null, ""highlighted"": false}]","[{""price"": ""1.775"", ""arrow"": ""\u2b06"", ""parenthetical"": ""1.684"", ""highlighted"": false}, {""price"": ""1.980"", ""arrow"": ""\u2b07"", ""parenthetical"": ""2.090"", ""highlighted"": false}]",7.0,DOWN,HOME,-56.5,1.55,56.5,2.30,AWAY,108.06%,True,0.0,AWAY,ACCEPT,STALE,False,HIGH_DIRECTION_ONLY,No supplied equal-line EV bound to the sharp side,clear_sharp_side_signal,no_proven_same_side_value,False,HOME,REJECT,"bet_quality: UNFAVOURABLE (line EQUAL, price UNFAVOURABLE, EV SUPPLIED_FOR_OTHER_SIDE)",NO BET,REJECT,"bet_quality: UNFAVOURABLE (line EQUAL, price UNFAVOURABLE, EV SUPPLIED_FOR_OTHER_SIDE)",8f65e5dcfa0599637cc2b88af7904489d612e0f9ef03afe30256b4bd0c8f59e2
464,1475314653,68429,2026-09-24T04:40:01.699+00:00,2026-09-24T04:40:01+00:00,DUPLICATE,,True,basketball,Asian Games - Women,Japan vs Thailand,SPREAD,-49.5,-56.5,,"[{""price"": ""1.909"", ""arrow"": null, ""parenthetical"": null, ""highlighted"": false}, {""price"": ""1.909"", ""arrow"": null, ""parenthetical"": null, ""highlighted"": false}]","[{""price"": ""1.862"", ""arrow"": ""\u2b06"", ""parenthetical"": ""1.775"", ""highlighted"": false}, {""price"": ""1.877"", ""arrow"": ""\u2b07"", ""parenthetical"": ""1.980"", ""highlighted"": false}]",7.0,DOWN,HOME,-56.5,1.55,56.5,2.30,AWAY,114.49%,True,0.0,AWAY,ACCEPT,,False,HIGH_DIRECTION_ONLY,No supplied equal-line EV bound to the sharp side,clear_sharp_side_signal,no_proven_same_side_value,False,HOME,REJECT,"bet_quality: UNFAVOURABLE (line EQUAL, price UNFAVOURABLE, EV SUPPLIED_FOR_OTHER_SIDE)",NO BET,REJECT,"bet_quality: UNFAVOURABLE (line EQUAL, price UNFAVOURABLE, EV SUPPLIED_FOR_OTHER_SIDE)",c3c6abeaec2c6d635a2c3a65a68ddfd075e30501f70f45d676bd5640836c6697
465,1475314653,68430,2026-09-24T04:40:47.671+00:00,2026-09-24T04:40:47+00:00,PARSED_PARTIAL,,True,basketball,Asian Games - Women,Japan vs Thailand,SPREAD,-49.5,-55.5,-56.5,"[{""price"": ""1.909"", ""arrow"": null, ""parenthetical"": null, ""highlighted"": false}, {""price"": ""1.909"", ""arrow"": null, ""parenthetical"": null, ""highlighted"": false}]","[{""price"": ""1.862"", ""arrow"": ""\u2b06"", ""parenthetical"": ""1.862"", ""highlighted"": false}, {""price"": ""1.877"", ""arrow"": ""\u2b06"", ""parenthetical"": ""1.877"", ""highlighted"": false}]",6.0,DOWN,HOME,-60.5,1.83,60.5,1.83,,None (not equal lines),False,-5.0,AWAY,ACCEPT,,False,HIGH_DIRECTION_ONLY,,clear_sharp_side_signal,moved_too_far,True,HOME,REJECT,"bet_quality: UNFAVOURABLE (line UNFAVOURABLE, price NOT_COMPARABLE, EV NOT_AVAILABLE_UNEQUAL_LINES)",NO BET,REJECT,"bet_quality: UNFAVOURABLE (line UNFAVOURABLE, price NOT_COMPARABLE, EV NOT_AVAILABLE_UNEQUAL_LINES)",422f456ae430e618952fba87f11df3e98c446ae715757b037ebb09dc7166688a
466,1475314653,68431,2026-09-24T04:51:40.093+00:00,2026-09-24T04:51:40+00:00,PARSED,,True,basketball,Japan - B League,Gunma Crane Thunders vs Altiri Chiba,SPREAD,-11,-15.5,,"[{""price"": ""1.892"", ""arrow"": null, ""parenthetical"": null, ""highlighted"": false}, {""price"": ""1.892"", ""arrow"": null, ""parenthetical"": null, ""highlighted"": false}]","[{""price"": ""1.990"", ""arrow"": ""\u2b06"", ""parenthetical"": ""1.909"", ""highlighted"": false}, {""price"": ""1.793"", ""arrow"": ""\u2b07"", ""parenthetical"": ""1.869"", ""highlighted"": false}]",4.5,DOWN,HOME,-15.5,1.68,15.5,2.05,AWAY,108.33%,True,0.0,AWAY,ACCEPT,STALE,False,HIGH_DIRECTION_ONLY,No supplied equal-line EV bound to the sharp side,clear_sharp_side_signal,no_proven_same_side_value,False,HOME,REJECT,"bet_quality: UNFAVOURABLE (line EQUAL, price UNFAVOURABLE, EV SUPPLIED_FOR_OTHER_SIDE)",NO BET,REJECT,"bet_quality: UNFAVOURABLE (line EQUAL, price UNFAVOURABLE, EV SUPPLIED_FOR_OTHER_SIDE)",c6ea82aced348f60a28d5d9e77cae832c760c1760e0b43e9c25d020e14cdcfef
467,1475314653,68432,2026-09-24T04:54:27.034+00:00,2026-09-24T04:54:27+00:00,PARSED,,True,basketball,Asian Games - Women,Japan vs Thailand,SPREAD,-49.5,-56.5,-55.5,"[{""price"": ""1.909"", ""arrow"": null, ""parenthetical"": null, ""highlighted"": false}, {""price"": ""1.909"", ""arrow"": null, ""parenthetical"": null, ""highlighted"": false}]","[{""price"": ""1.869"", ""arrow"": ""\u2b06"", ""parenthetical"": ""1.787"", ""highlighted"": false}, {""price"": ""1.869"", ""arrow"": ""\u2b07"", ""parenthetical"": ""1.952"", ""highlighted"": false}]",7.0,DOWN,HOME,-56.5,1.55,56.5,2.30,AWAY,115.00%,True,0.0,AWAY,ACCEPT,STALE,False,HIGH_DIRECTION_ONLY,No supplied equal-line EV bound to the sharp side,clear_sharp_side_signal,no_proven_same_side_value,False,HOME,REJECT,"bet_quality: UNFAVOURABLE (line EQUAL, price UNFAVOURABLE, EV SUPPLIED_FOR_OTHER_SIDE)",NO BET,REJECT,"bet_quality: UNFAVOURABLE (line EQUAL, price UNFAVOURABLE, EV SUPPLIED_FOR_OTHER_SIDE)",d2d6bea95e00a356137d4c78f47dbbfba1210534987c3aee7d5193115f281a9c
494,1475314653,68459,2026-09-24T06:29:26.870+00:00,2026-09-24T06:29:26+00:00,PARSED,,True,basketball,Europe - ENBL,Anwil Wloclawek vs Donar Groningen,SPREAD,-5.5,-5.5,,"[{""price"": ""1.869"", ""arrow"": null, ""parenthetical"": null, ""highlighted"": false}, {""price"": ""1.800"", ""arrow"": null, ""parenthetical"": null, ""highlighted"": false}]","[{""price"": ""2.160"", ""arrow"": ""\u2b06"", ""parenthetical"": ""2.050"", ""highlighted"": false}, {""price"": ""1.571"", ""arrow"": ""\u2b07"", ""parenthetical"": ""1.636"", ""highlighted"": false}]",0.0,UNCHANGED,,,,,,AWAY,108.24%,,,AWAY,ACCEPT,STALE,,INSUFFICIENT,Unchanged opening/current line; price-only strategy not established,no_movement,insufficient_data,False,,AMBIGUOUS,No opening-to-current line movement; price-only target policy is unproven,AMBIGUOUS,AMBIGUOUS,No opening-to-current line movement; price-only target policy is unproven,974c4c357606c2ceb83c84d7765de582422f5c9c5aa34b710679ddcfc6205cf0
500,1475314653,68465,2026-09-24T06:33:23.874+00:00,2026-09-24T06:33:23+00:00,DUPLICATE,,True,basketball,Europe - ENBL,Anwil Wloclawek vs Donar Groningen,SPREAD,-5.5,-5.5,-3,"[{""price"": ""1.869"", ""arrow"": null, ""parenthetical"": null, ""highlighted"": false}, {""price"": ""1.800"", ""arrow"": null, ""parenthetical"": null, ""highlighted"": false}]","[{""price"": ""2.150"", ""arrow"": ""\u2b06"", ""parenthetical"": ""1.840"", ""highlighted"": false}, {""price"": ""1.578"", ""arrow"": ""\u2b07"", ""parenthetical"": ""1.819"", ""highlighted"": false}]",0.0,UNCHANGED,,,,,,AWAY,107.76%,,,AWAY,ACCEPT,,,INSUFFICIENT,Unchanged opening/current line; price-only strategy not established,no_movement,insufficient_data,False,,AMBIGUOUS,No opening-to-current line movement; price-only target policy is unproven,AMBIGUOUS,AMBIGUOUS,No opening-to-current line movement; price-only target policy is unproven,5e20f0eec64880e0285143ebcb4924b1ca608b95e73814afe15598e39e98d3b1
528,1475314653,68493,2026-09-24T06:59:24.130+00:00,2026-09-24T06:59:24+00:00,PARSED,,True,basketball,Asian Games - Women,Chinese Taipei vs Philippines,SPREAD,-2.5,-4,,"[{""price"": ""1.909"", ""arrow"": null, ""parenthetical"": null, ""highlighted"": false}, {""price"": ""1.909"", ""arrow"": null, ""parenthetical"": null, ""highlighted"": false}]","[{""price"": ""2.000"", ""arrow"": ""\u2b06"", ""parenthetical"": ""1.934"", ""highlighted"": false}, {""price"": ""1.826"", ""arrow"": ""\u2b07"", ""parenthetical"": ""1.884"", ""highlighted"": false}]",1.5,DOWN,HOME,-4,1.68,4,2.05,AWAY,107.50%,True,0,AWAY,ACCEPT,STALE,False,HIGH_DIRECTION_ONLY,No supplied equal-line EV bound to the sharp side,clear_sharp_side_signal,no_proven_same_side_value,False,HOME,REJECT,"bet_quality: UNFAVOURABLE (line EQUAL, price UNFAVOURABLE, EV SUPPLIED_FOR_OTHER_SIDE)",NO BET,REJECT,"bet_quality: UNFAVOURABLE (line EQUAL, price UNFAVOURABLE, EV SUPPLIED_FOR_OTHER_SIDE)",d812fa4379a63b2d9be24bea46d422488cab6851349bc2cf775e1fa0d671f6e7
530,1475314653,68495,2026-09-24T07:07:53.250+00:00,2026-09-24T07:07:53+00:00,PARSED,,True,basketball,Puerto Rico - Superior Nacional Women,Cangrejeras de Santurce vs Cariduros de Fajardo,SPREAD,-9.5,-9.5,-6.5,"[{""price"": ""1.833"", ""arrow"": null, ""parenthetical"": null, ""highlighted"": false}, {""price"": ""1.833"", ""arrow"": null, ""parenthetical"": null, ""highlighted"": false}]","[{""price"": ""2.190"", ""arrow"": ""\u2b06"", ""parenthetical"": ""1.826"", ""highlighted"": false}, {""price"": ""1.549"", ""arrow"": ""\u2b07"", ""parenthetical"": ""1.833"", ""highlighted"": false}]",0.0,UNCHANGED,,,,,,AWAY,109.76%,,,AWAY,ACCEPT,STALE,,INSUFFICIENT,Unchanged opening/current line; price-only strategy not established,no_movement,insufficient_data,False,,AMBIGUOUS,No opening-to-current line movement; price-only target policy is unproven,AMBIGUOUS,AMBIGUOUS,No opening-to-current line movement; price-only target policy is unproven,24a265675434f34215fbf255e31ef3ddc9d1a222e0ea34df19445f02388ef45a
532,1475314653,68497,2026-09-24T07:08:59.381+00:00,2026-09-24T07:08:59+00:00,PARSED,,True,basketball,World - Club Friendlies,Goyang Skygunners vs Seoul SK Knights,SPREAD,2.5,7.5,,"[{""price"": ""1.833"", ""arrow"": null, ""parenthetical"": null, ""highlighted"": false}, {""price"": ""1.833"", ""arrow"": null, ""parenthetical"": null, ""highlighted"": false}]","[{""price"": ""1.581"", ""arrow"": ""\u2b07"", ""parenthetical"": ""1.617"", ""highlighted"": false}, {""price"": ""2.240"", ""arrow"": ""\u2b06"", ""parenthetical"": ""2.170"", ""highlighted"": false}]",5.0,UP,AWAY,-7.5,1.83,7.5,1.83,HOME,109.23%,True,0.0,HOME,ACCEPT,STALE,False,HIGH_DIRECTION_ONLY,No supplied equal-line EV bound to the sharp side,clear_sharp_side_signal,no_proven_same_side_value,False,AWAY,REJECT,"bet_quality: UNFAVOURABLE (line EQUAL, price UNFAVOURABLE, EV SUPPLIED_FOR_OTHER_SIDE)",NO BET,REJECT,"bet_quality: UNFAVOURABLE (line EQUAL, price UNFAVOURABLE, EV SUPPLIED_FOR_OTHER_SIDE)",58b76177e183988986a82206a920f5832d9a1141ef28b314c7a22a49f325fe5d
547,1475314653,68517,2026-09-24T08:16:23.687+00:00,2026-09-24T08:16:23+00:00,PARSED,,True,basketball,Asian Games - Women,Japan vs Thailand,SPREAD,-49.5,-56.5,,"[{""price"": ""1.909"", ""arrow"": null, ""parenthetical"": null, ""highlighted"": false}, {""price"": ""1.909"", ""arrow"": null, ""parenthetical"": null, ""highlighted"": false}]","[{""price"": ""1.877"", ""arrow"": ""\u2b06"", ""parenthetical"": ""1.729"", ""highlighted"": false}, {""price"": ""1.854"", ""arrow"": ""\u2b07"", ""parenthetical"": ""2.030"", ""highlighted"": false}]",7.0,DOWN,HOME,-56.5,1.62,56.5,2.15,AWAY,108.24%,True,0.0,AWAY,ACCEPT,STALE,False,HIGH_DIRECTION_ONLY,No supplied equal-line EV bound to the sharp side,clear_sharp_side_signal,no_proven_same_side_value,False,HOME,REJECT,"bet_quality: UNFAVOURABLE (line EQUAL, price UNFAVOURABLE, EV SUPPLIED_FOR_OTHER_SIDE)",NO BET,REJECT,"bet_quality: UNFAVOURABLE (line EQUAL, price UNFAVOURABLE, EV SUPPLIED_FOR_OTHER_SIDE)",a3a5f6c57617378a03fce45fb4daf5d225095a0977086ce6d611283110258668
548,1475314653,68518,2026-09-24T08:21:23.477+00:00,2026-09-24T08:21:23+00:00,PARSED_PARTIAL,,True,basketball,Chile - LNB,CD Las Animas vs CD Espanol De Talca,SPREAD,-14,-15.5,-16.5,"[{""price"": ""1.884"", ""arrow"": null, ""parenthetical"": null, ""highlighted"": false}, {""price"": ""1.724"", ""arrow"": null, ""parenthetical"": null, ""highlighted"": false}]","[{""price"": ""1.787"", ""arrow"": ""\u2b07"", ""parenthetical"": ""1.869"", ""highlighted"": false}, {""price"": ""1.813"", ""arrow"": ""\u2b06"", ""parenthetical"": ""1.735"", ""highlighted"": false}]",1.5,DOWN,HOME,-17.5,1.83,17.5,1.83,,None (not equal lines),False,-2.0,AWAY,ACCEPT,,False,HIGH_DIRECTION_ONLY,,clear_sharp_side_signal,moved_too_far,True,HOME,REJECT,"bet_quality: UNFAVOURABLE (line UNFAVOURABLE, price NOT_COMPARABLE, EV NOT_AVAILABLE_UNEQUAL_LINES)",NO BET,REJECT,"bet_quality: UNFAVOURABLE (line UNFAVOURABLE, price NOT_COMPARABLE, EV NOT_AVAILABLE_UNEQUAL_LINES)",32f5bfbfb8affd07474ddbe698a25f0d445c71549b429af68a442afc7cc69ef2
549,1475314653,68519,2026-09-24T08:21:59.443+00:00,2026-09-24T08:21:59+00:00,PARSED_PARTIAL,,True,basketball,Chile - LNB,CD Las Animas vs CD Espanol De Talca,SPREAD,-14,-14.5,-15.5,"[{""price"": ""1.884"", ""arrow"": null, ""parenthetical"": null, ""highlighted"": false}, {""price"": ""1.724"", ""arrow"": null, ""parenthetical"": null, ""highlighted"": false}]","[{""price"": ""1.813"", ""arrow"": ""\u2b06"", ""parenthetical"": ""1.787"", ""highlighted"": false}, {""price"": ""1.787"", ""arrow"": ""\u2b07"", ""parenthetical"": ""1.813"", ""highlighted"": false}]",0.5,DOWN,HOME,-17.5,1.83,17.5,1.83,,None (not equal lines),False,-3.0,AWAY,ACCEPT,,False,HIGH_DIRECTION_ONLY,,clear_sharp_side_signal,moved_too_far,True,HOME,REJECT,"bet_quality: UNFAVOURABLE (line UNFAVOURABLE, price NOT_COMPARABLE, EV NOT_AVAILABLE_UNEQUAL_LINES)",NO BET,REJECT,"bet_quality: UNFAVOURABLE (line UNFAVOURABLE, price NOT_COMPARABLE, EV NOT_AVAILABLE_UNEQUAL_LINES)",89427792b8cf48dbb6384afba331cf8eea0af2aff84963d6ac03539e35c94cad
550,1475314653,68520,2026-09-24T08:23:38.453+00:00,2026-09-24T08:23:38+00:00,PARSED,,True,basketball,Asian Games - Women,Japan vs Thailand,SPREAD,-49.5,-56.5,,"[{""price"": ""1.909"", ""arrow"": null, ""parenthetical"": null, ""highlighted"": false}, {""price"": ""1.909"", ""arrow"": null, ""parenthetical"": null, ""highlighted"": false}]","[{""price"": ""1.909"", ""arrow"": ""\u2b06"", ""parenthetical"": ""1.833"", ""highlighted"": false}, {""price"": ""1.833"", ""arrow"": ""\u2b07"", ""parenthetical"": ""1.909"", ""highlighted"": false}]",7.0,DOWN,HOME,-56.5,1.62,56.5,2.15,AWAY,109.92%,True,0.0,AWAY,ACCEPT,STALE,False,HIGH_DIRECTION_ONLY,No supplied equal-line EV bound to the sharp side,clear_sharp_side_signal,no_proven_same_side_value,False,HOME,REJECT,"bet_quality: UNFAVOURABLE (line EQUAL, price UNFAVOURABLE, EV SUPPLIED_FOR_OTHER_SIDE)",NO BET,REJECT,"bet_quality: UNFAVOURABLE (line EQUAL, price UNFAVOURABLE, EV SUPPLIED_FOR_OTHER_SIDE)",9c7a2866f6e5e0fed36987981d2ff4434c82a4c2e8c54e311395e619a310d4b5
551,1475314653,68521,2026-09-24T08:23:45.451+00:00,2026-09-24T08:23:45+00:00,DUPLICATE,,True,basketball,Asian Games - Women,Japan vs Thailand,SPREAD,-49.5,-56.5,,"[{""price"": ""1.909"", ""arrow"": null, ""parenthetical"": null, ""highlighted"": false}, {""price"": ""1.909"", ""arrow"": null, ""parenthetical"": null, ""highlighted"": false}]","[{""price"": ""2.000"", ""arrow"": ""\u2b06"", ""parenthetical"": ""1.909"", ""highlighted"": false}, {""price"": ""1.751"", ""arrow"": ""\u2b07"", ""parenthetical"": ""1.833"", ""highlighted"": false}]",7.0,DOWN,HOME,-56.5,1.62,56.5,2.15,AWAY,115.42%,True,0.0,AWAY,ACCEPT,,False,HIGH_DIRECTION_ONLY,No supplied equal-line EV bound to the sharp side,clear_sharp_side_signal,no_proven_same_side_value,False,HOME,REJECT,"bet_quality: UNFAVOURABLE (line EQUAL, price UNFAVOURABLE, EV SUPPLIED_FOR_OTHER_SIDE)",NO BET,REJECT,"bet_quality: UNFAVOURABLE (line EQUAL, price UNFAVOURABLE, EV SUPPLIED_FOR_OTHER_SIDE)",229666e5e7a98beb81cfdd0e751559c61f45ad182f8a7fe1629b14d9e1f97e02
552,1475314653,68522,2026-09-24T08:24:02.829+00:00,2026-09-24T08:24:02+00:00,PARSED,,True,basketball,Japan - B League,Gunma Crane Thunders vs Altiri Chiba,SPREAD,-11,-15,,"[{""price"": ""1.892"", ""arrow"": null, ""parenthetical"": null, ""highlighted"": false}, {""price"": ""1.892"", ""arrow"": null, ""parenthetical"": null, ""highlighted"": false}]","[{""price"": ""1.970"", ""arrow"": ""\u2b06"", ""parenthetical"": ""1.892"", ""highlighted"": false}, {""price"": ""1.847"", ""arrow"": ""\u2b07"", ""parenthetical"": ""1.925"", ""highlighted"": false}]",4,DOWN,HOME,-15,1.68,15,2.05,AWAY,106.05%,True,0,AWAY,ACCEPT,STALE,False,HIGH_DIRECTION_ONLY,No supplied equal-line EV bound to the sharp side,clear_sharp_side_signal,no_proven_same_side_value,False,HOME,REJECT,"bet_quality: UNFAVOURABLE (line EQUAL, price UNFAVOURABLE, EV SUPPLIED_FOR_OTHER_SIDE)",NO BET,REJECT,"bet_quality: UNFAVOURABLE (line EQUAL, price UNFAVOURABLE, EV SUPPLIED_FOR_OTHER_SIDE)",6ef64d6c9da45cc04acec1fe95835fbd5d37143c999f11fa4fb095de690ca084
554,1475314653,68524,2026-09-24T08:28:30.700+00:00,2026-09-24T08:28:30+00:00,DUPLICATE,,True,basketball,Asian Games - Women,Japan vs Thailand,SPREAD,-49.5,-56.5,,"[{""price"": ""1.909"", ""arrow"": null, ""parenthetical"": null, ""highlighted"": false}, {""price"": ""1.909"", ""arrow"": null, ""parenthetical"": null, ""highlighted"": false}]","[{""price"": ""2.000"", ""arrow"": ""\u2b06"", ""parenthetical"": ""1.884"", ""highlighted"": false}, {""price"": ""1.751"", ""arrow"": ""\u2b07"", ""parenthetical"": ""1.854"", ""highlighted"": false}]",7.0,DOWN,HOME,-56.5,1.62,56.5,2.15,AWAY,115.42%,True,0.0,AWAY,ACCEPT,,False,HIGH_DIRECTION_ONLY,No supplied equal-line EV bound to the sharp side,clear_sharp_side_signal,no_proven_same_side_value,False,HOME,REJECT,"bet_quality: UNFAVOURABLE (line EQUAL, price UNFAVOURABLE, EV SUPPLIED_FOR_OTHER_SIDE)",NO BET,REJECT,"bet_quality: UNFAVOURABLE (line EQUAL, price UNFAVOURABLE, EV SUPPLIED_FOR_OTHER_SIDE)",085d0f8452390951722dbc719a59cece13509b24c773e14335e5c29f8a1623ad
555,1475314653,68525,2026-09-24T08:29:28.610+00:00,2026-09-24T08:29:28+00:00,PARSED,,True,basketball,Asian Games - Women,Japan vs Thailand,SPREAD,-49.5,-56.5,,"[{""price"": ""1.909"", ""arrow"": null, ""parenthetical"": null, ""highlighted"": false}, {""price"": ""1.909"", ""arrow"": null, ""parenthetical"": null, ""highlighted"": false}]","[{""price"": ""2.000"", ""arrow"": ""\u2b06"", ""parenthetical"": ""1.925"", ""highlighted"": false}, {""price"": ""1.751"", ""arrow"": ""\u2b07"", ""parenthetical"": ""1.813"", ""highlighted"": false}]",7.0,DOWN,HOME,-56.5,1.62,56.5,2.15,AWAY,115.42%,True,0.0,AWAY,ACCEPT,STALE,False,HIGH_DIRECTION_ONLY,No supplied equal-line EV bound to the sharp side,clear_sharp_side_signal,no_proven_same_side_value,False,HOME,REJECT,"bet_quality: UNFAVOURABLE (line EQUAL, price UNFAVOURABLE, EV SUPPLIED_FOR_OTHER_SIDE)",NO BET,REJECT,"bet_quality: UNFAVOURABLE (line EQUAL, price UNFAVOURABLE, EV SUPPLIED_FOR_OTHER_SIDE)",7e5f54f070c28558f48b021b43115e49f3895cf75b0855c7578f5e95265d5ca2
565,1475314653,68535,2026-09-24T08:49:16.777+00:00,2026-09-24T08:49:16+00:00,PARSED,,True,basketball,Asian Games - Women,Japan vs Thailand,SPREAD,-49.5,-56.5,,"[{""price"": ""1.909"", ""arrow"": null, ""parenthetical"": null, ""highlighted"": false}, {""price"": ""1.909"", ""arrow"": null, ""parenthetical"": null, ""highlighted"": false}]","[{""price"": ""2.000"", ""arrow"": ""\u2b06"", ""parenthetical"": ""1.961"", ""highlighted"": false}, {""price"": ""1.751"", ""arrow"": ""\u2b07"", ""parenthetical"": ""1.781"", ""highlighted"": false}]",7.0,DOWN,HOME,-56.5,1.62,56.5,2.15,AWAY,115.42%,True,0.0,AWAY,ACCEPT,STALE,False,HIGH_DIRECTION_ONLY,No supplied equal-line EV bound to the sharp side,clear_sharp_side_signal,no_proven_same_side_value,False,HOME,REJECT,"bet_quality: UNFAVOURABLE (line EQUAL, price UNFAVOURABLE, EV SUPPLIED_FOR_OTHER_SIDE)",NO BET,REJECT,"bet_quality: UNFAVOURABLE (line EQUAL, price UNFAVOURABLE, EV SUPPLIED_FOR_OTHER_SIDE)",edc2bad0016aa82dda15816afeaf8992787125a15cb9514375c6ebf6830fd446
566,1475314653,68537,2026-09-24T09:00:48.064+00:00,2026-09-24T09:00:48+00:00,PARSED,,True,basketball,Asian Games - Women,Japan vs Thailand,SPREAD,-49.5,-56.5,,"[{""price"": ""1.909"", ""arrow"": null, ""parenthetical"": null, ""highlighted"": false}, {""price"": ""1.909"", ""arrow"": null, ""parenthetical"": null, ""highlighted"": false}]","[{""price"": ""2.050"", ""arrow"": ""\u2b06"", ""parenthetical"": ""2.000"", ""highlighted"": false}, {""price"": ""1.714"", ""arrow"": ""\u2b07"", ""parenthetical"": ""1.751"", ""highlighted"": false}]",7.0,DOWN,HOME,-56.5,1.62,56.5,2.15,AWAY,118.15%,True,0.0,AWAY,ACCEPT,STALE,False,HIGH_DIRECTION_ONLY,No supplied equal-line EV bound to the sharp side,clear_sharp_side_signal,no_proven_same_side_value,False,HOME,REJECT,"bet_quality: UNFAVOURABLE (line EQUAL, price UNFAVOURABLE, EV SUPPLIED_FOR_OTHER_SIDE)",NO BET,REJECT,"bet_quality: UNFAVOURABLE (line EQUAL, price UNFAVOURABLE, EV SUPPLIED_FOR_OTHER_SIDE)",4acf93ccc3a92f5074e1f2638257fc078f02321f82a37c702890f264b309cca5
569,1475314653,68546,2026-09-24T09:13:54.375+00:00,2026-09-24T09:13:54+00:00,PARSED,,True,basketball,World - Club Friendlies,National Formosa University vs National Taiwan Sport University,SPREAD,5.5,5.5,,"[{""price"": ""1.833"", ""arrow"": null, ""parenthetical"": null, ""highlighted"": false}, {""price"": ""1.833"", ""arrow"": null, ""parenthetical"": null, ""highlighted"": false}]","[{""price"": ""2.110"", ""arrow"": ""\u2b06"", ""parenthetical"": ""2.030"", ""highlighted"": false}, {""price"": ""1.598"", ""arrow"": ""\u2b07"", ""parenthetical"": ""1.657"", ""highlighted"": false}]",0.0,UNCHANGED,,,,,,AWAY,106.15%,,,AWAY,ACCEPT,STALE,,INSUFFICIENT,Unchanged opening/current line; price-only strategy not established,no_movement,insufficient_data,False,,AMBIGUOUS,No opening-to-current line movement; price-only target policy is unproven,AMBIGUOUS,AMBIGUOUS,No opening-to-current line movement; price-only target policy is unproven,64d679cda03ef4d0314594e860b7032fa38811e93e287930c170e939e8055129
571,1475314653,68548,2026-09-24T09:16:14.482+00:00,2026-09-24T09:16:14+00:00,DUPLICATE,,True,basketball,World - Club Friendlies,National Formosa University vs National Taiwan Sport University,SPREAD,5.5,5.5,,"[{""price"": ""1.833"", ""arrow"": null, ""parenthetical"": null, ""highlighted"": false}, {""price"": ""1.833"", ""arrow"": null, ""parenthetical"": null, ""highlighted"": false}]","[{""price"": ""2.200"", ""arrow"": ""\u2b06"", ""parenthetical"": ""2.130"", ""highlighted"": false}, {""price"": ""1.549"", ""arrow"": ""\u2b07"", ""parenthetical"": ""1.584"", ""highlighted"": false}]",0.0,UNCHANGED,,,,,,AWAY,109.94%,,,AWAY,ACCEPT,,,INSUFFICIENT,Unchanged opening/current line; price-only strategy not established,no_movement,insufficient_data,False,,AMBIGUOUS,No opening-to-current line movement; price-only target policy is unproven,AMBIGUOUS,AMBIGUOUS,No opening-to-current line movement; price-only target policy is unproven,651b9c4aee7b9b13f441a07609378c75dd4d14ab430cb429fd984c943c8d0df9
575,1475314653,68552,2026-09-24T09:37:42.806+00:00,2026-09-24T09:37:42+00:00,PARSED,,True,basketball,World - Club Friendlies,National Formosa University vs National Taiwan Sport University,SPREAD,5.5,8.5,,"[{""price"": ""1.833"", ""arrow"": null, ""parenthetical"": null, ""highlighted"": false}, {""price"": ""1.833"", ""arrow"": null, ""parenthetical"": null, ""highlighted"": false}]","[{""price"": ""1.578"", ""arrow"": ""\u2b07"", ""parenthetical"": ""1.649"", ""highlighted"": false}, {""price"": ""2.140"", ""arrow"": ""\u2b06"", ""parenthetical"": ""2.030"", ""highlighted"": false}]",3.0,UP,AWAY,-8.5,1.83,8.5,1.83,HOME,107.57%,True,0.0,HOME,ACCEPT,STALE,False,HIGH_DIRECTION_ONLY,No supplied equal-line EV bound to the sharp side,clear_sharp_side_signal,no_proven_same_side_value,False,AWAY,REJECT,"bet_quality: UNFAVOURABLE (line EQUAL, price UNFAVOURABLE, EV SUPPLIED_FOR_OTHER_SIDE)",NO BET,REJECT,"bet_quality: UNFAVOURABLE (line EQUAL, price UNFAVOURABLE, EV SUPPLIED_FOR_OTHER_SIDE)",57edfd2f710e782722844e90442235ddd6cf6c8db3994fd16fa51f528f5b82d0
576,1475314653,68553,2026-09-24T09:38:12.595+00:00,2026-09-24T09:38:12+00:00,PARSED,,True,basketball,World - Intercontinental Cup,Atletico Boca Juniors vs NBA G League United,SPREAD,13,13,,"[{""price"": ""1.869"", ""arrow"": null, ""parenthetical"": null, ""highlighted"": false}, {""price"": ""1.869"", ""arrow"": null, ""parenthetical"": null, ""highlighted"": false}]","[{""price"": ""2.000"", ""arrow"": ""\u2b06"", ""parenthetical"": ""1.862"", ""highlighted"": false}, {""price"": ""1.740"", ""arrow"": ""\u2b07"", ""parenthetical"": ""1.869"", ""highlighted"": false}]",0,UNCHANGED,,,,,,AWAY,110.45%,,,AWAY,ACCEPT,STALE,,INSUFFICIENT,Unchanged opening/current line; price-only strategy not established,no_movement,insufficient_data,False,,AMBIGUOUS,No opening-to-current line movement; price-only target policy is unproven,AMBIGUOUS,AMBIGUOUS,No opening-to-current line movement; price-only target policy is unproven,b0ff70ea7d0e28f32e5d9dd34db9b39a6eba77ca685a6b62bf0058292177a5a3
577,1475314653,68554,2026-09-24T09:39:35.308+00:00,2026-09-24T09:39:35+00:00,DUPLICATE,,True,basketball,World - Club Friendlies,National Formosa University vs National Taiwan Sport University,SPREAD,5.5,8.5,,"[{""price"": ""1.833"", ""arrow"": null, ""parenthetical"": null, ""highlighted"": false}, {""price"": ""1.833"", ""arrow"": null, ""parenthetical"": null, ""highlighted"": false}]","[{""price"": ""1.512"", ""arrow"": ""\u2b07"", ""parenthetical"": ""1.578"", ""highlighted"": false}, {""price"": ""2.270"", ""arrow"": ""\u2b06"", ""parenthetical"": ""2.140"", ""highlighted"": false}]",3.0,UP,AWAY,-8.5,1.83,8.5,1.83,HOME,112.84%,True,0.0,HOME,ACCEPT,,False,HIGH_DIRECTION_ONLY,No supplied equal-line EV bound to the sharp side,clear_sharp_side_signal,no_proven_same_side_value,False,AWAY,REJECT,"bet_quality: UNFAVOURABLE (line EQUAL, price UNFAVOURABLE, EV SUPPLIED_FOR_OTHER_SIDE)",NO BET,REJECT,"bet_quality: UNFAVOURABLE (line EQUAL, price UNFAVOURABLE, EV SUPPLIED_FOR_OTHER_SIDE)",24023e491539752fb75bd605327315a314ee135cb651a505204ffc3d994d7d06
580,1475314653,68557,2026-09-24T09:46:50.741+00:00,2026-09-24T09:46:50+00:00,PARSED,,True,basketball,Europe - Eurocup Qualification Women,CAB Estepona vs Polisportiva A Galli San Giovanni Valdarno,TOTALS,134.5,139.5,,"[{""price"": ""1.840"", ""arrow"": null, ""parenthetical"": null, ""highlighted"": false}, {""price"": ""1.826"", ""arrow"": null, ""parenthetical"": null, ""highlighted"": false}]","[{""price"": ""2.150"", ""arrow"": ""\u2b06"", ""parenthetical"": ""2.060"", ""highlighted"": false}, {""price"": ""1.591"", ""arrow"": ""\u2b07"", ""parenthetical"": ""1.645"", ""highlighted"": false}]",5.0,UP,OVER,139.5,1.83,139.5,1.83,UNDER,107.21%,True,0.0,UNDER,ACCEPT,STALE,False,HIGH_DIRECTION_ONLY,No supplied equal-line EV bound to the sharp side,clear_sharp_side_signal,no_proven_same_side_value,False,OVER,REJECT,"bet_quality: UNFAVOURABLE (line EQUAL, price UNFAVOURABLE, EV SUPPLIED_FOR_OTHER_SIDE)",NO BET,REJECT,"bet_quality: UNFAVOURABLE (line EQUAL, price UNFAVOURABLE, EV SUPPLIED_FOR_OTHER_SIDE)",82022fb5a0418f3146f832ae88a59420d0ed3ff8726514657416462d2fe0b81a
595,1475314653,68572,2026-09-24T10:07:52.624+00:00,2026-09-24T10:07:52+00:00,PARSED,,True,basketball,Asian Games - Women,Japan vs Thailand,SPREAD,-49.5,-56.5,,"[{""price"": ""1.909"", ""arrow"": null, ""parenthetical"": null, ""highlighted"": false}, {""price"": ""1.909"", ""arrow"": null, ""parenthetical"": null, ""highlighted"": false}]","[{""price"": ""1.900"", ""arrow"": ""\u2b06"", ""parenthetical"": ""1.793"", ""highlighted"": false}, {""price"": ""1.840"", ""arrow"": ""\u2b07"", ""parenthetical"": ""1.952"", ""highlighted"": false}]",7.0,DOWN,HOME,-56.5,1.62,56.5,2.15,AWAY,109.41%,True,0.0,AWAY,ACCEPT,STALE,False,HIGH_DIRECTION_ONLY,No supplied equal-line EV bound to the sharp side,clear_sharp_side_signal,no_proven_same_side_value,False,HOME,REJECT,"bet_quality: UNFAVOURABLE (line EQUAL, price UNFAVOURABLE, EV SUPPLIED_FOR_OTHER_SIDE)",NO BET,REJECT,"bet_quality: UNFAVOURABLE (line EQUAL, price UNFAVOURABLE, EV SUPPLIED_FOR_OTHER_SIDE)",367f5c6309e8e597cdf895b5c58b0f89a0f425f4725dd60cb386579e1f8f3fca
596,1475314653,68573,2026-09-24T10:14:59.063+00:00,2026-09-24T10:14:59+00:00,PARSED,,True,basketball,Asian Games - Women,Japan vs Thailand,SPREAD,-49.5,-56.5,,"[{""price"": ""1.909"", ""arrow"": null, ""parenthetical"": null, ""highlighted"": false}, {""price"": ""1.909"", ""arrow"": null, ""parenthetical"": null, ""highlighted"": false}]","[{""price"": ""1.909"", ""arrow"": ""\u2b06"", ""parenthetical"": ""1.854"", ""highlighted"": false}, {""price"": ""1.833"", ""arrow"": ""\u2b07"", ""parenthetical"": ""1.884"", ""highlighted"": false}]",7.0,DOWN,HOME,-56.5,1.62,56.5,2.15,AWAY,109.92%,True,0.0,AWAY,ACCEPT,STALE,False,HIGH_DIRECTION_ONLY,No supplied equal-line EV bound to the sharp side,clear_sharp_side_signal,no_proven_same_side_value,False,HOME,REJECT,"bet_quality: UNFAVOURABLE (line EQUAL, price UNFAVOURABLE, EV SUPPLIED_FOR_OTHER_SIDE)",NO BET,REJECT,"bet_quality: UNFAVOURABLE (line EQUAL, price UNFAVOURABLE, EV SUPPLIED_FOR_OTHER_SIDE)",9fbe08891f21b508c0388ab98ce88057c523ae12b09d6e731810b0bf29141173
601,1475314653,68578,2026-09-24T10:50:15.693+00:00,2026-09-24T10:50:15+00:00,PARSED_PARTIAL,,True,basketball,Czech Republic - ZBL Women,BK Loko Trutnov vs Slovanka MB,SPREAD,-26,-24,-26,"[{""price"": ""1.833"", ""arrow"": null, ""parenthetical"": null, ""highlighted"": false}, {""price"": ""1.769"", ""arrow"": null, ""parenthetical"": null, ""highlighted"": false}]","[{""price"": ""1.819"", ""arrow"": ""\u2b07"", ""parenthetical"": ""1.833"", ""highlighted"": false}, {""price"": ""1.781"", ""arrow"": ""\u2b06"", ""parenthetical"": ""1.769"", ""highlighted"": false}]",2,UP,AWAY,11.5,1.83,-11.5,1.83,,None (not equal lines),False,-12.5,HOME,ACCEPT,,False,HIGH_DIRECTION_ONLY,,clear_sharp_side_signal,moved_too_far,False,AWAY,REJECT,"bet_quality: UNFAVOURABLE (line UNFAVOURABLE, price NOT_COMPARABLE, EV NOT_AVAILABLE_UNEQUAL_LINES)",NO BET,REJECT,"bet_quality: UNFAVOURABLE (line UNFAVOURABLE, price NOT_COMPARABLE, EV NOT_AVAILABLE_UNEQUAL_LINES)",2f74447566388ebce38c325165ed41edcd15bca0d8658b55b014eae4feb4bc02
602,1475314653,68579,2026-09-24T10:50:15.713+00:00,2026-09-24T10:50:15+00:00,PARSED_PARTIAL,,True,basketball,Czech Republic - ZBL Women,BK Loko Trutnov vs Slovanka MB,TOTALS,155,153.5,155,"[{""price"": ""1.854"", ""arrow"": null, ""parenthetical"": null, ""highlighted"": false}, {""price"": ""1.746"", ""arrow"": null, ""parenthetical"": null, ""highlighted"": false}]","[{""price"": ""1.787"", ""arrow"": ""\u2b07"", ""parenthetical"": ""1.854"", ""highlighted"": false}, {""price"": ""1.813"", ""arrow"": ""\u2b06"", ""parenthetical"": ""1.746"", ""highlighted"": false}]",1.5,DOWN,UNDER,147.5,1.83,147.5,1.83,,None (not equal lines),False,-6.0,OVER,ACCEPT,,False,HIGH_DIRECTION_ONLY,,clear_sharp_side_signal,moved_too_far,False,UNDER,REJECT,"bet_quality: UNFAVOURABLE (line UNFAVOURABLE, price NOT_COMPARABLE, EV NOT_AVAILABLE_UNEQUAL_LINES)",NO BET,REJECT,"bet_quality: UNFAVOURABLE (line UNFAVOURABLE, price NOT_COMPARABLE, EV NOT_AVAILABLE_UNEQUAL_LINES)",503b4d3220a05622c1f5c02788db0f37ce25251903c8dce65c90066c5381b727
603,1475314653,68580,2026-09-24T10:51:02.607+00:00,2026-09-24T10:51:02+00:00,PARSED_PARTIAL,,True,basketball,Czech Republic - ZBL Women,BK Loko Trutnov vs Slovanka MB,SPREAD,-26,-23.5,-24,"[{""price"": ""1.833"", ""arrow"": null, ""parenthetical"": null, ""highlighted"": false}, {""price"": ""1.769"", ""arrow"": null, ""parenthetical"": null, ""highlighted"": false}]","[{""price"": ""1.813"", ""arrow"": ""\u2b07"", ""parenthetical"": ""1.854"", ""highlighted"": false}, {""price"": ""1.787"", ""arrow"": ""\u2b06"", ""parenthetical"": ""1.746"", ""highlighted"": false}]",2.5,UP,AWAY,11.5,1.83,-11.5,1.83,,None (not equal lines),False,-12.0,HOME,ACCEPT,,False,HIGH_DIRECTION_ONLY,,clear_sharp_side_signal,moved_too_far,False,AWAY,REJECT,"bet_quality: UNFAVOURABLE (line UNFAVOURABLE, price NOT_COMPARABLE, EV NOT_AVAILABLE_UNEQUAL_LINES)",NO BET,REJECT,"bet_quality: UNFAVOURABLE (line UNFAVOURABLE, price NOT_COMPARABLE, EV NOT_AVAILABLE_UNEQUAL_LINES)",f96e0015575371c9595e64d78411a5a950c813256f7f465ef543cb142db32d6e
604,1475314653,68581,2026-09-24T10:56:14.784+00:00,2026-09-24T10:56:14+00:00,PARSED_PARTIAL,,True,basketball,Czech Republic - ZBL Women,BK Loko Trutnov vs Slovanka MB,TOTALS,155,152.5,153.5,"[{""price"": ""1.854"", ""arrow"": null, ""parenthetical"": null, ""highlighted"": false}, {""price"": ""1.746"", ""arrow"": null, ""parenthetical"": null, ""highlighted"": false}]","[{""price"": ""1.800"", ""arrow"": ""\u2b07"", ""parenthetical"": ""1.877"", ""highlighted"": false}, {""price"": ""1.800"", ""arrow"": ""\u2b06"", ""parenthetical"": ""1.729"", ""highlighted"": false}]",2.5,DOWN,UNDER,147.5,1.83,147.5,1.83,,None (not equal lines),False,-5.0,OVER,ACCEPT,,False,HIGH_DIRECTION_ONLY,,clear_sharp_side_signal,moved_too_far,False,UNDER,REJECT,"bet_quality: UNFAVOURABLE (line UNFAVOURABLE, price NOT_COMPARABLE, EV NOT_AVAILABLE_UNEQUAL_LINES)",NO BET,REJECT,"bet_quality: UNFAVOURABLE (line UNFAVOURABLE, price NOT_COMPARABLE, EV NOT_AVAILABLE_UNEQUAL_LINES)",a4830e4fc1df9b410110fd4bda6cd3191d7eebaba2b38f2fd3fe6e43c10be8ac
605,1475314653,68582,2026-09-24T10:56:14.832+00:00,2026-09-24T10:56:14+00:00,PARSED_PARTIAL,,True,basketball,Czech Republic - ZBL Women,BK Loko Trutnov vs Slovanka MB,SPREAD,-26,-20.5,-21.5,"[{""price"": ""1.833"", ""arrow"": null, ""parenthetical"": null, ""highlighted"": false}, {""price"": ""1.769"", ""arrow"": null, ""parenthetical"": null, ""highlighted"": false}]","[{""price"": ""1.800"", ""arrow"": ""\u2b06"", ""parenthetical"": ""1.793"", ""highlighted"": false}, {""price"": ""1.800"", ""arrow"": ""\u2b07"", ""parenthetical"": ""1.806"", ""highlighted"": false}]",5.5,UP,AWAY,11.5,1.83,-11.5,1.83,,None (not equal lines),False,-9.0,HOME,ACCEPT,,False,HIGH_DIRECTION_ONLY,,clear_sharp_side_signal,moved_too_far,False,AWAY,REJECT,"bet_quality: UNFAVOURABLE (line UNFAVOURABLE, price NOT_COMPARABLE, EV NOT_AVAILABLE_UNEQUAL_LINES)",NO BET,REJECT,"bet_quality: UNFAVOURABLE (line UNFAVOURABLE, price NOT_COMPARABLE, EV NOT_AVAILABLE_UNEQUAL_LINES)",069c4289da1ed9456f263a6f7dcc55facaaa681ee311f058d2a4b3fb6f6cd15b
606,1475314653,68583,2026-09-24T11:00:39.294+00:00,2026-09-24T11:00:39+00:00,PARSED_PARTIAL,,True,basketball,Czech Republic - ZBL Women,BK Loko Trutnov vs Slovanka MB,SPREAD,-26,-22.5,-20.5,"[{""price"": ""1.833"", ""arrow"": null, ""parenthetical"": null, ""highlighted"": false}, {""price"": ""1.769"", ""arrow"": null, ""parenthetical"": null, ""highlighted"": false}]","[{""price"": ""1.813"", ""arrow"": ""\u2b06"", ""parenthetical"": ""1.800"", ""highlighted"": false}, {""price"": ""1.787"", ""arrow"": ""\u2b07"", ""parenthetical"": ""1.800"", ""highlighted"": false}]",3.5,UP,AWAY,11.5,1.83,-11.5,1.83,,None (not equal lines),False,-11.0,HOME,ACCEPT,,False,HIGH_DIRECTION_ONLY,,clear_sharp_side_signal,moved_too_far,True,AWAY,REJECT,"bet_quality: UNFAVOURABLE (line UNFAVOURABLE, price NOT_COMPARABLE, EV NOT_AVAILABLE_UNEQUAL_LINES)",NO BET,REJECT,"bet_quality: UNFAVOURABLE (line UNFAVOURABLE, price NOT_COMPARABLE, EV NOT_AVAILABLE_UNEQUAL_LINES)",efb11439df881ee66fe68f785ac5b3e7044d043ce11a24116d7ea7214c44416d
607,1475314653,68584,2026-09-24T11:00:39.328+00:00,2026-09-24T11:00:39+00:00,PARSED_PARTIAL,,True,basketball,Czech Republic - ZBL Women,BK Loko Trutnov vs Slovanka MB,TOTALS,155,152.5,,"[{""price"": ""1.854"", ""arrow"": null, ""parenthetical"": null, ""highlighted"": false}, {""price"": ""1.746"", ""arrow"": null, ""parenthetical"": null, ""highlighted"": false}]","[{""price"": ""1.740"", ""arrow"": ""\u2b07"", ""parenthetical"": ""1.800"", ""highlighted"": false}, {""price"": ""1.862"", ""arrow"": ""\u2b06"", ""parenthetical"": ""1.800"", ""highlighted"": false}]",2.5,DOWN,UNDER,147.5,1.83,147.5,1.83,,None (not equal lines),False,-5.0,OVER,ACCEPT,,False,HIGH_DIRECTION_ONLY,,clear_sharp_side_signal,moved_too_far,False,UNDER,REJECT,"bet_quality: UNFAVOURABLE (line UNFAVOURABLE, price NOT_COMPARABLE, EV NOT_AVAILABLE_UNEQUAL_LINES)",NO BET,REJECT,"bet_quality: UNFAVOURABLE (line UNFAVOURABLE, price NOT_COMPARABLE, EV NOT_AVAILABLE_UNEQUAL_LINES)",dc62047d472eef6cdb8fc285db5b6b72fc58e2b5e3b1210f37bccc3a3b201cee
609,1475314653,68586,2026-09-24T11:06:52.932+00:00,2026-09-24T11:06:52+00:00,PARSED,,True,basketball,Europe - Eurocup Qualification Women,CAB Estepona vs Polisportiva A Galli San Giovanni Valdarno,SPREAD,1,-8.5,-5,"[{""price"": ""1.819"", ""arrow"": null, ""parenthetical"": null, ""highlighted"": false}, {""price"": ""1.847"", ""arrow"": null, ""parenthetical"": null, ""highlighted"": false}]","[{""price"": ""2.150"", ""arrow"": ""\u2b06"", ""parenthetical"": ""1.800"", ""highlighted"": false}, {""price"": ""1.578"", ""arrow"": ""\u2b07"", ""parenthetical"": ""1.862"", ""highlighted"": false}]",9.5,DOWN,HOME,-8.5,1.83,8.5,1.83,AWAY,107.76%,True,0.0,AWAY,ACCEPT,STALE,False,HIGH_DIRECTION_ONLY,No supplied equal-line EV bound to the sharp side,clear_sharp_side_signal,no_proven_same_side_value,False,HOME,REJECT,"bet_quality: UNFAVOURABLE (line EQUAL, price UNFAVOURABLE, EV SUPPLIED_FOR_OTHER_SIDE)",NO BET,REJECT,"bet_quality: UNFAVOURABLE (line EQUAL, price UNFAVOURABLE, EV SUPPLIED_FOR_OTHER_SIDE)",efa87380646b28f6e25b1af12799ac254caab7338b86de51fd51065fb3f58544
618,1475314653,68596,2026-09-24T11:48:03.587+00:00,2026-09-24T11:48:03+00:00,PARSED,,True,basketball,Australia - NBL,Brisbane Bullets vs Illawarra Hawks,TOTALS,185.5,185,,"[{""price"": ""1.892"", ""arrow"": null, ""parenthetical"": null, ""highlighted"": false}, {""price"": ""1.892"", ""arrow"": null, ""parenthetical"": null, ""highlighted"": false}]","[{""price"": ""1.813"", ""arrow"": ""\u2b07"", ""parenthetical"": ""1.877"", ""highlighted"": false}, {""price"": ""1.980"", ""arrow"": ""\u2b06"", ""parenthetical"": ""1.909"", ""highlighted"": false}]",0.5,DOWN,UNDER,185,1.75,185,2.05,OVER,107.40%,True,0,OVER,ACCEPT,STALE,False,HIGH_DIRECTION_ONLY,No supplied equal-line EV bound to the sharp side,clear_sharp_side_signal,no_proven_same_side_value,False,UNDER,REJECT,"bet_quality: UNFAVOURABLE (line EQUAL, price UNFAVOURABLE, EV SUPPLIED_FOR_OTHER_SIDE)",NO BET,REJECT,"bet_quality: UNFAVOURABLE (line EQUAL, price UNFAVOURABLE, EV SUPPLIED_FOR_OTHER_SIDE)",4f67f0188924be626abf1077695db567d4176fe8a451cf68c011ba349f06a2ff
620,1475314653,68598,2026-09-24T11:53:11.241+00:00,2026-09-24T11:53:11+00:00,PARSED_PARTIAL,,True,basketball,Germany - Bundesliga,TBB Trier vs Baskets Bonn,TOTALS,176.5,176.5,,"[{""price"": ""1.900"", ""arrow"": null, ""parenthetical"": null, ""highlighted"": false}, {""price"": ""1.900"", ""arrow"": null, ""parenthetical"": null, ""highlighted"": false}]","[{""price"": ""1.943"", ""arrow"": ""\u2b06"", ""parenthetical"": ""1.900"", ""highlighted"": false}, {""price"": ""1.854"", ""arrow"": ""\u2b07"", ""parenthetical"": ""1.900"", ""highlighted"": false}]",0.0,UNCHANGED,,,,,,,None (not equal lines),,,UNDER,ACCEPT,,,INSUFFICIENT,Unchanged opening/current line; price-only strategy not established,no_movement,insufficient_data,False,,AMBIGUOUS,No opening-to-current line movement; price-only target policy is unproven,AMBIGUOUS,AMBIGUOUS,No opening-to-current line movement; price-only target policy is unproven,6b5904812db66b4675f7f2581778eab3572bc487ab0fa36365482835625a146d
622,1475314653,68600,2026-09-24T12:00:51.117+00:00,2026-09-24T12:00:51+00:00,PARSED,,True,basketball,Australia - NBL,Brisbane Bullets vs Illawarra Hawks,SPREAD,-1.5,-2,,"[{""price"": ""1.892"", ""arrow"": null, ""parenthetical"": null, ""highlighted"": false}, {""price"": ""1.892"", ""arrow"": null, ""parenthetical"": null, ""highlighted"": false}]","[{""price"": ""2.120"", ""arrow"": ""\u2b06"", ""parenthetical"": ""1.961"", ""highlighted"": false}, {""price"": ""1.689"", ""arrow"": ""\u2b07"", ""parenthetical"": ""1.826"", ""highlighted"": false}]",0.5,DOWN,HOME,-2,1.91,2,1.91,AWAY,107.37%,True,0,AWAY,ACCEPT,STALE,False,HIGH_DIRECTION_ONLY,No supplied equal-line EV bound to the sharp side,clear_sharp_side_signal,no_proven_same_side_value,False,HOME,REJECT,"bet_quality: UNFAVOURABLE (line EQUAL, price UNFAVOURABLE, EV SUPPLIED_FOR_OTHER_SIDE)",NO BET,REJECT,"bet_quality: UNFAVOURABLE (line EQUAL, price UNFAVOURABLE, EV SUPPLIED_FOR_OTHER_SIDE)",eb497f95a647d00c3ff055bb4aaa2a601458a34ed98040d7ae23cc04f06960b9
624,1475314653,68602,2026-09-24T12:01:28.742+00:00,2026-09-24T12:01:28+00:00,PARSED,,True,basketball,Brazil - Paulista FPB U20,Araraquara vs Mogi Das Cruzes,TOTALS,153.5,154.5,,"[{""price"": ""1.813"", ""arrow"": null, ""parenthetical"": null, ""highlighted"": false}, {""price"": ""1.854"", ""arrow"": null, ""parenthetical"": null, ""highlighted"": false}]","[{""price"": ""2.150"", ""arrow"": ""\u2b06"", ""parenthetical"": ""2.080"", ""highlighted"": false}, {""price"": ""1.591"", ""arrow"": ""\u2b07"", ""parenthetical"": ""1.632"", ""highlighted"": false}]",1.0,UP,OVER,154.5,1.83,154.5,1.83,UNDER,107.21%,True,0.0,UNDER,ACCEPT,STALE,False,HIGH_DIRECTION_ONLY,No supplied equal-line EV bound to the sharp side,clear_sharp_side_signal,no_proven_same_side_value,False,OVER,REJECT,"bet_quality: UNFAVOURABLE (line EQUAL, price UNFAVOURABLE, EV SUPPLIED_FOR_OTHER_SIDE)",NO BET,REJECT,"bet_quality: UNFAVOURABLE (line EQUAL, price UNFAVOURABLE, EV SUPPLIED_FOR_OTHER_SIDE)",524f23a19f7d58da20c826f9b82206b9f063b53d7d4b97ca28e2e22b60d61607
629,1475314653,68608,2026-09-24T12:05:29.854+00:00,2026-09-24T12:05:29+00:00,PARSED_PARTIAL,,True,basketball,Hungary - Nemzeti Bajnoksag I.A,Szolnoki Olaj vs OSE Lions,SPREAD,-15.5,-15,,"[{""price"": ""1.869"", ""arrow"": null, ""parenthetical"": null, ""highlighted"": false}, {""price"": ""1.800"", ""arrow"": null, ""parenthetical"": null, ""highlighted"": false}]","[{""price"": ""1.636"", ""arrow"": ""\u2b07"", ""parenthetical"": ""1.800"", ""highlighted"": false}, {""price"": ""2.050"", ""arrow"": ""\u2b06"", ""parenthetical"": ""1.862"", ""highlighted"": false}]",0.5,UP,AWAY,12.5,1.83,-12.5,1.83,,None (not equal lines),False,-2.5,HOME,ACCEPT,,False,HIGH_DIRECTION_ONLY,,clear_sharp_side_signal,moved_too_far,False,AWAY,REJECT,"bet_quality: UNFAVOURABLE (line UNFAVOURABLE, price NOT_COMPARABLE, EV NOT_AVAILABLE_UNEQUAL_LINES)",NO BET,REJECT,"bet_quality: UNFAVOURABLE (line UNFAVOURABLE, price NOT_COMPARABLE, EV NOT_AVAILABLE_UNEQUAL_LINES)",4a90388e0bc9b8493e89d45ba7a709a426aee2365f2a8b7369b3b1148a6c3e96
630,1475314653,68609,2026-09-24T12:12:51.492+00:00,2026-09-24T12:12:51+00:00,PARSED,,True,basketball,Germany - Bundesliga,TBB Trier vs Baskets Bonn,SPREAD,3.5,4.5,,"[{""price"": ""1.900"", ""arrow"": null, ""parenthetical"": null, ""highlighted"": false}, {""price"": ""1.900"", ""arrow"": null, ""parenthetical"": null, ""highlighted"": false}]","[{""price"": ""1.675"", ""arrow"": ""\u2b07"", ""parenthetical"": ""1.735"", ""highlighted"": false}, {""price"": ""2.170"", ""arrow"": ""\u2b06"", ""parenthetical"": ""2.080"", ""highlighted"": false}]",1.0,UP,AWAY,-4.5,1.86,4.5,1.86,HOME,106.03%,True,0.0,HOME,ACCEPT,STALE,False,HIGH_DIRECTION_ONLY,No supplied equal-line EV bound to the sharp side,clear_sharp_side_signal,no_proven_same_side_value,False,AWAY,REJECT,"bet_quality: UNFAVOURABLE (line EQUAL, price UNFAVOURABLE, EV SUPPLIED_FOR_OTHER_SIDE)",NO BET,REJECT,"bet_quality: UNFAVOURABLE (line EQUAL, price UNFAVOURABLE, EV SUPPLIED_FOR_OTHER_SIDE)",88391a65ff4e68205cad31859212c88a22c3e734f93082d67bd0519648df36d2
638,1475314653,68617,2026-09-24T12:38:09.949+00:00,2026-09-24T12:38:09+00:00,PARSED,,True,basketball,Germany - Bundesliga,TBB Trier vs Baskets Bonn,SPREAD,3.5,4.5,,"[{""price"": ""1.900"", ""arrow"": null, ""parenthetical"": null, ""highlighted"": false}, {""price"": ""1.900"", ""arrow"": null, ""parenthetical"": null, ""highlighted"": false}]","[{""price"": ""1.617"", ""arrow"": ""\u2b07"", ""parenthetical"": ""1.675"", ""highlighted"": false}, {""price"": ""2.280"", ""arrow"": ""\u2b06"", ""parenthetical"": ""2.170"", ""highlighted"": false}]",1.0,UP,AWAY,-4.5,1.86,4.5,1.86,HOME,110.20%,True,0.0,HOME,ACCEPT,STALE,False,HIGH_DIRECTION_ONLY,No supplied equal-line EV bound to the sharp side,clear_sharp_side_signal,no_proven_same_side_value,False,AWAY,REJECT,"bet_quality: UNFAVOURABLE (line EQUAL, price UNFAVOURABLE, EV SUPPLIED_FOR_OTHER_SIDE)",NO BET,REJECT,"bet_quality: UNFAVOURABLE (line EQUAL, price UNFAVOURABLE, EV SUPPLIED_FOR_OTHER_SIDE)",903ad0f63ca774e0998815911d9263e798a2bef32cdcfd2a7bcdbf01f13e2302
647,1475314653,68628,2026-09-24T13:11:51.931+00:00,2026-09-24T13:11:51+00:00,PARSED,,True,basketball,Europe - Eurocup Qualification Women,BC Beroe vs Ferrol,SPREAD,6.5,21.5,,"[{""price"": ""1.833"", ""arrow"": null, ""parenthetical"": null, ""highlighted"": false}, {""price"": ""1.833"", ""arrow"": null, ""parenthetical"": null, ""highlighted"": false}]","[{""price"": ""1.613"", ""arrow"": ""\u2b07"", ""parenthetical"": ""1.645"", ""highlighted"": false}, {""price"": ""2.180"", ""arrow"": ""\u2b06"", ""parenthetical"": ""2.140"", ""highlighted"": false}]",15.0,UP,AWAY,-21.5,1.83,21.5,1.83,HOME,106.86%,True,0.0,HOME,ACCEPT,STALE,False,HIGH_DIRECTION_ONLY,No supplied equal-line EV bound to the sharp side,clear_sharp_side_signal,no_proven_same_side_value,False,AWAY,REJECT,"bet_quality: UNFAVOURABLE (line EQUAL, price UNFAVOURABLE, EV SUPPLIED_FOR_OTHER_SIDE)",NO BET,REJECT,"bet_quality: UNFAVOURABLE (line EQUAL, price UNFAVOURABLE, EV SUPPLIED_FOR_OTHER_SIDE)",a692f719a16bbc7bb51a05b133cbd27ac89c9a174a7ebe0f48cd78055afac09b
648,1475314653,68629,2026-09-24T13:12:43.306+00:00,2026-09-24T13:12:43+00:00,DUPLICATE,,True,basketball,Europe - Eurocup Qualification Women,BC Beroe vs Ferrol,SPREAD,6.5,21.5,,"[{""price"": ""1.833"", ""arrow"": null, ""parenthetical"": null, ""highlighted"": false}, {""price"": ""1.833"", ""arrow"": null, ""parenthetical"": null, ""highlighted"": false}]","[{""price"": ""1.574"", ""arrow"": ""\u2b07"", ""parenthetical"": ""1.606"", ""highlighted"": false}, {""price"": ""2.250"", ""arrow"": ""\u2b06"", ""parenthetical"": ""2.190"", ""highlighted"": false}]",15.0,UP,AWAY,-21.5,1.83,21.5,1.83,HOME,109.70%,True,0.0,HOME,ACCEPT,,False,HIGH_DIRECTION_ONLY,No supplied equal-line EV bound to the sharp side,clear_sharp_side_signal,no_proven_same_side_value,False,AWAY,REJECT,"bet_quality: UNFAVOURABLE (line EQUAL, price UNFAVOURABLE, EV SUPPLIED_FOR_OTHER_SIDE)",NO BET,REJECT,"bet_quality: UNFAVOURABLE (line EQUAL, price UNFAVOURABLE, EV SUPPLIED_FOR_OTHER_SIDE)",4357bc35803ddbc48ce358aeee4094134fbaa5a8785475c2544a51305eda6266
651,1475314653,68632,2026-09-24T13:16:06.282+00:00,2026-09-24T13:16:06+00:00,PARSED,,True,basketball,Europe - Eurocup Qualification Women,BC Beroe vs Ferrol,SPREAD,6.5,20,,"[{""price"": ""1.833"", ""arrow"": null, ""parenthetical"": null, ""highlighted"": false}, {""price"": ""1.833"", ""arrow"": null, ""parenthetical"": null, ""highlighted"": false}]","[{""price"": ""1.574"", ""arrow"": ""\u2b07"", ""parenthetical"": ""1.675"", ""highlighted"": false}, {""price"": ""2.250"", ""arrow"": ""\u2b06"", ""parenthetical"": ""2.090"", ""highlighted"": false}]",13.5,UP,AWAY,-20,1.83,20,1.83,HOME,109.70%,True,0,HOME,ACCEPT,STALE,False,HIGH_DIRECTION_ONLY,No supplied equal-line EV bound to the sharp side,clear_sharp_side_signal,no_proven_same_side_value,False,AWAY,REJECT,"bet_quality: UNFAVOURABLE (line EQUAL, price UNFAVOURABLE, EV SUPPLIED_FOR_OTHER_SIDE)",NO BET,REJECT,"bet_quality: UNFAVOURABLE (line EQUAL, price UNFAVOURABLE, EV SUPPLIED_FOR_OTHER_SIDE)",3cdf47e7adb9fcf51adb614bb691536f1fb1f1ebaaaeb7d0cab00fdd131b1369
659,1475314653,68642,2026-09-24T14:47:28.262+00:00,2026-09-24T14:47:28+00:00,PARSED,,True,basketball,Hungary - Nemzeti Bajnoksag I.A,Soproni KC vs Debreceni EAC,SPREAD,-6,-6.5,,"[{""price"": ""1.869"", ""arrow"": null, ""parenthetical"": null, ""highlighted"": false}, {""price"": ""1.800"", ""arrow"": null, ""parenthetical"": null, ""highlighted"": false}]","[{""price"": ""2.180"", ""arrow"": ""\u2b06"", ""parenthetical"": ""2.080"", ""highlighted"": false}, {""price"": ""1.555"", ""arrow"": ""\u2b07"", ""parenthetical"": ""1.613"", ""highlighted"": false}]",0.5,DOWN,HOME,-6.5,1.83,6.5,1.83,AWAY,109.31%,True,0.0,AWAY,ACCEPT,STALE,False,HIGH_DIRECTION_ONLY,No supplied equal-line EV bound to the sharp side,clear_sharp_side_signal,no_proven_same_side_value,False,HOME,REJECT,"bet_quality: UNFAVOURABLE (line EQUAL, price UNFAVOURABLE, EV SUPPLIED_FOR_OTHER_SIDE)",NO BET,REJECT,"bet_quality: UNFAVOURABLE (line EQUAL, price UNFAVOURABLE, EV SUPPLIED_FOR_OTHER_SIDE)",9e005629377c1b0ac0d2d88fca1ebab3635c5324dcfa2625d4d3b94156e19c43
660,1475314653,68643,2026-09-24T14:48:26.780+00:00,2026-09-24T14:48:26+00:00,PARSED,,True,basketball,France - Nationale 1,Besancon vs Val De Seine,SPREAD,-6.5,-6.5,,"[{""price"": ""1.854"", ""arrow"": null, ""parenthetical"": null, ""highlighted"": false}, {""price"": ""1.813"", ""arrow"": null, ""parenthetical"": null, ""highlighted"": false}]","[{""price"": ""2.120"", ""arrow"": ""\u2b06"", ""parenthetical"": ""1.980"", ""highlighted"": false}, {""price"": ""1.595"", ""arrow"": ""\u2b07"", ""parenthetical"": ""1.694"", ""highlighted"": false}]",0.0,UNCHANGED,,,,,,AWAY,106.47%,,,AWAY,ACCEPT,STALE,,INSUFFICIENT,Unchanged opening/current line; price-only strategy not established,no_movement,insufficient_data,False,,AMBIGUOUS,No opening-to-current line movement; price-only target policy is unproven,AMBIGUOUS,AMBIGUOUS,No opening-to-current line movement; price-only target policy is unproven,2228b199efa9ff76f6c331b12e2f11e2f805a8c56b23f73ef5852e85d76b773d
663,1475314653,68646,2026-09-24T14:48:37.251+00:00,2026-09-24T14:48:37+00:00,PARSED_PARTIAL,,True,basketball,World - Club Friendlies,Anyang Jungkwanjang Red Boosters vs Suwon KT Sonicboom,SPREAD,-2.5,2,,"[{""price"": ""1.833"", ""arrow"": null, ""parenthetical"": null, ""highlighted"": false}, {""price"": ""1.833"", ""arrow"": null, ""parenthetical"": null, ""highlighted"": false}]","[{""price"": ""1.990"", ""arrow"": ""\u2b06"", ""parenthetical"": ""1.840"", ""highlighted"": false}, {""price"": ""1.684"", ""arrow"": ""\u2b07"", ""parenthetical"": ""1.819"", ""highlighted"": false}]",4.5,UP,AWAY,1.5,1.83,-1.5,1.83,,None (not equal lines),False,3.5,AWAY,ACCEPT,,True,HIGH_DIRECTION_ONLY,Cross-book favourite disagreement; Bet365 orientation needs verification,clear_sharp_side_signal,ambiguous,False,,AMBIGUOUS,Pinnacle (2) and Bet365 (-1.5) favour different teams by 3.5 points: the Bet365 spread appears to have an unresolved sign reference; do not assume a perspective correction,AMBIGUOUS,AMBIGUOUS,Pinnacle (2) and Bet365 (-1.5) favour different teams by 3.5 points: the Bet365 spread appears to have an unresolved sign reference; do not assume a perspective correction,966d16807311c56d9c9a9e5b31ecf5c7317cdd804c6c8339fca48f29a5612153
665,1475314653,68648,2026-09-24T14:48:46.109+00:00,2026-09-24T14:48:46+00:00,PARSED_PARTIAL,,True,basketball,World - Club Friendlies,Anyang Jungkwanjang Red Boosters vs Suwon KT Sonicboom,SPREAD,-2.5,3,,"[{""price"": ""1.833"", ""arrow"": null, ""parenthetical"": null, ""highlighted"": false}, {""price"": ""1.833"", ""arrow"": null, ""parenthetical"": null, ""highlighted"": false}]","[{""price"": ""1.917"", ""arrow"": ""\u2b06"", ""parenthetical"": ""1.840"", ""highlighted"": false}, {""price"": ""1.757"", ""arrow"": ""\u2b07"", ""parenthetical"": ""1.826"", ""highlighted"": false}]",5.5,UP,AWAY,1.5,1.83,-1.5,1.83,,None (not equal lines),False,4.5,AWAY,ACCEPT,,True,HIGH_DIRECTION_ONLY,Cross-book favourite disagreement; Bet365 orientation needs verification,clear_sharp_side_signal,ambiguous,False,,AMBIGUOUS,Pinnacle (3) and Bet365 (-1.5) favour different teams by 4.5 points: the Bet365 spread appears to have an unresolved sign reference; do not assume a perspective correction,AMBIGUOUS,AMBIGUOUS,Pinnacle (3) and Bet365 (-1.5) favour different teams by 4.5 points: the Bet365 spread appears to have an unresolved sign reference; do not assume a perspective correction,e608dd73d4137e101c6697522fd74567b83a05c8cf7c3e8838de26ca39d1a95c
667,1475314653,68650,2026-09-24T14:49:28.152+00:00,2026-09-24T14:49:28+00:00,PARSED_PARTIAL,,True,basketball,World - Club Friendlies,Anyang Jungkwanjang Red Boosters vs Suwon KT Sonicboom,SPREAD,-2.5,3.5,,"[{""price"": ""1.833"", ""arrow"": null, ""parenthetical"": null, ""highlighted"": false}, {""price"": ""1.833"", ""arrow"": null, ""parenthetical"": null, ""highlighted"": false}]","[{""price"": ""1.869"", ""arrow"": ""\u2b06"", ""parenthetical"": ""1.800"", ""highlighted"": false}, {""price"": ""1.793"", ""arrow"": ""\u2b07"", ""parenthetical"": ""1.854"", ""highlighted"": false}]",6.0,UP,AWAY,1.5,1.83,-1.5,1.83,,None (not equal lines),False,5.0,AWAY,ACCEPT,,True,HIGH_DIRECTION_ONLY,Cross-book favourite disagreement; Bet365 orientation needs verification,clear_sharp_side_signal,ambiguous,False,,AMBIGUOUS,Pinnacle (3.5) and Bet365 (-1.5) favour different teams by 5.0 points: the Bet365 spread appears to have an unresolved sign reference; do not assume a perspective correction,AMBIGUOUS,AMBIGUOUS,Pinnacle (3.5) and Bet365 (-1.5) favour different teams by 5.0 points: the Bet365 spread appears to have an unresolved sign reference; do not assume a perspective correction,f282621b09c66663835e3d6d7290fd15c5b491cf3dad4eca038e901526d01f41
680,1475314653,68663,2026-09-24T15:16:28.583+00:00,2026-09-24T15:16:28+00:00,PARSED_PARTIAL,,True,basketball,Asian Games - Women,Japan vs Chinese Taipei,TOTALS,149.5,149.5,,"[{""price"": ""1.934"", ""arrow"": null, ""parenthetical"": null, ""highlighted"": false}, {""price"": ""1.884"", ""arrow"": null, ""parenthetical"": null, ""highlighted"": false}]","[{""price"": ""1.900"", ""arrow"": ""\u2b07"", ""parenthetical"": ""1.934"", ""highlighted"": false}, {""price"": ""1.917"", ""arrow"": ""\u2b06"", ""parenthetical"": ""1.884"", ""highlighted"": false}]",0.0,UNCHANGED,,,,,,,None (not equal lines),,,OVER,ACCEPT,,,INSUFFICIENT,Unchanged opening/current line; price-only strategy not established,no_movement,insufficient_data,False,,AMBIGUOUS,No opening-to-current line movement; price-only target policy is unproven,AMBIGUOUS,AMBIGUOUS,No opening-to-current line movement; price-only target policy is unproven,a5e7c30112fd77e1d2088ace7f8958a5b00b3da11bb28c8c099be771b93e47ff
690,1475314653,68675,2026-09-24T15:41:34.443+00:00,2026-09-24T15:41:34+00:00,PARSED,,True,basketball,Puerto Rico - Superior Nacional Women,Explosivas de Moca vs Leonas De Ponce,SPREAD,-9,-9.5,,"[{""price"": ""1.847"", ""arrow"": null, ""parenthetical"": null, ""highlighted"": false}, {""price"": ""1.819"", ""arrow"": null, ""parenthetical"": null, ""highlighted"": false}]","[{""price"": ""2.120"", ""arrow"": ""\u2b06"", ""parenthetical"": ""2.090"", ""highlighted"": false}, {""price"": ""1.591"", ""arrow"": ""\u2b07"", ""parenthetical"": ""1.617"", ""highlighted"": false}]",0.5,DOWN,HOME,-9.5,1.83,9.5,1.83,AWAY,106.63%,True,0.0,AWAY,ACCEPT,STALE,False,HIGH_DIRECTION_ONLY,No supplied equal-line EV bound to the sharp side,clear_sharp_side_signal,no_proven_same_side_value,False,HOME,REJECT,"bet_quality: UNFAVOURABLE (line EQUAL, price UNFAVOURABLE, EV SUPPLIED_FOR_OTHER_SIDE)",NO BET,REJECT,"bet_quality: UNFAVOURABLE (line EQUAL, price UNFAVOURABLE, EV SUPPLIED_FOR_OTHER_SIDE)",57f7bfe2a702594c40ce29e30329c138f0789e85e87aaac6b38a6054dc76884c
691,1475314653,68676,2026-09-24T15:41:42.507+00:00,2026-09-24T15:41:42+00:00,DUPLICATE,,True,basketball,Puerto Rico - Superior Nacional Women,Explosivas de Moca vs Leonas De Ponce,SPREAD,-9,-9.5,,"[{""price"": ""1.847"", ""arrow"": null, ""parenthetical"": null, ""highlighted"": false}, {""price"": ""1.819"", ""arrow"": null, ""parenthetical"": null, ""highlighted"": false}]","[{""price"": ""2.190"", ""arrow"": ""\u2b06"", ""parenthetical"": ""2.120"", ""highlighted"": false}, {""price"": ""1.552"", ""arrow"": ""\u2b07"", ""parenthetical"": ""1.591"", ""highlighted"": false}]",0.5,DOWN,HOME,-9.5,1.83,9.5,1.83,AWAY,109.62%,True,0.0,AWAY,ACCEPT,,False,HIGH_DIRECTION_ONLY,No supplied equal-line EV bound to the sharp side,clear_sharp_side_signal,no_proven_same_side_value,False,HOME,REJECT,"bet_quality: UNFAVOURABLE (line EQUAL, price UNFAVOURABLE, EV SUPPLIED_FOR_OTHER_SIDE)",NO BET,REJECT,"bet_quality: UNFAVOURABLE (line EQUAL, price UNFAVOURABLE, EV SUPPLIED_FOR_OTHER_SIDE)",8ccac62d19aafdbe370d7b7777d03e5c076d12dc6ccc55a30481bb244a525454
692,1475314653,68677,2026-09-24T15:41:48.491+00:00,2026-09-24T15:41:48+00:00,DUPLICATE,,True,basketball,Puerto Rico - Superior Nacional Women,Explosivas de Moca vs Leonas De Ponce,SPREAD,-9,-9.5,,"[{""price"": ""1.847"", ""arrow"": null, ""parenthetical"": null, ""highlighted"": false}, {""price"": ""1.819"", ""arrow"": null, ""parenthetical"": null, ""highlighted"": false}]","[{""price"": ""2.260"", ""arrow"": ""\u2b06"", ""parenthetical"": ""2.190"", ""highlighted"": false}, {""price"": ""1.518"", ""arrow"": ""\u2b07"", ""parenthetical"": ""1.552"", ""highlighted"": false}]",0.5,DOWN,HOME,-9.5,1.83,9.5,1.83,AWAY,112.39%,True,0.0,AWAY,ACCEPT,,False,HIGH_DIRECTION_ONLY,No supplied equal-line EV bound to the sharp side,clear_sharp_side_signal,no_proven_same_side_value,False,HOME,REJECT,"bet_quality: UNFAVOURABLE (line EQUAL, price UNFAVOURABLE, EV SUPPLIED_FOR_OTHER_SIDE)",NO BET,REJECT,"bet_quality: UNFAVOURABLE (line EQUAL, price UNFAVOURABLE, EV SUPPLIED_FOR_OTHER_SIDE)",9fcbd2e4c10a27db9eba612b5a3cc5a9da73e15590738dddec8e1311e6c82e14
693,1475314653,68678,2026-09-24T15:42:07.486+00:00,2026-09-24T15:42:07+00:00,PARSED,,True,basketball,Uruguay - Tercera de Ascenso,Auriblanco vs Juventud Las Piedras,SPREAD,-7.5,-7.5,,"[{""price"": ""1.826"", ""arrow"": null, ""parenthetical"": null, ""highlighted"": false}, {""price"": ""1.840"", ""arrow"": null, ""parenthetical"": null, ""highlighted"": false}]","[{""price"": ""2.160"", ""arrow"": ""\u2b06"", ""parenthetical"": ""2.090"", ""highlighted"": false}, {""price"": ""1.571"", ""arrow"": ""\u2b07"", ""parenthetical"": ""1.613"", ""highlighted"": false}]",0.0,UNCHANGED,,,,,,AWAY,108.24%,,,AWAY,ACCEPT,STALE,,INSUFFICIENT,Unchanged opening/current line; price-only strategy not established,no_movement,insufficient_data,False,,AMBIGUOUS,No opening-to-current line movement; price-only target policy is unproven,AMBIGUOUS,AMBIGUOUS,No opening-to-current line movement; price-only target policy is unproven,99b63214eb80c38d5be71f0fba7e7e4fc5d40b9a87e2601205e04b6003010cc9
712,1475314653,68697,2026-09-24T16:03:00.891+00:00,2026-09-24T16:03:00+00:00,PARSED,,True,basketball,Hungary - Nemzeti Bajnoksag I.A,Soproni KC vs Debreceni EAC,SPREAD,-6,-6.5,,"[{""price"": ""1.869"", ""arrow"": null, ""parenthetical"": null, ""highlighted"": false}, {""price"": ""1.800"", ""arrow"": null, ""parenthetical"": null, ""highlighted"": false}]","[{""price"": ""2.320"", ""arrow"": ""\u2b06"", ""parenthetical"": ""2.190"", ""highlighted"": false}, {""price"": ""1.487"", ""arrow"": ""\u2b07"", ""parenthetical"": ""1.552"", ""highlighted"": false}]",0.5,DOWN,HOME,-6.5,1.83,6.5,1.83,AWAY,114.86%,True,0.0,AWAY,ACCEPT,STALE,False,HIGH_DIRECTION_ONLY,No supplied equal-line EV bound to the sharp side,clear_sharp_side_signal,no_proven_same_side_value,False,HOME,REJECT,"bet_quality: UNFAVOURABLE (line EQUAL, price UNFAVOURABLE, EV SUPPLIED_FOR_OTHER_SIDE)",NO BET,REJECT,"bet_quality: UNFAVOURABLE (line EQUAL, price UNFAVOURABLE, EV SUPPLIED_FOR_OTHER_SIDE)",2c2d59dccded96c6da499c2f352d1efb4277559cbc055f6bd3e396d36bdc688b
716,1475314653,68701,2026-09-24T16:14:01.441+00:00,2026-09-24T16:14:01+00:00,PARSED,,True,basketball,Germany - Bundesliga,Riesen Ludwigsburg vs Rostock Seawolves,SPREAD,1,1,,"[{""price"": ""1.862"", ""arrow"": null, ""parenthetical"": null, ""highlighted"": false}, {""price"": ""1.943"", ""arrow"": null, ""parenthetical"": null, ""highlighted"": false}]","[{""price"": ""2.010"", ""arrow"": ""\u2b06"", ""parenthetical"": ""1.892"", ""highlighted"": false}, {""price"": ""1.833"", ""arrow"": ""\u2b07"", ""parenthetical"": ""1.943"", ""highlighted"": false}]",0,UNCHANGED,,,,,,AWAY,110.15%,,,AWAY,ACCEPT,STALE,,INSUFFICIENT,Unchanged opening/current line; price-only strategy not established,no_movement,insufficient_data,False,,AMBIGUOUS,No opening-to-current line movement; price-only target policy is unproven,AMBIGUOUS,AMBIGUOUS,No opening-to-current line movement; price-only target policy is unproven,3ed20aafacc8e10ce059fc4fc59be8f61b8368f2f801d0d99fb191b8b91f8cad
736,1475314653,68721,2026-09-24T16:38:03.320+00:00,2026-09-24T16:38:03+00:00,PARSED,,True,basketball,Puerto Rico - Superior Nacional Women,Gigantes de Carolina vs Atenienses de Manati,SPREAD,2,-4.5,,"[{""price"": ""1.847"", ""arrow"": null, ""parenthetical"": null, ""highlighted"": false}, {""price"": ""1.813"", ""arrow"": null, ""parenthetical"": null, ""highlighted"": false}]","[{""price"": ""2.260"", ""arrow"": ""\u2b06"", ""parenthetical"": ""2.040"", ""highlighted"": false}, {""price"": ""1.515"", ""arrow"": ""\u2b07"", ""parenthetical"": ""1.641"", ""highlighted"": false}]",6.5,DOWN,HOME,-4.5,1.83,4.5,1.83,AWAY,112.53%,True,0.0,AWAY,ACCEPT,STALE,False,HIGH_DIRECTION_ONLY,No supplied equal-line EV bound to the sharp side,clear_sharp_side_signal,no_proven_same_side_value,False,HOME,REJECT,"bet_quality: UNFAVOURABLE (line EQUAL, price UNFAVOURABLE, EV SUPPLIED_FOR_OTHER_SIDE)",NO BET,REJECT,"bet_quality: UNFAVOURABLE (line EQUAL, price UNFAVOURABLE, EV SUPPLIED_FOR_OTHER_SIDE)",8ce44514876198b8a1a7d42617245ac83e1624146d7a9ba6f118afad9ceefd02
739,1475314653,68724,2026-09-24T16:44:36.135+00:00,2026-09-24T16:44:36+00:00,PARSED,,True,basketball,Estonia - I Liiga,Tere Kadrina Karud vs Rapla KK,TOTALS,175,174.5,,"[{""price"": ""1.862"", ""arrow"": null, ""parenthetical"": null, ""highlighted"": false}, {""price"": ""1.806"", ""arrow"": null, ""parenthetical"": null, ""highlighted"": false}]","[{""price"": ""1.584"", ""arrow"": ""\u2b07"", ""parenthetical"": ""1.613"", ""highlighted"": false}, {""price"": ""2.160"", ""arrow"": ""\u2b06"", ""parenthetical"": ""2.110"", ""highlighted"": false}]",0.5,DOWN,UNDER,174.5,1.83,174.5,1.83,OVER,107.69%,True,0.0,OVER,ACCEPT,STALE,False,HIGH_DIRECTION_ONLY,No supplied equal-line EV bound to the sharp side,clear_sharp_side_signal,no_proven_same_side_value,False,UNDER,REJECT,"bet_quality: UNFAVOURABLE (line EQUAL, price UNFAVOURABLE, EV SUPPLIED_FOR_OTHER_SIDE)",NO BET,REJECT,"bet_quality: UNFAVOURABLE (line EQUAL, price UNFAVOURABLE, EV SUPPLIED_FOR_OTHER_SIDE)",c1a387843b672cf540f98db3e44864a9c759c342353f51d2e43ae2e63f549ddc
749,1475314653,68734,2026-09-24T17:14:34.121+00:00,2026-09-24T17:14:34+00:00,PARSED_PARTIAL,,True,basketball,Europe - Eurocup Qualification Women,Geneva Elite Basket vs Saarlouis Royals,SPREAD,15.5,22.5,,"[{""price"": ""1.833"", ""arrow"": null, ""parenthetical"": null, ""highlighted"": false}, {""price"": ""1.833"", ""arrow"": null, ""parenthetical"": null, ""highlighted"": false}]","[{""price"": ""1.735"", ""arrow"": ""\u2b07"", ""parenthetical"": ""1.869"", ""highlighted"": false}, {""price"": ""2.010"", ""arrow"": ""\u2b06"", ""parenthetical"": ""1.869"", ""highlighted"": false}]",7.0,UP,AWAY,-25.5,1.83,25.5,1.83,,None (not equal lines),False,-3.0,HOME,ACCEPT,,False,HIGH_DIRECTION_ONLY,,clear_sharp_side_signal,moved_too_far,False,AWAY,REJECT,"bet_quality: UNFAVOURABLE (line UNFAVOURABLE, price NOT_COMPARABLE, EV NOT_AVAILABLE_UNEQUAL_LINES)",NO BET,REJECT,"bet_quality: UNFAVOURABLE (line UNFAVOURABLE, price NOT_COMPARABLE, EV NOT_AVAILABLE_UNEQUAL_LINES)",8b9cc9cee43aa9a97ac12ca0be56d2f7c30c0eff8517d5561fd19b6481efcd9c
751,1475314653,68736,2026-09-24T17:16:40.652+00:00,2026-09-24T17:16:40+00:00,PARSED,,True,basketball,Europe - Eurocup Qualification Women,Geneva Elite Basket vs Saarlouis Royals,SPREAD,15.5,22.5,,"[{""price"": ""1.833"", ""arrow"": null, ""parenthetical"": null, ""highlighted"": false}, {""price"": ""1.833"", ""arrow"": null, ""parenthetical"": null, ""highlighted"": false}]","[{""price"": ""1.588"", ""arrow"": ""\u2b07"", ""parenthetical"": ""1.684"", ""highlighted"": false}, {""price"": ""2.230"", ""arrow"": ""\u2b06"", ""parenthetical"": ""2.070"", ""highlighted"": false}]",7.0,UP,AWAY,-22.5,1.83,22.5,1.83,HOME,108.77%,True,0.0,HOME,ACCEPT,STALE,False,HIGH_DIRECTION_ONLY,No supplied equal-line EV bound to the sharp side,clear_sharp_side_signal,no_proven_same_side_value,False,AWAY,REJECT,"bet_quality: UNFAVOURABLE (line EQUAL, price UNFAVOURABLE, EV SUPPLIED_FOR_OTHER_SIDE)",NO BET,REJECT,"bet_quality: UNFAVOURABLE (line EQUAL, price UNFAVOURABLE, EV SUPPLIED_FOR_OTHER_SIDE)",59f43b292e4d01db4490bcf6d42e5c299fd28a7c0fe854783f00ea1db9d86a5e
752,1475314653,68737,2026-09-24T17:17:31.127+00:00,2026-09-24T17:17:31+00:00,PARSED_PARTIAL,,True,basketball,Europe - Eurocup Qualification Women,Geneva Elite Basket vs Saarlouis Royals,SPREAD,15.5,20.5,,"[{""price"": ""1.833"", ""arrow"": null, ""parenthetical"": null, ""highlighted"": false}, {""price"": ""1.833"", ""arrow"": null, ""parenthetical"": null, ""highlighted"": false}]","[{""price"": ""1.740"", ""arrow"": ""\u2b07"", ""parenthetical"": ""1.840"", ""highlighted"": false}, {""price"": ""2.000"", ""arrow"": ""\u2b06"", ""parenthetical"": ""1.900"", ""highlighted"": false}]",5.0,UP,AWAY,-22.5,1.83,22.5,1.83,,None (not equal lines),False,-2.0,HOME,ACCEPT,,False,HIGH_DIRECTION_ONLY,,clear_sharp_side_signal,moved_too_far,False,AWAY,REJECT,"bet_quality: UNFAVOURABLE (line UNFAVOURABLE, price NOT_COMPARABLE, EV NOT_AVAILABLE_UNEQUAL_LINES)",NO BET,REJECT,"bet_quality: UNFAVOURABLE (line UNFAVOURABLE, price NOT_COMPARABLE, EV NOT_AVAILABLE_UNEQUAL_LINES)",907a323b26ec3c05d61b9d198a1161206d68fb718da066681622457f41d42cd7
759,1475314653,68744,2026-09-24T17:47:55.512+00:00,2026-09-24T17:47:55+00:00,PARSED_PARTIAL,,True,basketball,Puerto Rico - Superior Nacional Women,Gigantes de Carolina vs Atenienses de Manati,SPREAD,2,1.5,,"[{""price"": ""1.847"", ""arrow"": null, ""parenthetical"": null, ""highlighted"": false}, {""price"": ""1.813"", ""arrow"": null, ""parenthetical"": null, ""highlighted"": false}]","[{""price"": ""1.934"", ""arrow"": ""\u2b06"", ""parenthetical"": ""1.854"", ""highlighted"": false}, {""price"": ""1.724"", ""arrow"": ""\u2b07"", ""parenthetical"": ""1.813"", ""highlighted"": false}]",0.5,DOWN,HOME,-2,1.83,2,1.83,,None (not equal lines),False,-3.5,AWAY,ACCEPT,,False,HIGH_DIRECTION_ONLY,Cross-book favourite disagreement; Bet365 orientation needs verification,clear_sharp_side_signal,ambiguous,False,,AMBIGUOUS,Pinnacle (1.5) and Bet365 (-2) favour different teams by 3.5 points: the Bet365 spread appears to have an unresolved sign reference; do not assume a perspective correction,AMBIGUOUS,AMBIGUOUS,Pinnacle (1.5) and Bet365 (-2) favour different teams by 3.5 points: the Bet365 spread appears to have an unresolved sign reference; do not assume a perspective correction,e7c156e721cb3fa636caa17c623a4b08394246cfeb372d50f5d811e5b76b7d85
762,1475314653,68747,2026-09-24T17:50:04.161+00:00,2026-09-24T17:50:04+00:00,PARSED,,True,basketball,Puerto Rico - Superior Nacional Women,Gigantes de Carolina vs Atenienses de Manati,SPREAD,2,-2,2.5,"[{""price"": ""1.847"", ""arrow"": null, ""parenthetical"": null, ""highlighted"": false}, {""price"": ""1.813"", ""arrow"": null, ""parenthetical"": null, ""highlighted"": false}]","[{""price"": ""2.140"", ""arrow"": ""\u2b06"", ""parenthetical"": ""1.806"", ""highlighted"": false}, {""price"": ""1.578"", ""arrow"": ""\u2b07"", ""parenthetical"": ""1.862"", ""highlighted"": false}]",4,DOWN,HOME,-2,1.83,2,1.83,AWAY,107.57%,True,0,AWAY,ACCEPT,STALE,False,HIGH_DIRECTION_ONLY,No supplied equal-line EV bound to the sharp side,clear_sharp_side_signal,no_proven_same_side_value,False,HOME,REJECT,"bet_quality: UNFAVOURABLE (line EQUAL, price UNFAVOURABLE, EV SUPPLIED_FOR_OTHER_SIDE)",NO BET,REJECT,"bet_quality: UNFAVOURABLE (line EQUAL, price UNFAVOURABLE, EV SUPPLIED_FOR_OTHER_SIDE)",f3a340fac6759e24d5cc0c2aeb95684d021cf3506685f6479a8f790d4638b1ff
783,1475314653,68770,2026-09-24T18:05:43.703+00:00,2026-09-24T18:05:43+00:00,PARSED_PARTIAL,,True,basketball,Chile - LNB,CD Castro vs CSD Colo Colo,SPREAD,4.5,-1.5,-5,"[{""price"": ""1.854"", ""arrow"": null, ""parenthetical"": null, ""highlighted"": false}, {""price"": ""1.746"", ""arrow"": null, ""parenthetical"": null, ""highlighted"": false}]","[{""price"": ""1.833"", ""arrow"": ""\u2b07"", ""parenthetical"": ""1.847"", ""highlighted"": false}, {""price"": ""1.833"", ""arrow"": ""\u2b06"", ""parenthetical"": ""1.819"", ""highlighted"": false}]",6.0,DOWN,HOME,-4.5,1.83,4.5,1.83,,None (not equal lines),False,-3.0,AWAY,ACCEPT,,False,HIGH_DIRECTION_ONLY,,clear_sharp_side_signal,moved_too_far,True,HOME,REJECT,"bet_quality: UNFAVOURABLE (line UNFAVOURABLE, price NOT_COMPARABLE, EV NOT_AVAILABLE_UNEQUAL_LINES)",NO BET,REJECT,"bet_quality: UNFAVOURABLE (line UNFAVOURABLE, price NOT_COMPARABLE, EV NOT_AVAILABLE_UNEQUAL_LINES)",b93f020827644e438dc1138efcef83d07518b78b4d26da5ef64ca0354937f0f2
785,1475314653,68772,2026-09-24T18:06:51.064+00:00,2026-09-24T18:06:51+00:00,PARSED_PARTIAL,,True,basketball,Chile - LNB,CD Castro vs CSD Colo Colo,SPREAD,4.5,-2,-1.5,"[{""price"": ""1.854"", ""arrow"": null, ""parenthetical"": null, ""highlighted"": false}, {""price"": ""1.746"", ""arrow"": null, ""parenthetical"": null, ""highlighted"": false}]","[{""price"": ""1.826"", ""arrow"": ""\u2b06"", ""parenthetical"": ""1.763"", ""highlighted"": false}, {""price"": ""1.840"", ""arrow"": ""\u2b07"", ""parenthetical"": ""1.909"", ""highlighted"": false}]",6.5,DOWN,HOME,-4.5,1.83,4.5,1.83,,None (not equal lines),False,-2.5,AWAY,ACCEPT,,False,HIGH_DIRECTION_ONLY,,clear_sharp_side_signal,moved_too_far,False,HOME,REJECT,"bet_quality: UNFAVOURABLE (line UNFAVOURABLE, price NOT_COMPARABLE, EV NOT_AVAILABLE_UNEQUAL_LINES)",NO BET,REJECT,"bet_quality: UNFAVOURABLE (line UNFAVOURABLE, price NOT_COMPARABLE, EV NOT_AVAILABLE_UNEQUAL_LINES)",84db13bc31dc00e8cbf821f6b8eff3afb982016d7a5f52c9bc727c46ea4ef024
786,1475314653,68773,2026-09-24T18:09:20.527+00:00,2026-09-24T18:09:20+00:00,PARSED,,True,basketball,Brazil - Paulista FPB U20,Araraquara vs Mogi Das Cruzes,TOTALS,153.5,154.5,,"[{""price"": ""1.813"", ""arrow"": null, ""parenthetical"": null, ""highlighted"": false}, {""price"": ""1.854"", ""arrow"": null, ""parenthetical"": null, ""highlighted"": false}]","[{""price"": ""2.180"", ""arrow"": ""\u2b06"", ""parenthetical"": ""2.140"", ""highlighted"": false}, {""price"": ""1.632"", ""arrow"": ""\u2b07"", ""parenthetical"": ""1.653"", ""highlighted"": false}]",1.0,UP,OVER,154.5,1.83,154.5,1.83,UNDER,106.11%,True,0.0,UNDER,ACCEPT,STALE,False,HIGH_DIRECTION_ONLY,No supplied equal-line EV bound to the sharp side,clear_sharp_side_signal,no_proven_same_side_value,False,OVER,REJECT,"bet_quality: UNFAVOURABLE (line EQUAL, price UNFAVOURABLE, EV SUPPLIED_FOR_OTHER_SIDE)",NO BET,REJECT,"bet_quality: UNFAVOURABLE (line EQUAL, price UNFAVOURABLE, EV SUPPLIED_FOR_OTHER_SIDE)",c2bbc4762b9fca2c14e405259eefdffff59c90e0c9227dc4d834ed21d244c99d
792,1475314653,68779,2026-09-24T18:11:21.380+00:00,2026-09-24T18:11:21+00:00,PARSED_PARTIAL,,True,basketball,Chile - LNB,CD ABA Ancud vs CEB Puerto Montt,TOTALS,159,158.5,158,"[{""price"": ""1.877"", ""arrow"": null, ""parenthetical"": null, ""highlighted"": false}, {""price"": ""1.724"", ""arrow"": null, ""parenthetical"": null, ""highlighted"": false}]","[{""price"": ""1.806"", ""arrow"": ""\u2b07"", ""parenthetical"": ""1.813"", ""highlighted"": false}, {""price"": ""1.862"", ""arrow"": ""\u2b06"", ""parenthetical"": ""1.854"", ""highlighted"": false}]",0.5,DOWN,UNDER,156.5,1.83,156.5,1.83,,None (not equal lines),False,-2.0,OVER,ACCEPT,,False,HIGH_DIRECTION_ONLY,,clear_sharp_side_signal,moved_too_far,True,UNDER,REJECT,"bet_quality: UNFAVOURABLE (line UNFAVOURABLE, price NOT_COMPARABLE, EV NOT_AVAILABLE_UNEQUAL_LINES)",NO BET,REJECT,"bet_quality: UNFAVOURABLE (line UNFAVOURABLE, price NOT_COMPARABLE, EV NOT_AVAILABLE_UNEQUAL_LINES)",030a41d26805cb5de9ae34df5174097dc63333fcc6a9c096c821cc05122ca9b4
800,1475314653,68787,2026-09-24T18:17:00.766+00:00,2026-09-24T18:17:00+00:00,PARSED,,True,basketball,Hungary - Nemzeti Bajnoksag I.A,Szolnoki Olaj vs OSE Lions,SPREAD,-15.5,-23.5,,"[{""price"": ""1.869"", ""arrow"": null, ""parenthetical"": null, ""highlighted"": false}, {""price"": ""1.800"", ""arrow"": null, ""parenthetical"": null, ""highlighted"": false}]","[{""price"": ""2.120"", ""arrow"": ""\u2b06"", ""parenthetical"": ""1.990"", ""highlighted"": false}, {""price"": ""1.591"", ""arrow"": ""\u2b07"", ""parenthetical"": ""1.689"", ""highlighted"": false}]",8.0,DOWN,HOME,-23.5,1.83,23.5,1.83,AWAY,106.63%,True,0.0,AWAY,ACCEPT,STALE,False,HIGH_DIRECTION_ONLY,No supplied equal-line EV bound to the sharp side,clear_sharp_side_signal,no_proven_same_side_value,False,HOME,REJECT,"bet_quality: UNFAVOURABLE (line EQUAL, price UNFAVOURABLE, EV SUPPLIED_FOR_OTHER_SIDE)",NO BET,REJECT,"bet_quality: UNFAVOURABLE (line EQUAL, price UNFAVOURABLE, EV SUPPLIED_FOR_OTHER_SIDE)",c66464b3f1107127b451e77404450fc4e3a6d284ef2c3b9dd23281d90fd49a7d
801,1475314653,68788,2026-09-24T18:17:06.905+00:00,2026-09-24T18:17:06+00:00,DUPLICATE,,True,basketball,Hungary - Nemzeti Bajnoksag I.A,Szolnoki Olaj vs OSE Lions,SPREAD,-15.5,-23.5,,"[{""price"": ""1.869"", ""arrow"": null, ""parenthetical"": null, ""highlighted"": false}, {""price"": ""1.800"", ""arrow"": null, ""parenthetical"": null, ""highlighted"": false}]","[{""price"": ""2.190"", ""arrow"": ""\u2b06"", ""parenthetical"": ""2.120"", ""highlighted"": false}, {""price"": ""1.552"", ""arrow"": ""\u2b07"", ""parenthetical"": ""1.591"", ""highlighted"": false}]",8.0,DOWN,HOME,-23.5,1.83,23.5,1.83,AWAY,109.62%,True,0.0,AWAY,ACCEPT,,False,HIGH_DIRECTION_ONLY,No supplied equal-line EV bound to the sharp side,clear_sharp_side_signal,no_proven_same_side_value,False,HOME,REJECT,"bet_quality: UNFAVOURABLE (line EQUAL, price UNFAVOURABLE, EV SUPPLIED_FOR_OTHER_SIDE)",NO BET,REJECT,"bet_quality: UNFAVOURABLE (line EQUAL, price UNFAVOURABLE, EV SUPPLIED_FOR_OTHER_SIDE)",91bafe3197500fb77f1418171a6be529468e638db262cc2076e672913f83357d
822,1475314653,68809,2026-09-24T18:47:26.412+00:00,2026-09-24T18:47:26+00:00,PARSED_PARTIAL,,True,basketball,Chile - LNB,CD Castro vs CSD Colo Colo,TOTALS,154.5,154.5,155.5,"[{""price"": ""1.854"", ""arrow"": null, ""parenthetical"": null, ""highlighted"": false}, {""price"": ""1.746"", ""arrow"": null, ""parenthetical"": null, ""highlighted"": false}]","[{""price"": ""1.819"", ""arrow"": ""\u2b07"", ""parenthetical"": ""1.877"", ""highlighted"": false}, {""price"": ""1.847"", ""arrow"": ""\u2b06"", ""parenthetical"": ""1.787"", ""highlighted"": false}]",0.0,UNCHANGED,,,,,,,None (not equal lines),,,UNDER,ACCEPT,,,INSUFFICIENT,Unchanged opening/current line; price-only strategy not established,no_movement,insufficient_data,False,,AMBIGUOUS,No opening-to-current line movement; price-only target policy is unproven,AMBIGUOUS,AMBIGUOUS,No opening-to-current line movement; price-only target policy is unproven,03f4da7a45e50bfba6e3909dfd94eb526a5bfdd0d02a51528a34040b762f1839
823,1475314653,68810,2026-09-24T18:51:59.716+00:00,2026-09-24T18:51:59+00:00,PARSED_PARTIAL,,True,basketball,Chile - LNB,CD Castro vs CSD Colo Colo,SPREAD,4.5,1,-1,"[{""price"": ""1.854"", ""arrow"": null, ""parenthetical"": null, ""highlighted"": false}, {""price"": ""1.746"", ""arrow"": null, ""parenthetical"": null, ""highlighted"": false}]","[{""price"": ""1.847"", ""arrow"": ""\u2b07"", ""parenthetical"": ""1.892"", ""highlighted"": false}, {""price"": ""1.819"", ""arrow"": ""\u2b06"", ""parenthetical"": ""1.775"", ""highlighted"": false}]",3.5,DOWN,HOME,-2.5,1.83,2.5,1.83,,None (not equal lines),False,-3.5,AWAY,ACCEPT,,False,HIGH_DIRECTION_ONLY,Cross-book favourite disagreement; Bet365 orientation needs verification,clear_sharp_side_signal,ambiguous,True,,AMBIGUOUS,Pinnacle (1) and Bet365 (-2.5) favour different teams by 3.5 points: the Bet365 spread appears to have an unresolved sign reference; do not assume a perspective correction,AMBIGUOUS,AMBIGUOUS,Pinnacle (1) and Bet365 (-2.5) favour different teams by 3.5 points: the Bet365 spread appears to have an unresolved sign reference; do not assume a perspective correction,4b095242d9debc893f1556f1d3db82c6c99551175525b6b423d170354e00944a
824,1475314653,68811,2026-09-24T18:52:28.048+00:00,2026-09-24T18:52:27+00:00,PARSED_PARTIAL,,True,basketball,Chile - LNB,CD Castro vs CSD Colo Colo,SPREAD,4.5,1,,"[{""price"": ""1.854"", ""arrow"": null, ""parenthetical"": null, ""highlighted"": false}, {""price"": ""1.746"", ""arrow"": null, ""parenthetical"": null, ""highlighted"": false}]","[{""price"": ""1.840"", ""arrow"": ""\u2b06"", ""parenthetical"": ""1.793"", ""highlighted"": false}, {""price"": ""1.826"", ""arrow"": ""\u2b07"", ""parenthetical"": ""1.877"", ""highlighted"": false}]",3.5,DOWN,HOME,-2.5,1.83,2.5,1.83,,None (not equal lines),False,-3.5,AWAY,ACCEPT,,False,HIGH_DIRECTION_ONLY,Cross-book favourite disagreement; Bet365 orientation needs verification,clear_sharp_side_signal,ambiguous,False,,AMBIGUOUS,Pinnacle (1) and Bet365 (-2.5) favour different teams by 3.5 points: the Bet365 spread appears to have an unresolved sign reference; do not assume a perspective correction,AMBIGUOUS,AMBIGUOUS,Pinnacle (1) and Bet365 (-2.5) favour different teams by 3.5 points: the Bet365 spread appears to have an unresolved sign reference; do not assume a perspective correction,adae77d5aab6685c363498c69a3057ebd005840fb69ea0bc17f008b1d2ed1e60
825,1475314653,68812,2026-09-24T18:52:39.580+00:00,2026-09-24T18:52:39+00:00,PARSED_PARTIAL,,True,basketball,Chile - LNB,CD Castro vs CSD Colo Colo,SPREAD,4.5,1,,"[{""price"": ""1.854"", ""arrow"": null, ""parenthetical"": null, ""highlighted"": false}, {""price"": ""1.746"", ""arrow"": null, ""parenthetical"": null, ""highlighted"": false}]","[{""price"": ""1.892"", ""arrow"": ""\u2b06"", ""parenthetical"": ""1.840"", ""highlighted"": false}, {""price"": ""1.781"", ""arrow"": ""\u2b07"", ""parenthetical"": ""1.826"", ""highlighted"": false}]",3.5,DOWN,HOME,-2.5,1.83,2.5,1.83,,None (not equal lines),False,-3.5,AWAY,ACCEPT,,False,HIGH_DIRECTION_ONLY,Cross-book favourite disagreement; Bet365 orientation needs verification,clear_sharp_side_signal,ambiguous,False,,AMBIGUOUS,Pinnacle (1) and Bet365 (-2.5) favour different teams by 3.5 points: the Bet365 spread appears to have an unresolved sign reference; do not assume a perspective correction,AMBIGUOUS,AMBIGUOUS,Pinnacle (1) and Bet365 (-2.5) favour different teams by 3.5 points: the Bet365 spread appears to have an unresolved sign reference; do not assume a perspective correction,f7e43b3b1a0a457ae014b0208fbb5f525dd1496450910b1770701a37cc8afbb6
828,1475314653,68816,2026-09-24T18:55:45.493+00:00,2026-09-24T18:55:45+00:00,PARSED_PARTIAL,,True,basketball,Chile - LNB,CD Castro vs CSD Colo Colo,SPREAD,4.5,1.5,2,"[{""price"": ""1.854"", ""arrow"": null, ""parenthetical"": null, ""highlighted"": false}, {""price"": ""1.746"", ""arrow"": null, ""parenthetical"": null, ""highlighted"": false}]","[{""price"": ""1.826"", ""arrow"": ""\u2b06"", ""parenthetical"": ""1.781"", ""highlighted"": false}, {""price"": ""1.840"", ""arrow"": ""\u2b07"", ""parenthetical"": ""1.892"", ""highlighted"": false}]",3.0,DOWN,HOME,-2.5,1.83,2.5,1.83,,None (not equal lines),False,-4.0,AWAY,ACCEPT,,False,HIGH_DIRECTION_ONLY,Cross-book favourite disagreement; Bet365 orientation needs verification,clear_sharp_side_signal,ambiguous,False,,AMBIGUOUS,Pinnacle (1.5) and Bet365 (-2.5) favour different teams by 4.0 points: the Bet365 spread appears to have an unresolved sign reference; do not assume a perspective correction,AMBIGUOUS,AMBIGUOUS,Pinnacle (1.5) and Bet365 (-2.5) favour different teams by 4.0 points: the Bet365 spread appears to have an unresolved sign reference; do not assume a perspective correction,f2befbf1eaaa990e2ee7598881c1761cdcdc4dd8ddaa47145a3892cbdb05eba1
834,1475314653,68822,2026-09-24T19:13:25.632+00:00,2026-09-24T19:13:25+00:00,PARSED,,True,basketball,Puerto Rico - Superior Nacional Women,Cangrejeras de Santurce vs Cariduros de Fajardo,SPREAD,-9.5,-1.5,,"[{""price"": ""1.833"", ""arrow"": null, ""parenthetical"": null, ""highlighted"": false}, {""price"": ""1.833"", ""arrow"": null, ""parenthetical"": null, ""highlighted"": false}]","[{""price"": ""1.578"", ""arrow"": ""\u2b07"", ""parenthetical"": ""1.625"", ""highlighted"": false}, {""price"": ""2.240"", ""arrow"": ""\u2b06"", ""parenthetical"": ""2.160"", ""highlighted"": false}]",8.0,UP,AWAY,1.5,1.86,-1.5,1.80,HOME,107.56%,True,0.0,HOME,ACCEPT,STALE,False,HIGH_DIRECTION_ONLY,No supplied equal-line EV bound to the sharp side,clear_sharp_side_signal,no_proven_same_side_value,False,AWAY,REJECT,"bet_quality: UNFAVOURABLE (line EQUAL, price UNFAVOURABLE, EV SUPPLIED_FOR_OTHER_SIDE)",NO BET,REJECT,"bet_quality: UNFAVOURABLE (line EQUAL, price UNFAVOURABLE, EV SUPPLIED_FOR_OTHER_SIDE)",87e50c4f2682acf744b80c608799990ea6de02c97e95dc40d3d81b8d3340bafc
835,1475314653,68823,2026-09-24T19:17:39.833+00:00,2026-09-24T19:17:39+00:00,DUPLICATE,,True,basketball,Puerto Rico - Superior Nacional Women,Cangrejeras de Santurce vs Cariduros de Fajardo,SPREAD,-9.5,-1.5,,"[{""price"": ""1.833"", ""arrow"": null, ""parenthetical"": null, ""highlighted"": false}, {""price"": ""1.833"", ""arrow"": null, ""parenthetical"": null, ""highlighted"": false}]","[{""price"": ""1.571"", ""arrow"": ""\u2b07"", ""parenthetical"": ""1.606"", ""highlighted"": false}, {""price"": ""2.260"", ""arrow"": ""\u2b06"", ""parenthetical"": ""2.190"", ""highlighted"": false}]",8.0,UP,AWAY,1.5,1.86,-1.5,1.80,HOME,108.19%,True,0.0,HOME,ACCEPT,,False,HIGH_DIRECTION_ONLY,No supplied equal-line EV bound to the sharp side,clear_sharp_side_signal,no_proven_same_side_value,False,AWAY,REJECT,"bet_quality: UNFAVOURABLE (line EQUAL, price UNFAVOURABLE, EV SUPPLIED_FOR_OTHER_SIDE)",NO BET,REJECT,"bet_quality: UNFAVOURABLE (line EQUAL, price UNFAVOURABLE, EV SUPPLIED_FOR_OTHER_SIDE)",d1b62047f78d3a903023f19b9c34cb14151d7ee8038f1d7d97acb44244469a47
836,1475314653,68824,2026-09-24T19:19:09.335+00:00,2026-09-24T19:19:09+00:00,PARSED,,True,basketball,France - Nationale 1,Toulouse vs Rennes,SPREAD,-8,-8.5,,"[{""price"": ""1.862"", ""arrow"": null, ""parenthetical"": null, ""highlighted"": false}, {""price"": ""1.806"", ""arrow"": null, ""parenthetical"": null, ""highlighted"": false}]","[{""price"": ""2.170"", ""arrow"": ""\u2b06"", ""parenthetical"": ""2.060"", ""highlighted"": false}, {""price"": ""1.564"", ""arrow"": ""\u2b07"", ""parenthetical"": ""1.632"", ""highlighted"": false}]",0.5,DOWN,HOME,-8.5,1.83,8.5,1.83,AWAY,108.73%,True,0.0,AWAY,ACCEPT,STALE,False,HIGH_DIRECTION_ONLY,No supplied equal-line EV bound to the sharp side,clear_sharp_side_signal,no_proven_same_side_value,False,HOME,REJECT,"bet_quality: UNFAVOURABLE (line EQUAL, price UNFAVOURABLE, EV SUPPLIED_FOR_OTHER_SIDE)",NO BET,REJECT,"bet_quality: UNFAVOURABLE (line EQUAL, price UNFAVOURABLE, EV SUPPLIED_FOR_OTHER_SIDE)",32eaf032dc4b545e3bdd94f2a968cdccdb83e680515d26ab8d66a8d57204c256
839,1475314653,68827,2026-09-24T19:30:52.166+00:00,2026-09-24T19:30:52+00:00,PARSED_PARTIAL,,True,basketball,Chile - LNB,CD Las Animas vs CD Espanol De Talca,SPREAD,-14,-15,-16,"[{""price"": ""1.884"", ""arrow"": null, ""parenthetical"": null, ""highlighted"": false}, {""price"": ""1.724"", ""arrow"": null, ""parenthetical"": null, ""highlighted"": false}]","[{""price"": ""1.800"", ""arrow"": ""\u2b07"", ""parenthetical"": ""1.869"", ""highlighted"": false}, {""price"": ""1.869"", ""arrow"": ""\u2b06"", ""parenthetical"": ""1.793"", ""highlighted"": false}]",1,DOWN,HOME,-17.5,1.74,17.5,1.95,,None (not equal lines),False,-2.5,AWAY,ACCEPT,,False,HIGH_DIRECTION_ONLY,,clear_sharp_side_signal,moved_too_far,True,HOME,REJECT,"bet_quality: UNFAVOURABLE (line UNFAVOURABLE, price NOT_COMPARABLE, EV NOT_AVAILABLE_UNEQUAL_LINES)",NO BET,REJECT,"bet_quality: UNFAVOURABLE (line UNFAVOURABLE, price NOT_COMPARABLE, EV NOT_AVAILABLE_UNEQUAL_LINES)",ecbd22838979276f08a82aeab97a8b1513b7827bfe7c16a87e6abdc7bd48eab9
840,1475314653,68828,2026-09-24T19:31:45.111+00:00,2026-09-24T19:31:45+00:00,PARSED_PARTIAL,,True,basketball,Chile - LNB,CD Las Animas vs CD Espanol De Talca,SPREAD,-14,-15,,"[{""price"": ""1.884"", ""arrow"": null, ""parenthetical"": null, ""highlighted"": false}, {""price"": ""1.724"", ""arrow"": null, ""parenthetical"": null, ""highlighted"": false}]","[{""price"": ""1.877"", ""arrow"": ""\u2b06"", ""parenthetical"": ""1.813"", ""highlighted"": false}, {""price"": ""1.793"", ""arrow"": ""\u2b07"", ""parenthetical"": ""1.854"", ""highlighted"": false}]",1,DOWN,HOME,-17.5,1.74,17.5,1.95,,None (not equal lines),False,-2.5,AWAY,ACCEPT,,False,HIGH_DIRECTION_ONLY,,clear_sharp_side_signal,moved_too_far,False,HOME,REJECT,"bet_quality: UNFAVOURABLE (line UNFAVOURABLE, price NOT_COMPARABLE, EV NOT_AVAILABLE_UNEQUAL_LINES)",NO BET,REJECT,"bet_quality: UNFAVOURABLE (line UNFAVOURABLE, price NOT_COMPARABLE, EV NOT_AVAILABLE_UNEQUAL_LINES)",77fbf4b771cb0bfdeba6b65b3a2477fc68ea67a5b926495fa989456572ee0883
841,1475314653,68829,2026-09-24T19:31:51.107+00:00,2026-09-24T19:31:51+00:00,PARSED_PARTIAL,,True,basketball,Chile - LNB,CD Las Animas vs CD Espanol De Talca,SPREAD,-14,-14.5,-15,"[{""price"": ""1.884"", ""arrow"": null, ""parenthetical"": null, ""highlighted"": false}, {""price"": ""1.724"", ""arrow"": null, ""parenthetical"": null, ""highlighted"": false}]","[{""price"": ""1.833"", ""arrow"": ""\u2b07"", ""parenthetical"": ""1.877"", ""highlighted"": false}, {""price"": ""1.833"", ""arrow"": ""\u2b06"", ""parenthetical"": ""1.793"", ""highlighted"": false}]",0.5,DOWN,HOME,-17.5,1.74,17.5,1.95,,None (not equal lines),False,-3.0,AWAY,ACCEPT,,False,HIGH_DIRECTION_ONLY,,clear_sharp_side_signal,moved_too_far,True,HOME,REJECT,"bet_quality: UNFAVOURABLE (line UNFAVOURABLE, price NOT_COMPARABLE, EV NOT_AVAILABLE_UNEQUAL_LINES)",NO BET,REJECT,"bet_quality: UNFAVOURABLE (line UNFAVOURABLE, price NOT_COMPARABLE, EV NOT_AVAILABLE_UNEQUAL_LINES)",23a822b6c419599fec3df60a1b3aac1cffa42421b8f5d7d4aa0b1867ce111c18
871,1475314653,68868,2026-09-24T21:26:56.907+00:00,2026-09-24T21:26:56+00:00,PARSED_PARTIAL,,True,basketball,Chile - LNB,CD Castro vs CSD Colo Colo,SPREAD,4.5,1.5,-1,"[{""price"": ""1.854"", ""arrow"": null, ""parenthetical"": null, ""highlighted"": false}, {""price"": ""1.746"", ""arrow"": null, ""parenthetical"": null, ""highlighted"": false}]","[{""price"": ""1.826"", ""arrow"": ""\u2b07"", ""parenthetical"": ""1.884"", ""highlighted"": false}, {""price"": ""1.840"", ""arrow"": ""\u2b06"", ""parenthetical"": ""1.787"", ""highlighted"": false}]",3.0,DOWN,HOME,-1.5,1.83,1.5,1.83,,None (not equal lines),False,-3.0,AWAY,ACCEPT,,False,HIGH_DIRECTION_ONLY,Cross-book favourite disagreement; Bet365 orientation needs verification,clear_sharp_side_signal,ambiguous,True,,AMBIGUOUS,Pinnacle (1.5) and Bet365 (-1.5) favour different teams by 3.0 points: the Bet365 spread appears to have an unresolved sign reference; do not assume a perspective correction,AMBIGUOUS,AMBIGUOUS,Pinnacle (1.5) and Bet365 (-1.5) favour different teams by 3.0 points: the Bet365 spread appears to have an unresolved sign reference; do not assume a perspective correction,23b0d50e499da77097c93f638503ce2dc2973ee357b112a15c912b1e86601f4a
872,1475314653,68869,2026-09-24T21:28:46.393+00:00,2026-09-24T21:28:46+00:00,PARSED,,True,basketball,Japan - B League,Saga Ballooners vs Hiroshima Dragonflies,SPREAD,-3.5,-3,,"[{""price"": ""1.925"", ""arrow"": null, ""parenthetical"": null, ""highlighted"": false}, {""price"": ""1.862"", ""arrow"": null, ""parenthetical"": null, ""highlighted"": false}]","[{""price"": ""1.787"", ""arrow"": ""\u2b07"", ""parenthetical"": ""1.854"", ""highlighted"": false}, {""price"": ""2.000"", ""arrow"": ""\u2b06"", ""parenthetical"": ""1.925"", ""highlighted"": false}]",0.5,UP,AWAY,3,1.74,-3,2.00,HOME,106.14%,True,0,HOME,ACCEPT,TARGET_NOT_FOUND,False,HIGH_DIRECTION_ONLY,No supplied equal-line EV bound to the sharp side,clear_sharp_side_signal,no_proven_same_side_value,False,AWAY,REJECT,"bet_quality: UNFAVOURABLE (line EQUAL, price UNFAVOURABLE, EV SUPPLIED_FOR_OTHER_SIDE)",NO BET,REJECT,"bet_quality: UNFAVOURABLE (line EQUAL, price UNFAVOURABLE, EV SUPPLIED_FOR_OTHER_SIDE)",5022e7f1d0392a0f5723727288d044b3e2d9865dbd3c8315441dff1e3be698d4
873,1475314653,68871,2026-09-24T21:32:14.496+00:00,2026-09-24T21:32:14+00:00,PARSED,,True,basketball,Estonia - I Liiga,Reinar Halliku KK vs Tamsalu Los Toros/Taltech,SPREAD,-6,7.5,,"[{""price"": ""1.833"", ""arrow"": null, ""parenthetical"": null, ""highlighted"": false}, {""price"": ""1.833"", ""arrow"": null, ""parenthetical"": null, ""highlighted"": false}]","[{""price"": ""1.571"", ""arrow"": ""\u2b07"", ""parenthetical"": ""1.598"", ""highlighted"": false}, {""price"": ""2.150"", ""arrow"": ""\u2b06"", ""parenthetical"": ""2.110"", ""highlighted"": false}]",13.5,UP,AWAY,-7.5,1.83,7.5,1.83,HOME,108.06%,True,0.0,HOME,ACCEPT,UNKNOWN,False,HIGH_DIRECTION_ONLY,No supplied equal-line EV bound to the sharp side,clear_sharp_side_signal,no_proven_same_side_value,False,AWAY,REJECT,"bet_quality: UNFAVOURABLE (line EQUAL, price UNFAVOURABLE, EV SUPPLIED_FOR_OTHER_SIDE)",NO BET,REJECT,"bet_quality: UNFAVOURABLE (line EQUAL, price UNFAVOURABLE, EV SUPPLIED_FOR_OTHER_SIDE)",e0757e0b6b5a51b67b1ff2687889f18a17e7c933909b7ec7a2dc825296d8958a
899,1475314653,68905,2026-09-24T21:57:53.939+00:00,2026-09-24T21:57:53+00:00,PARSED_PARTIAL,,True,basketball,Chile - LNB,CD Las Animas vs CD Espanol De Talca,SPREAD,-14,-9,-8.5,"[{""price"": ""1.884"", ""arrow"": null, ""parenthetical"": null, ""highlighted"": false}, {""price"": ""1.724"", ""arrow"": null, ""parenthetical"": null, ""highlighted"": false}]","[{""price"": ""1.833"", ""arrow"": ""\u2b06"", ""parenthetical"": ""1.819"", ""highlighted"": false}, {""price"": ""1.833"", ""arrow"": ""\u2b07"", ""parenthetical"": ""1.847"", ""highlighted"": false}]",5,UP,AWAY,6.5,1.83,-6.5,1.83,,None (not equal lines),False,-2.5,HOME,ACCEPT,,False,HIGH_DIRECTION_ONLY,,clear_sharp_side_signal,moved_too_far,True,AWAY,REJECT,"bet_quality: UNFAVOURABLE (line UNFAVOURABLE, price NOT_COMPARABLE, EV NOT_AVAILABLE_UNEQUAL_LINES)",NO BET,REJECT,"bet_quality: UNFAVOURABLE (line UNFAVOURABLE, price NOT_COMPARABLE, EV NOT_AVAILABLE_UNEQUAL_LINES)",46848852796e15b51db2ce1f9b8b78013e8a8a0a0b5cec01a57c34e79685ff8f
900,1475314653,68906,2026-09-24T21:58:15.695+00:00,2026-09-24T21:58:15+00:00,PARSED_PARTIAL,,True,basketball,Chile - LNB,CD Las Animas vs CD Espanol De Talca,SPREAD,-14,-9.5,-9,"[{""price"": ""1.884"", ""arrow"": null, ""parenthetical"": null, ""highlighted"": false}, {""price"": ""1.724"", ""arrow"": null, ""parenthetical"": null, ""highlighted"": false}]","[{""price"": ""1.854"", ""arrow"": ""\u2b06"", ""parenthetical"": ""1.813"", ""highlighted"": false}, {""price"": ""1.806"", ""arrow"": ""\u2b07"", ""parenthetical"": ""1.854"", ""highlighted"": false}]",4.5,UP,AWAY,6.5,1.83,-6.5,1.83,,None (not equal lines),False,-3.0,HOME,ACCEPT,,False,HIGH_DIRECTION_ONLY,,clear_sharp_side_signal,moved_too_far,True,AWAY,REJECT,"bet_quality: UNFAVOURABLE (line UNFAVOURABLE, price NOT_COMPARABLE, EV NOT_AVAILABLE_UNEQUAL_LINES)",NO BET,REJECT,"bet_quality: UNFAVOURABLE (line UNFAVOURABLE, price NOT_COMPARABLE, EV NOT_AVAILABLE_UNEQUAL_LINES)",945bd3940e31bcb059e30189f0d3cda824aecb78450c504ccec3a5976d4f861e
901,1475314653,68907,2026-09-24T21:58:19.841+00:00,2026-09-24T21:58:19+00:00,PARSED_PARTIAL,,True,basketball,Chile - LNB,CD Las Animas vs CD Espanol De Talca,SPREAD,-14,-9.5,,"[{""price"": ""1.884"", ""arrow"": null, ""parenthetical"": null, ""highlighted"": false}, {""price"": ""1.724"", ""arrow"": null, ""parenthetical"": null, ""highlighted"": false}]","[{""price"": ""1.769"", ""arrow"": ""\u2b07"", ""parenthetical"": ""1.854"", ""highlighted"": false}, {""price"": ""1.900"", ""arrow"": ""\u2b06"", ""parenthetical"": ""1.806"", ""highlighted"": false}]",4.5,UP,AWAY,6.5,1.83,-6.5,1.83,,None (not equal lines),False,-3.0,HOME,ACCEPT,,False,HIGH_DIRECTION_ONLY,,clear_sharp_side_signal,moved_too_far,False,AWAY,REJECT,"bet_quality: UNFAVOURABLE (line UNFAVOURABLE, price NOT_COMPARABLE, EV NOT_AVAILABLE_UNEQUAL_LINES)",NO BET,REJECT,"bet_quality: UNFAVOURABLE (line UNFAVOURABLE, price NOT_COMPARABLE, EV NOT_AVAILABLE_UNEQUAL_LINES)",526f8f258c1f450f34927387bbcd5f27582baefce86f69d37e46a6822e212e7c
902,1475314653,68908,2026-09-24T21:58:30.697+00:00,2026-09-24T21:58:30+00:00,PARSED_PARTIAL,,True,basketball,Chile - LNB,CD Las Animas vs CD Espanol De Talca,SPREAD,-14,-10.5,-9.5,"[{""price"": ""1.884"", ""arrow"": null, ""parenthetical"": null, ""highlighted"": false}, {""price"": ""1.724"", ""arrow"": null, ""parenthetical"": null, ""highlighted"": false}]","[{""price"": ""1.840"", ""arrow"": ""\u2b06"", ""parenthetical"": ""1.769"", ""highlighted"": false}, {""price"": ""1.826"", ""arrow"": ""\u2b07"", ""parenthetical"": ""1.900"", ""highlighted"": false}]",3.5,UP,AWAY,6.5,1.83,-6.5,1.83,,None (not equal lines),False,-4.0,HOME,ACCEPT,,False,HIGH_DIRECTION_ONLY,,clear_sharp_side_signal,moved_too_far,True,AWAY,REJECT,"bet_quality: UNFAVOURABLE (line UNFAVOURABLE, price NOT_COMPARABLE, EV NOT_AVAILABLE_UNEQUAL_LINES)",NO BET,REJECT,"bet_quality: UNFAVOURABLE (line UNFAVOURABLE, price NOT_COMPARABLE, EV NOT_AVAILABLE_UNEQUAL_LINES)",a7fabae0c9d4da31eb5a2fa8c134451de8b8cdbb75f9e9641475fc8a53681008
903,1475314653,68909,2026-09-24T21:58:36.321+00:00,2026-09-24T21:58:36+00:00,PARSED_PARTIAL,,True,basketball,Chile - LNB,CD Las Animas vs CD Espanol De Talca,SPREAD,-14,-10,-10.5,"[{""price"": ""1.884"", ""arrow"": null, ""parenthetical"": null, ""highlighted"": false}, {""price"": ""1.724"", ""arrow"": null, ""parenthetical"": null, ""highlighted"": false}]","[{""price"": ""1.847"", ""arrow"": ""\u2b06"", ""parenthetical"": ""1.840"", ""highlighted"": false}, {""price"": ""1.819"", ""arrow"": ""\u2b07"", ""parenthetical"": ""1.826"", ""highlighted"": false}]",4,UP,AWAY,6.5,1.83,-6.5,1.83,,None (not equal lines),False,-3.5,HOME,ACCEPT,,False,HIGH_DIRECTION_ONLY,,clear_sharp_side_signal,moved_too_far,False,AWAY,REJECT,"bet_quality: UNFAVOURABLE (line UNFAVOURABLE, price NOT_COMPARABLE, EV NOT_AVAILABLE_UNEQUAL_LINES)",NO BET,REJECT,"bet_quality: UNFAVOURABLE (line UNFAVOURABLE, price NOT_COMPARABLE, EV NOT_AVAILABLE_UNEQUAL_LINES)",4fef69917b4c94d5f2f66eed5665e53291c08ff48c0dd20c1bd7425566f84227
904,1475314653,68910,2026-09-24T21:58:42.308+00:00,2026-09-24T21:58:42+00:00,PARSED_PARTIAL,,True,basketball,Chile - LNB,CD Las Animas vs CD Espanol De Talca,SPREAD,-14,-9.5,-10,"[{""price"": ""1.884"", ""arrow"": null, ""parenthetical"": null, ""highlighted"": false}, {""price"": ""1.724"", ""arrow"": null, ""parenthetical"": null, ""highlighted"": false}]","[{""price"": ""1.847"", ""arrow"": ""\u2b06"", ""parenthetical"": ""1.847"", ""highlighted"": false}, {""price"": ""1.819"", ""arrow"": ""\u2b06"", ""parenthetical"": ""1.819"", ""highlighted"": false}]",4.5,UP,AWAY,6.5,1.83,-6.5,1.83,,None (not equal lines),False,-3.0,HOME,ACCEPT,,False,HIGH_DIRECTION_ONLY,,clear_sharp_side_signal,moved_too_far,False,AWAY,REJECT,"bet_quality: UNFAVOURABLE (line UNFAVOURABLE, price NOT_COMPARABLE, EV NOT_AVAILABLE_UNEQUAL_LINES)",NO BET,REJECT,"bet_quality: UNFAVOURABLE (line UNFAVOURABLE, price NOT_COMPARABLE, EV NOT_AVAILABLE_UNEQUAL_LINES)",4289165e11ff0929026c94403fcdd647e7cc7417378f29dec71a2383864382f5
905,1475314653,68911,2026-09-24T21:58:50.575+00:00,2026-09-24T21:58:50+00:00,PARSED_PARTIAL,,True,basketball,Chile - LNB,CD Las Animas vs CD Espanol De Talca,SPREAD,-14,-9,-9.5,"[{""price"": ""1.884"", ""arrow"": null, ""parenthetical"": null, ""highlighted"": false}, {""price"": ""1.724"", ""arrow"": null, ""parenthetical"": null, ""highlighted"": false}]","[{""price"": ""1.840"", ""arrow"": ""\u2b07"", ""parenthetical"": ""1.847"", ""highlighted"": false}, {""price"": ""1.826"", ""arrow"": ""\u2b06"", ""parenthetical"": ""1.819"", ""highlighted"": false}]",5,UP,AWAY,6.5,1.83,-6.5,1.83,,None (not equal lines),False,-2.5,HOME,ACCEPT,,False,HIGH_DIRECTION_ONLY,,clear_sharp_side_signal,moved_too_far,False,AWAY,REJECT,"bet_quality: UNFAVOURABLE (line UNFAVOURABLE, price NOT_COMPARABLE, EV NOT_AVAILABLE_UNEQUAL_LINES)",NO BET,REJECT,"bet_quality: UNFAVOURABLE (line UNFAVOURABLE, price NOT_COMPARABLE, EV NOT_AVAILABLE_UNEQUAL_LINES)",b69a5f0c7314641198a84a639b3a2740f300a137aabf4cf072c3691e101fb255
906,1475314653,68912,2026-09-24T21:59:00.460+00:00,2026-09-24T21:59:00+00:00,PARSED_PARTIAL,,True,basketball,Chile - LNB,CD Las Animas vs CD Espanol De Talca,SPREAD,-14,-8.5,-9,"[{""price"": ""1.884"", ""arrow"": null, ""parenthetical"": null, ""highlighted"": false}, {""price"": ""1.724"", ""arrow"": null, ""parenthetical"": null, ""highlighted"": false}]","[{""price"": ""1.826"", ""arrow"": ""\u2b07"", ""parenthetical"": ""1.840"", ""highlighted"": false}, {""price"": ""1.840"", ""arrow"": ""\u2b06"", ""parenthetical"": ""1.826"", ""highlighted"": false}]",5.5,UP,AWAY,6.5,1.83,-6.5,1.83,,None (not equal lines),False,-2.0,HOME,ACCEPT,,False,HIGH_DIRECTION_ONLY,,clear_sharp_side_signal,moved_too_far,False,AWAY,REJECT,"bet_quality: UNFAVOURABLE (line UNFAVOURABLE, price NOT_COMPARABLE, EV NOT_AVAILABLE_UNEQUAL_LINES)",NO BET,REJECT,"bet_quality: UNFAVOURABLE (line UNFAVOURABLE, price NOT_COMPARABLE, EV NOT_AVAILABLE_UNEQUAL_LINES)",10bcc907947356fe518e118399a377a1b037c7884bde424fd5c422199d1932ee
915,1475314653,68921,2026-09-24T22:08:41.431+00:00,2026-09-24T22:08:41+00:00,PARSED_PARTIAL,,True,basketball,France - Nationale 1,Orchies vs Lyon,SPREAD,-5.5,1,,"[{""price"": ""1.869"", ""arrow"": null, ""parenthetical"": null, ""highlighted"": false}, {""price"": ""1.793"", ""arrow"": null, ""parenthetical"": null, ""highlighted"": false}]","[{""price"": ""1.943"", ""arrow"": ""\u2b06"", ""parenthetical"": ""1.819"", ""highlighted"": false}, {""price"": ""1.729"", ""arrow"": ""\u2b07"", ""parenthetical"": ""1.840"", ""highlighted"": false}]",6.5,UP,AWAY,3.5,1.83,-3.5,1.83,,None (not equal lines),False,4.5,AWAY,ACCEPT,,True,HIGH_DIRECTION_ONLY,Cross-book favourite disagreement; Bet365 orientation needs verification,clear_sharp_side_signal,ambiguous,False,,AMBIGUOUS,Pinnacle (1) and Bet365 (-3.5) favour different teams by 4.5 points: the Bet365 spread appears to have an unresolved sign reference; do not assume a perspective correction,AMBIGUOUS,AMBIGUOUS,Pinnacle (1) and Bet365 (-3.5) favour different teams by 4.5 points: the Bet365 spread appears to have an unresolved sign reference; do not assume a perspective correction,4d7bc00df74bb9c4a2888fe0ed5e4e25146242460550b8f773827c4afb8d35fa
954,1475314653,68960,2026-09-24T22:25:58.355+00:00,2026-09-24T22:25:58+00:00,PARSED,,True,basketball,Uruguay - Tercera de Ascenso,Bohemios vs Reducto,SPREAD,-7,-9,,"[{""price"": ""1.826"", ""arrow"": null, ""parenthetical"": null, ""highlighted"": false}, {""price"": ""1.833"", ""arrow"": null, ""parenthetical"": null, ""highlighted"": false}]","[{""price"": ""2.160"", ""arrow"": ""\u2b06"", ""parenthetical"": ""2.120"", ""highlighted"": false}, {""price"": ""1.625"", ""arrow"": ""\u2b07"", ""parenthetical"": ""1.649"", ""highlighted"": false}]",2,DOWN,HOME,-9,1.83,9,1.83,AWAY,106.02%,True,0,AWAY,ACCEPT,STALE,False,HIGH_DIRECTION_ONLY,No supplied equal-line EV bound to the sharp side,clear_sharp_side_signal,no_proven_same_side_value,False,HOME,REJECT,"bet_quality: UNFAVOURABLE (line EQUAL, price UNFAVOURABLE, EV SUPPLIED_FOR_OTHER_SIDE)",NO BET,REJECT,"bet_quality: UNFAVOURABLE (line EQUAL, price UNFAVOURABLE, EV SUPPLIED_FOR_OTHER_SIDE)",939ae60be2b53b51d5539bd692a273521969d60e25c1fc214e34dd19267c36eb
955,1475314653,68961,2026-09-24T22:26:26.119+00:00,2026-09-24T22:26:26+00:00,PARSED_PARTIAL,,True,basketball,Chile - LNB,CD Las Animas vs CD Espanol De Talca,SPREAD,-14,-11.5,-10.5,"[{""price"": ""1.884"", ""arrow"": null, ""parenthetical"": null, ""highlighted"": false}, {""price"": ""1.724"", ""arrow"": null, ""parenthetical"": null, ""highlighted"": false}]","[{""price"": ""1.833"", ""arrow"": ""\u2b06"", ""parenthetical"": ""1.763"", ""highlighted"": false}, {""price"": ""1.833"", ""arrow"": ""\u2b07"", ""parenthetical"": ""1.909"", ""highlighted"": false}]",2.5,UP,AWAY,9.5,1.83,-9.5,1.83,,None (not equal lines),False,-2.0,HOME,ACCEPT,,False,HIGH_DIRECTION_ONLY,,clear_sharp_side_signal,moved_too_far,True,AWAY,REJECT,"bet_quality: UNFAVOURABLE (line UNFAVOURABLE, price NOT_COMPARABLE, EV NOT_AVAILABLE_UNEQUAL_LINES)",NO BET,REJECT,"bet_quality: UNFAVOURABLE (line UNFAVOURABLE, price NOT_COMPARABLE, EV NOT_AVAILABLE_UNEQUAL_LINES)",5527b806156cb52e6a1239902297c9ba58c57b2f440f7a89334491af4c716919
956,1475314653,68962,2026-09-24T22:26:29.020+00:00,2026-09-24T22:26:28+00:00,PARSED_PARTIAL,,True,basketball,Chile - LNB,CD Las Animas vs CD Espanol De Talca,SPREAD,-14,-11.5,,"[{""price"": ""1.884"", ""arrow"": null, ""parenthetical"": null, ""highlighted"": false}, {""price"": ""1.724"", ""arrow"": null, ""parenthetical"": null, ""highlighted"": false}]","[{""price"": ""1.763"", ""arrow"": ""\u2b07"", ""parenthetical"": ""1.833"", ""highlighted"": false}, {""price"": ""1.909"", ""arrow"": ""\u2b06"", ""parenthetical"": ""1.833"", ""highlighted"": false}]",2.5,UP,AWAY,9.5,1.83,-9.5,1.83,,None (not equal lines),False,-2.0,HOME,ACCEPT,,False,HIGH_DIRECTION_ONLY,,clear_sharp_side_signal,moved_too_far,False,AWAY,REJECT,"bet_quality: UNFAVOURABLE (line UNFAVOURABLE, price NOT_COMPARABLE, EV NOT_AVAILABLE_UNEQUAL_LINES)",NO BET,REJECT,"bet_quality: UNFAVOURABLE (line UNFAVOURABLE, price NOT_COMPARABLE, EV NOT_AVAILABLE_UNEQUAL_LINES)",4edcfbaedcc6f4497b17b5f33b13783dcf6ccc07d0af48ccc080c7e85891dc62
958,1475314653,68964,2026-09-24T22:27:30.611+00:00,2026-09-24T22:27:30+00:00,DUPLICATE,,True,basketball,Uruguay - Tercera de Ascenso,Bohemios vs Reducto,SPREAD,-7,-9,,"[{""price"": ""1.826"", ""arrow"": null, ""parenthetical"": null, ""highlighted"": false}, {""price"": ""1.833"", ""arrow"": null, ""parenthetical"": null, ""highlighted"": false}]","[{""price"": ""2.220"", ""arrow"": ""\u2b06"", ""parenthetical"": ""2.190"", ""highlighted"": false}, {""price"": ""1.588"", ""arrow"": ""\u2b07"", ""parenthetical"": ""1.606"", ""highlighted"": false}]",2,DOWN,HOME,-9,1.83,9,1.83,AWAY,108.59%,True,0,AWAY,ACCEPT,,False,HIGH_DIRECTION_ONLY,No supplied equal-line EV bound to the sharp side,clear_sharp_side_signal,no_proven_same_side_value,False,HOME,REJECT,"bet_quality: UNFAVOURABLE (line EQUAL, price UNFAVOURABLE, EV SUPPLIED_FOR_OTHER_SIDE)",NO BET,REJECT,"bet_quality: UNFAVOURABLE (line EQUAL, price UNFAVOURABLE, EV SUPPLIED_FOR_OTHER_SIDE)",ce19953d8764c92059cbe73eee822de1d83307ebef30573a0def30444b874bbc
961,1475314653,68967,2026-09-24T22:28:22.194+00:00,2026-09-24T22:28:22+00:00,PARSED_PARTIAL,,True,basketball,Chile - LNB,CD Las Animas vs CD Espanol De Talca,SPREAD,-14,-14,-14.5,"[{""price"": ""1.884"", ""arrow"": null, ""parenthetical"": null, ""highlighted"": false}, {""price"": ""1.724"", ""arrow"": null, ""parenthetical"": null, ""highlighted"": false}]","[{""price"": ""1.909"", ""arrow"": ""\u2b07"", ""parenthetical"": ""1.917"", ""highlighted"": false}, {""price"": ""1.763"", ""arrow"": ""\u2b06"", ""parenthetical"": ""1.757"", ""highlighted"": false}]",0,UNCHANGED,,,,,,,None (not equal lines),,,HOME,ACCEPT,,,INSUFFICIENT,Unchanged opening/current line; price-only strategy not established,no_movement,insufficient_data,False,,AMBIGUOUS,No opening-to-current line movement; price-only target policy is unproven,AMBIGUOUS,AMBIGUOUS,No opening-to-current line movement; price-only target policy is unproven,27bef4613ffa2a98210af30639f68d6a7eac9a56df45be81924f2e04d8d384e7
962,1475314653,68968,2026-09-24T22:28:30.159+00:00,2026-09-24T22:28:30+00:00,PARSED_PARTIAL,,True,basketball,Chile - LNB,CD Las Animas vs CD Espanol De Talca,SPREAD,-14,-13.5,-14,"[{""price"": ""1.884"", ""arrow"": null, ""parenthetical"": null, ""highlighted"": false}, {""price"": ""1.724"", ""arrow"": null, ""parenthetical"": null, ""highlighted"": false}]","[{""price"": ""1.925"", ""arrow"": ""\u2b07"", ""parenthetical"": ""2.090"", ""highlighted"": false}, {""price"": ""1.751"", ""arrow"": ""\u2b06"", ""parenthetical"": ""1.632"", ""highlighted"": false}]",0.5,UP,AWAY,9.5,1.83,-9.5,1.83,,None (not equal lines),False,-4.0,HOME,ACCEPT,,False,HIGH_DIRECTION_ONLY,,clear_sharp_side_signal,moved_too_far,False,AWAY,REJECT,"bet_quality: UNFAVOURABLE (line UNFAVOURABLE, price NOT_COMPARABLE, EV NOT_AVAILABLE_UNEQUAL_LINES)",NO BET,REJECT,"bet_quality: UNFAVOURABLE (line UNFAVOURABLE, price NOT_COMPARABLE, EV NOT_AVAILABLE_UNEQUAL_LINES)",17a0eb6f252f8e07e9806b55f5e924701450669ccfdc5b3b7a62a5344c0f19da
965,1475314653,68971,2026-09-24T22:29:36.489+00:00,2026-09-24T22:29:36+00:00,PARSED_PARTIAL,,True,basketball,France - Nationale 1,Orchies vs Lyon,SPREAD,-5.5,1.5,,"[{""price"": ""1.869"", ""arrow"": null, ""parenthetical"": null, ""highlighted"": false}, {""price"": ""1.793"", ""arrow"": null, ""parenthetical"": null, ""highlighted"": false}]","[{""price"": ""1.943"", ""arrow"": ""\u2b06"", ""parenthetical"": ""1.840"", ""highlighted"": false}, {""price"": ""1.724"", ""arrow"": ""\u2b07"", ""parenthetical"": ""1.826"", ""highlighted"": false}]",7.0,UP,AWAY,3.5,1.83,-3.5,1.83,,None (not equal lines),False,5.0,AWAY,ACCEPT,,True,HIGH_DIRECTION_ONLY,Cross-book favourite disagreement; Bet365 orientation needs verification,clear_sharp_side_signal,ambiguous,False,,AMBIGUOUS,Pinnacle (1.5) and Bet365 (-3.5) favour different teams by 5.0 points: the Bet365 spread appears to have an unresolved sign reference; do not assume a perspective correction,AMBIGUOUS,AMBIGUOUS,Pinnacle (1.5) and Bet365 (-3.5) favour different teams by 5.0 points: the Bet365 spread appears to have an unresolved sign reference; do not assume a perspective correction,c7c9956101d502b448a69923d39de127be34566d9048cbd774145e20768a6541
968,1475314653,68974,2026-09-24T22:29:52.825+00:00,2026-09-24T22:29:52+00:00,PARSED_PARTIAL,,True,basketball,Chile - LNB,CD Las Animas vs CD Espanol De Talca,SPREAD,-14,-11.5,-12.5,"[{""price"": ""1.884"", ""arrow"": null, ""parenthetical"": null, ""highlighted"": false}, {""price"": ""1.724"", ""arrow"": null, ""parenthetical"": null, ""highlighted"": false}]","[{""price"": ""1.819"", ""arrow"": ""\u2b07"", ""parenthetical"": ""1.862"", ""highlighted"": false}, {""price"": ""1.847"", ""arrow"": ""\u2b06"", ""parenthetical"": ""1.806"", ""highlighted"": false}]",2.5,UP,AWAY,9.5,1.83,-9.5,1.83,,None (not equal lines),False,-2.0,HOME,ACCEPT,,False,HIGH_DIRECTION_ONLY,,clear_sharp_side_signal,moved_too_far,False,AWAY,REJECT,"bet_quality: UNFAVOURABLE (line UNFAVOURABLE, price NOT_COMPARABLE, EV NOT_AVAILABLE_UNEQUAL_LINES)",NO BET,REJECT,"bet_quality: UNFAVOURABLE (line UNFAVOURABLE, price NOT_COMPARABLE, EV NOT_AVAILABLE_UNEQUAL_LINES)",e06c03291e63e35690adc0a7369f77f11b9f1f71f3225ff75fe5e5262847b1b2
981,1475314653,68987,2026-09-24T22:50:11.733+00:00,2026-09-24T22:50:11+00:00,PARSED_PARTIAL,,True,basketball,France - Nationale 1,Orchies vs Lyon,SPREAD,-5.5,2.5,,"[{""price"": ""1.869"", ""arrow"": null, ""parenthetical"": null, ""highlighted"": false}, {""price"": ""1.793"", ""arrow"": null, ""parenthetical"": null, ""highlighted"": false}]","[{""price"": ""1.900"", ""arrow"": ""\u2b06"", ""parenthetical"": ""1.800"", ""highlighted"": false}, {""price"": ""1.763"", ""arrow"": ""\u2b07"", ""parenthetical"": ""1.862"", ""highlighted"": false}]",8.0,UP,AWAY,3.5,1.83,-3.5,1.83,,None (not equal lines),False,6.0,AWAY,ACCEPT,,True,HIGH_DIRECTION_ONLY,Cross-book favourite disagreement; Bet365 orientation needs verification,clear_sharp_side_signal,ambiguous,False,,AMBIGUOUS,Pinnacle (2.5) and Bet365 (-3.5) favour different teams by 6.0 points: the Bet365 spread appears to have an unresolved sign reference; do not assume a perspective correction,AMBIGUOUS,AMBIGUOUS,Pinnacle (2.5) and Bet365 (-3.5) favour different teams by 6.0 points: the Bet365 spread appears to have an unresolved sign reference; do not assume a perspective correction,c7ebc89d2aca69a05f762b8c0d5a1dacdf45cf50c4aca446e5205dc6fad7616b
986,1475314653,68992,2026-09-24T22:51:57.477+00:00,2026-09-24T22:51:57+00:00,PARSED_PARTIAL,,True,basketball,France - Nationale 1,Berck Fliers Range vs Pays Salonais Basket 13,SPREAD,-6,1,,"[{""price"": ""1.840"", ""arrow"": null, ""parenthetical"": null, ""highlighted"": false}, {""price"": ""1.826"", ""arrow"": null, ""parenthetical"": null, ""highlighted"": false}]","[{""price"": ""1.934"", ""arrow"": ""\u2b06"", ""parenthetical"": ""1.847"", ""highlighted"": false}, {""price"": ""1.729"", ""arrow"": ""\u2b07"", ""parenthetical"": ""1.819"", ""highlighted"": false}]",7,UP,AWAY,3.5,1.83,-3.5,1.83,,None (not equal lines),False,4.5,AWAY,ACCEPT,,True,HIGH_DIRECTION_ONLY,Cross-book favourite disagreement; Bet365 orientation needs verification,clear_sharp_side_signal,ambiguous,False,,AMBIGUOUS,Pinnacle (1) and Bet365 (-3.5) favour different teams by 4.5 points: the Bet365 spread appears to have an unresolved sign reference; do not assume a perspective correction,AMBIGUOUS,AMBIGUOUS,Pinnacle (1) and Bet365 (-3.5) favour different teams by 4.5 points: the Bet365 spread appears to have an unresolved sign reference; do not assume a perspective correction,201d11c48ca3f88deea3e26a923693601ed2a4cb762c90bf5735b10f475f3a73
997,1475314653,69003,2026-09-24T23:17:15.418+00:00,2026-09-24T23:17:15+00:00,PARSED,,True,basketball,Paraguay - Primera,Felix Perez Cardozo vs Amambay,SPREAD,6,15.5,,"[{""price"": ""1.847"", ""arrow"": null, ""parenthetical"": null, ""highlighted"": false}, {""price"": ""1.813"", ""arrow"": null, ""parenthetical"": null, ""highlighted"": false}]","[{""price"": ""1.625"", ""arrow"": ""\u2b07"", ""parenthetical"": ""1.657"", ""highlighted"": false}, {""price"": ""2.160"", ""arrow"": ""\u2b06"", ""parenthetical"": ""2.110"", ""highlighted"": false}]",9.5,UP,AWAY,-15.5,1.83,15.5,1.83,HOME,106.02%,True,0.0,HOME,ACCEPT,STALE,False,HIGH_DIRECTION_ONLY,No supplied equal-line EV bound to the sharp side,clear_sharp_side_signal,no_proven_same_side_value,False,AWAY,REJECT,"bet_quality: UNFAVOURABLE (line EQUAL, price UNFAVOURABLE, EV SUPPLIED_FOR_OTHER_SIDE)",NO BET,REJECT,"bet_quality: UNFAVOURABLE (line EQUAL, price UNFAVOURABLE, EV SUPPLIED_FOR_OTHER_SIDE)",63681681450de749807988b43820720ae1fdcd81ec60ddd9fa64edea72368d85
1000,1475314653,69006,2026-09-24T23:23:43.199+00:00,2026-09-24T23:23:43+00:00,PARSED_PARTIAL,,True,basketball,France - Nationale 1,Orchies vs Lyon,SPREAD,-5.5,2.5,,"[{""price"": ""1.869"", ""arrow"": null, ""parenthetical"": null, ""highlighted"": false}, {""price"": ""1.793"", ""arrow"": null, ""parenthetical"": null, ""highlighted"": false}]","[{""price"": ""1.980"", ""arrow"": ""\u2b06"", ""parenthetical"": ""1.862"", ""highlighted"": false}, {""price"": ""1.699"", ""arrow"": ""\u2b07"", ""parenthetical"": ""1.800"", ""highlighted"": false}]",8.0,UP,AWAY,3.5,1.83,-3.5,1.83,,None (not equal lines),False,6.0,AWAY,ACCEPT,,True,HIGH_DIRECTION_ONLY,Cross-book favourite disagreement; Bet365 orientation needs verification,clear_sharp_side_signal,ambiguous,False,,AMBIGUOUS,Pinnacle (2.5) and Bet365 (-3.5) favour different teams by 6.0 points: the Bet365 spread appears to have an unresolved sign reference; do not assume a perspective correction,AMBIGUOUS,AMBIGUOUS,Pinnacle (2.5) and Bet365 (-3.5) favour different teams by 6.0 points: the Bet365 spread appears to have an unresolved sign reference; do not assume a perspective correction,a09d718f47b1827d402b946ed3f01bac73139b604030835bdd2c68312026d6e4
1001,1475314653,69007,2026-09-24T23:24:10.312+00:00,2026-09-24T23:24:10+00:00,PARSED_PARTIAL,,True,basketball,France - Nationale 1,Orchies vs Lyon,SPREAD,-5.5,3,,"[{""price"": ""1.869"", ""arrow"": null, ""parenthetical"": null, ""highlighted"": false}, {""price"": ""1.793"", ""arrow"": null, ""parenthetical"": null, ""highlighted"": false}]","[{""price"": ""1.925"", ""arrow"": ""\u2b06"", ""parenthetical"": ""1.819"", ""highlighted"": false}, {""price"": ""1.740"", ""arrow"": ""\u2b07"", ""parenthetical"": ""1.847"", ""highlighted"": false}]",8.5,UP,AWAY,3.5,1.83,-3.5,1.83,,None (not equal lines),False,6.5,AWAY,ACCEPT,,True,HIGH_DIRECTION_ONLY,Cross-book favourite disagreement; Bet365 orientation needs verification,clear_sharp_side_signal,ambiguous,False,,AMBIGUOUS,Pinnacle (3) and Bet365 (-3.5) favour different teams by 6.5 points: the Bet365 spread appears to have an unresolved sign reference; do not assume a perspective correction,AMBIGUOUS,AMBIGUOUS,Pinnacle (3) and Bet365 (-3.5) favour different teams by 6.5 points: the Bet365 spread appears to have an unresolved sign reference; do not assume a perspective correction,222138fef04908bda276b91a36b3102e8d8e0a556cc213a26c80ea4eca05eabf
1003,1475314653,69009,2026-09-24T23:25:27.559+00:00,2026-09-24T23:25:27+00:00,PARSED_PARTIAL,,True,basketball,Czech Republic - 1. Liga,SKB Zlin vs BK Napos Vysoka Nad Labem,SPREAD,-13.5,2.5,3,"[{""price"": ""1.806"", ""arrow"": null, ""parenthetical"": null, ""highlighted"": false}, {""price"": ""1.793"", ""arrow"": null, ""parenthetical"": null, ""highlighted"": false}]","[{""price"": ""1.793"", ""arrow"": ""\u2b06"", ""parenthetical"": ""1.769"", ""highlighted"": false}, {""price"": ""1.806"", ""arrow"": ""\u2b07"", ""parenthetical"": ""1.833"", ""highlighted"": false}]",16.0,UP,AWAY,2.5,1.83,-2.5,1.83,,None (not equal lines),False,5.0,AWAY,ACCEPT,,True,HIGH_DIRECTION_ONLY,Cross-book favourite disagreement; Bet365 orientation needs verification,clear_sharp_side_signal,ambiguous,True,,AMBIGUOUS,Pinnacle (2.5) and Bet365 (-2.5) favour different teams by 5.0 points: the Bet365 spread appears to have an unresolved sign reference; do not assume a perspective correction,AMBIGUOUS,AMBIGUOUS,Pinnacle (2.5) and Bet365 (-2.5) favour different teams by 5.0 points: the Bet365 spread appears to have an unresolved sign reference; do not assume a perspective correction,581fa6e0504efaade3698a85d24e1664b7d3d071bf9afe3f01a9c6d21bc15b82
1004,1475314653,69010,2026-09-24T23:31:26.530+00:00,2026-09-24T23:31:26+00:00,PARSED_PARTIAL,,True,basketball,Czech Republic - 1. Liga,SKB Zlin vs BK Napos Vysoka Nad Labem,SPREAD,-13.5,1,2.5,"[{""price"": ""1.806"", ""arrow"": null, ""parenthetical"": null, ""highlighted"": false}, {""price"": ""1.793"", ""arrow"": null, ""parenthetical"": null, ""highlighted"": false}]","[{""price"": ""1.806"", ""arrow"": ""\u2b06"", ""parenthetical"": ""1.735"", ""highlighted"": false}, {""price"": ""1.793"", ""arrow"": ""\u2b07"", ""parenthetical"": ""1.869"", ""highlighted"": false}]",14.5,UP,AWAY,1,1.83,-1,1.83,,None (not equal lines),False,2,AWAY,ACCEPT,,True,HIGH_DIRECTION_ONLY,Cross-book favourite disagreement; Bet365 orientation needs verification,clear_sharp_side_signal,ambiguous,True,,AMBIGUOUS,Pinnacle (1) and Bet365 (-1) favour different teams by 2 points: the Bet365 spread appears to have an unresolved sign reference; do not assume a perspective correction,AMBIGUOUS,AMBIGUOUS,Pinnacle (1) and Bet365 (-1) favour different teams by 2 points: the Bet365 spread appears to have an unresolved sign reference; do not assume a perspective correction,0b982438008d0d2757c02afafed845d837aab0e7d6a31b8b624615b4f2556a9c
1006,1475314653,69012,2026-09-24T23:32:42.927+00:00,2026-09-24T23:32:42+00:00,PARSED_PARTIAL,,True,basketball,Czech Republic - 1. Liga,SKB Zlin vs BK Napos Vysoka Nad Labem,SPREAD,-13.5,1,,"[{""price"": ""1.806"", ""arrow"": null, ""parenthetical"": null, ""highlighted"": false}, {""price"": ""1.793"", ""arrow"": null, ""parenthetical"": null, ""highlighted"": false}]","[{""price"": ""1.884"", ""arrow"": ""\u2b06"", ""parenthetical"": ""1.806"", ""highlighted"": false}, {""price"": ""1.719"", ""arrow"": ""\u2b07"", ""parenthetical"": ""1.793"", ""highlighted"": false}]",14.5,UP,AWAY,1,1.83,-1,1.83,,None (not equal lines),False,2,AWAY,ACCEPT,,True,HIGH_DIRECTION_ONLY,Cross-book favourite disagreement; Bet365 orientation needs verification,clear_sharp_side_signal,ambiguous,False,,AMBIGUOUS,Pinnacle (1) and Bet365 (-1) favour different teams by 2 points: the Bet365 spread appears to have an unresolved sign reference; do not assume a perspective correction,AMBIGUOUS,AMBIGUOUS,Pinnacle (1) and Bet365 (-1) favour different teams by 2 points: the Bet365 spread appears to have an unresolved sign reference; do not assume a perspective correction,c79104197a4910fe06cc7ae1d9421b34df8ffea6d75c774750762c71ec4bf5c7
1007,1475314653,69013,2026-09-24T23:37:26.542+00:00,2026-09-24T23:37:26+00:00,PARSED_PARTIAL,,True,basketball,France - Nationale 1,Berck Fliers Range vs Pays Salonais Basket 13,SPREAD,-6,1.5,,"[{""price"": ""1.840"", ""arrow"": null, ""parenthetical"": null, ""highlighted"": false}, {""price"": ""1.826"", ""arrow"": null, ""parenthetical"": null, ""highlighted"": false}]","[{""price"": ""1.980"", ""arrow"": ""\u2b06"", ""parenthetical"": ""1.854"", ""highlighted"": false}, {""price"": ""1.699"", ""arrow"": ""\u2b07"", ""parenthetical"": ""1.806"", ""highlighted"": false}]",7.5,UP,AWAY,3.5,1.83,-3.5,1.83,,None (not equal lines),False,5.0,AWAY,ACCEPT,,True,HIGH_DIRECTION_ONLY,Cross-book favourite disagreement; Bet365 orientation needs verification,clear_sharp_side_signal,ambiguous,False,,AMBIGUOUS,Pinnacle (1.5) and Bet365 (-3.5) favour different teams by 5.0 points: the Bet365 spread appears to have an unresolved sign reference; do not assume a perspective correction,AMBIGUOUS,AMBIGUOUS,Pinnacle (1.5) and Bet365 (-3.5) favour different teams by 5.0 points: the Bet365 spread appears to have an unresolved sign reference; do not assume a perspective correction,223940b5eefb5e053770883bc98584f4961c24d5e6dd6881a816fe0f13f557f4
1009,1475314653,69015,2026-09-24T23:41:42.021+00:00,2026-09-24T23:41:41+00:00,PARSED_PARTIAL,,True,basketball,Czech Republic - 1. Liga,SKB Zlin vs BK Napos Vysoka Nad Labem,SPREAD,-13.5,1,,"[{""price"": ""1.806"", ""arrow"": null, ""parenthetical"": null, ""highlighted"": false}, {""price"": ""1.793"", ""arrow"": null, ""parenthetical"": null, ""highlighted"": false}]","[{""price"": ""1.833"", ""arrow"": ""\u2b06"", ""parenthetical"": ""1.775"", ""highlighted"": false}, {""price"": ""1.769"", ""arrow"": ""\u2b07"", ""parenthetical"": ""1.826"", ""highlighted"": false}]",14.5,UP,AWAY,1,1.83,-1,1.83,,None (not equal lines),False,2,AWAY,ACCEPT,,True,HIGH_DIRECTION_ONLY,Cross-book favourite disagreement; Bet365 orientation needs verification,clear_sharp_side_signal,ambiguous,False,,AMBIGUOUS,Pinnacle (1) and Bet365 (-1) favour different teams by 2 points: the Bet365 spread appears to have an unresolved sign reference; do not assume a perspective correction,AMBIGUOUS,AMBIGUOUS,Pinnacle (1) and Bet365 (-1) favour different teams by 2 points: the Bet365 spread appears to have an unresolved sign reference; do not assume a perspective correction,c5bd92182ab649515fb02b8faf6e72dc03d051e73191fa6bae0633cfedc538aa
1010,1475314653,69016,2026-09-24T23:42:11.841+00:00,2026-09-24T23:42:11+00:00,PARSED_PARTIAL,,True,basketball,Czech Republic - 1. Liga,SKB Zlin vs BK Napos Vysoka Nad Labem,SPREAD,-13.5,2,1,"[{""price"": ""1.806"", ""arrow"": null, ""parenthetical"": null, ""highlighted"": false}, {""price"": ""1.793"", ""arrow"": null, ""parenthetical"": null, ""highlighted"": false}]","[{""price"": ""1.793"", ""arrow"": ""\u2b06"", ""parenthetical"": ""1.781"", ""highlighted"": false}, {""price"": ""1.806"", ""arrow"": ""\u2b07"", ""parenthetical"": ""1.819"", ""highlighted"": false}]",15.5,UP,AWAY,1,1.83,-1,1.83,,None (not equal lines),False,3,AWAY,ACCEPT,,True,HIGH_DIRECTION_ONLY,Cross-book favourite disagreement; Bet365 orientation needs verification,clear_sharp_side_signal,ambiguous,False,,AMBIGUOUS,Pinnacle (2) and Bet365 (-1) favour different teams by 3 points: the Bet365 spread appears to have an unresolved sign reference; do not assume a perspective correction,AMBIGUOUS,AMBIGUOUS,Pinnacle (2) and Bet365 (-1) favour different teams by 3 points: the Bet365 spread appears to have an unresolved sign reference; do not assume a perspective correction,b52088fd9cf9960aef1ea1f96c54eafdf1372ef5cc27ba99e0db5a171a87cbdc
1013,1475314653,69019,2026-09-24T23:43:40.792+00:00,2026-09-24T23:43:40+00:00,PARSED_PARTIAL,,True,basketball,France - Nationale 1,Besancon vs Val De Seine,SPREAD,-6.5,3,,"[{""price"": ""1.854"", ""arrow"": null, ""parenthetical"": null, ""highlighted"": false}, {""price"": ""1.813"", ""arrow"": null, ""parenthetical"": null, ""highlighted"": false}]","[{""price"": ""1.854"", ""arrow"": ""\u2b06"", ""parenthetical"": ""1.800"", ""highlighted"": false}, {""price"": ""1.813"", ""arrow"": ""\u2b07"", ""parenthetical"": ""1.862"", ""highlighted"": false}]",9.5,UP,AWAY,1.5,1.83,-1.5,1.83,,None (not equal lines),False,4.5,AWAY,ACCEPT,,True,HIGH_DIRECTION_ONLY,Cross-book favourite disagreement; Bet365 orientation needs verification,clear_sharp_side_signal,ambiguous,False,,AMBIGUOUS,Pinnacle (3) and Bet365 (-1.5) favour different teams by 4.5 points: the Bet365 spread appears to have an unresolved sign reference; do not assume a perspective correction,AMBIGUOUS,AMBIGUOUS,Pinnacle (3) and Bet365 (-1.5) favour different teams by 4.5 points: the Bet365 spread appears to have an unresolved sign reference; do not assume a perspective correction,ceada1b112c5750e80a8dfcdb0559e098a2ca4681e4ce0ec5a6303829bcc0b6f
1014,1475314653,69020,2026-09-24T23:43:56.660+00:00,2026-09-24T23:43:56+00:00,PARSED_PARTIAL,,True,basketball,France - Nationale 1,Berck Fliers Range vs Pays Salonais Basket 13,SPREAD,-6,1,,"[{""price"": ""1.840"", ""arrow"": null, ""parenthetical"": null, ""highlighted"": false}, {""price"": ""1.826"", ""arrow"": null, ""parenthetical"": null, ""highlighted"": false}]","[{""price"": ""1.970"", ""arrow"": ""\u2b06"", ""parenthetical"": ""1.854"", ""highlighted"": false}, {""price"": ""1.699"", ""arrow"": ""\u2b07"", ""parenthetical"": ""1.813"", ""highlighted"": false}]",7,UP,AWAY,3.5,1.83,-3.5,1.83,,None (not equal lines),False,4.5,AWAY,ACCEPT,,True,HIGH_DIRECTION_ONLY,Cross-book favourite disagreement; Bet365 orientation needs verification,clear_sharp_side_signal,ambiguous,False,,AMBIGUOUS,Pinnacle (1) and Bet365 (-3.5) favour different teams by 4.5 points: the Bet365 spread appears to have an unresolved sign reference; do not assume a perspective correction,AMBIGUOUS,AMBIGUOUS,Pinnacle (1) and Bet365 (-3.5) favour different teams by 4.5 points: the Bet365 spread appears to have an unresolved sign reference; do not assume a perspective correction,d7136d051a97890ccd721c15e0ec836a0d174ff407f3bf453885b971c22be118
1015,1475314653,69021,2026-09-24T23:44:19.227+00:00,2026-09-24T23:44:19+00:00,PARSED_PARTIAL,,True,basketball,France - Nationale 1,Orchies vs Lyon,SPREAD,-5.5,2.5,,"[{""price"": ""1.869"", ""arrow"": null, ""parenthetical"": null, ""highlighted"": false}, {""price"": ""1.793"", ""arrow"": null, ""parenthetical"": null, ""highlighted"": false}]","[{""price"": ""1.952"", ""arrow"": ""\u2b06"", ""parenthetical"": ""1.833"", ""highlighted"": false}, {""price"": ""1.709"", ""arrow"": ""\u2b07"", ""parenthetical"": ""1.833"", ""highlighted"": false}]",8.0,UP,AWAY,3.5,1.83,-3.5,1.83,,None (not equal lines),False,6.0,AWAY,ACCEPT,,True,HIGH_DIRECTION_ONLY,Cross-book favourite disagreement; Bet365 orientation needs verification,clear_sharp_side_signal,ambiguous,False,,AMBIGUOUS,Pinnacle (2.5) and Bet365 (-3.5) favour different teams by 6.0 points: the Bet365 spread appears to have an unresolved sign reference; do not assume a perspective correction,AMBIGUOUS,AMBIGUOUS,Pinnacle (2.5) and Bet365 (-3.5) favour different teams by 6.0 points: the Bet365 spread appears to have an unresolved sign reference; do not assume a perspective correction,c0d7a2e984aa4b585dbbabb7386f75ccee0e595eb2a5428bfa410dd9aba72021
1017,1475314653,69023,2026-09-24T23:48:35.562+00:00,2026-09-24T23:48:35+00:00,PARSED_PARTIAL,,True,basketball,France - Nationale 1,Orchies vs Lyon,SPREAD,-5.5,3,,"[{""price"": ""1.869"", ""arrow"": null, ""parenthetical"": null, ""highlighted"": false}, {""price"": ""1.793"", ""arrow"": null, ""parenthetical"": null, ""highlighted"": false}]","[{""price"": ""1.892"", ""arrow"": ""\u2b06"", ""parenthetical"": ""1.806"", ""highlighted"": false}, {""price"": ""1.775"", ""arrow"": ""\u2b07"", ""parenthetical"": ""1.862"", ""highlighted"": false}]",8.5,UP,AWAY,3.5,1.83,-3.5,1.83,,None (not equal lines),False,6.5,AWAY,ACCEPT,,True,HIGH_DIRECTION_ONLY,Cross-book favourite disagreement; Bet365 orientation needs verification,clear_sharp_side_signal,ambiguous,False,,AMBIGUOUS,Pinnacle (3) and Bet365 (-3.5) favour different teams by 6.5 points: the Bet365 spread appears to have an unresolved sign reference; do not assume a perspective correction,AMBIGUOUS,AMBIGUOUS,Pinnacle (3) and Bet365 (-3.5) favour different teams by 6.5 points: the Bet365 spread appears to have an unresolved sign reference; do not assume a perspective correction,0e38ee23bc9418790d41ff3e1dd3ea3747d3631b955f828d65c45456ee2a79f9
1018,1475314653,69024,2026-09-24T23:48:56.728+00:00,2026-09-24T23:48:56+00:00,PARSED_PARTIAL,,True,basketball,France - Nationale 1,Orchies vs Lyon,SPREAD,-5.5,3,,"[{""price"": ""1.869"", ""arrow"": null, ""parenthetical"": null, ""highlighted"": false}, {""price"": ""1.793"", ""arrow"": null, ""parenthetical"": null, ""highlighted"": false}]","[{""price"": ""1.934"", ""arrow"": ""\u2b06"", ""parenthetical"": ""1.854"", ""highlighted"": false}, {""price"": ""1.735"", ""arrow"": ""\u2b07"", ""parenthetical"": ""1.813"", ""highlighted"": false}]",8.5,UP,AWAY,3.5,1.83,-3.5,1.83,,None (not equal lines),False,6.5,AWAY,ACCEPT,,True,HIGH_DIRECTION_ONLY,Cross-book favourite disagreement; Bet365 orientation needs verification,clear_sharp_side_signal,ambiguous,False,,AMBIGUOUS,Pinnacle (3) and Bet365 (-3.5) favour different teams by 6.5 points: the Bet365 spread appears to have an unresolved sign reference; do not assume a perspective correction,AMBIGUOUS,AMBIGUOUS,Pinnacle (3) and Bet365 (-3.5) favour different teams by 6.5 points: the Bet365 spread appears to have an unresolved sign reference; do not assume a perspective correction,e1d3318089dcf878d757918fe441d6c054904e0cbd1dcb6b53b006afe8fc9791
1019,1475314653,69025,2026-09-24T23:53:49.913+00:00,2026-09-24T23:53:49+00:00,PARSED_PARTIAL,,True,basketball,Czech Republic - 1. Liga,SKB Zlin vs BK Napos Vysoka Nad Labem,SPREAD,-13.5,2.5,2,"[{""price"": ""1.806"", ""arrow"": null, ""parenthetical"": null, ""highlighted"": false}, {""price"": ""1.793"", ""arrow"": null, ""parenthetical"": null, ""highlighted"": false}]","[{""price"": ""1.840"", ""arrow"": ""\u2b06"", ""parenthetical"": ""1.793"", ""highlighted"": false}, {""price"": ""1.763"", ""arrow"": ""\u2b07"", ""parenthetical"": ""1.806"", ""highlighted"": false}]",16.0,UP,AWAY,1,1.83,-1,1.83,,None (not equal lines),False,3.5,AWAY,ACCEPT,,True,HIGH_DIRECTION_ONLY,Cross-book favourite disagreement; Bet365 orientation needs verification,clear_sharp_side_signal,ambiguous,False,,AMBIGUOUS,Pinnacle (2.5) and Bet365 (-1) favour different teams by 3.5 points: the Bet365 spread appears to have an unresolved sign reference; do not assume a perspective correction,AMBIGUOUS,AMBIGUOUS,Pinnacle (2.5) and Bet365 (-1) favour different teams by 3.5 points: the Bet365 spread appears to have an unresolved sign reference; do not assume a perspective correction,3f4861471f6b66205f3f78674a10c633986bc3c0edd878eee60de0aff6e15715
1027,1475314653,69033,2026-09-24T23:59:46.512+00:00,2026-09-24T23:59:46+00:00,PARSED_PARTIAL,,True,basketball,France - Nationale 1,Besancon vs Val De Seine,SPREAD,-6.5,3,,"[{""price"": ""1.854"", ""arrow"": null, ""parenthetical"": null, ""highlighted"": false}, {""price"": ""1.813"", ""arrow"": null, ""parenthetical"": null, ""highlighted"": false}]","[{""price"": ""1.862"", ""arrow"": ""\u2b06"", ""parenthetical"": ""1.813"", ""highlighted"": false}, {""price"": ""1.806"", ""arrow"": ""\u2b07"", ""parenthetical"": ""1.854"", ""highlighted"": false}]",9.5,UP,AWAY,1.5,1.83,-1.5,1.83,,None (not equal lines),False,4.5,AWAY,ACCEPT,,True,HIGH_DIRECTION_ONLY,Cross-book favourite disagreement; Bet365 orientation needs verification,clear_sharp_side_signal,ambiguous,False,,AMBIGUOUS,Pinnacle (3) and Bet365 (-1.5) favour different teams by 4.5 points: the Bet365 spread appears to have an unresolved sign reference; do not assume a perspective correction,AMBIGUOUS,AMBIGUOUS,Pinnacle (3) and Bet365 (-1.5) favour different teams by 4.5 points: the Bet365 spread appears to have an unresolved sign reference; do not assume a perspective correction,20a3a62102a1534a07a5dc1ae53837c23368ab46a912fc7f59a5e55430a02771
1028,1475314653,69035,2026-09-25T00:00:44.971+00:00,2026-09-25T00:00:44+00:00,PARSED_PARTIAL,,True,basketball,Czech Republic - 1. Liga,SKB Zlin vs BK Napos Vysoka Nad Labem,SPREAD,-13.5,3,2.5,"[{""price"": ""1.806"", ""arrow"": null, ""parenthetical"": null, ""highlighted"": false}, {""price"": ""1.793"", ""arrow"": null, ""parenthetical"": null, ""highlighted"": false}]","[{""price"": ""1.806"", ""arrow"": ""\u2b07"", ""parenthetical"": ""1.840"", ""highlighted"": false}, {""price"": ""1.793"", ""arrow"": ""\u2b06"", ""parenthetical"": ""1.763"", ""highlighted"": false}]",16.5,UP,AWAY,1,1.83,-1,1.83,,None (not equal lines),False,4,AWAY,ACCEPT,,True,HIGH_DIRECTION_ONLY,Cross-book favourite disagreement; Bet365 orientation needs verification,clear_sharp_side_signal,ambiguous,False,,AMBIGUOUS,Pinnacle (3) and Bet365 (-1) favour different teams by 4 points: the Bet365 spread appears to have an unresolved sign reference; do not assume a perspective correction,AMBIGUOUS,AMBIGUOUS,Pinnacle (3) and Bet365 (-1) favour different teams by 4 points: the Bet365 spread appears to have an unresolved sign reference; do not assume a perspective correction,ea1d33fc811a061749af87b925c70ea65288bad32713c04342c6914e99fb4d22
1029,1475314653,69036,2026-09-25T00:00:48.208+00:00,2026-09-25T00:00:48+00:00,PARSED_PARTIAL,,True,basketball,Czech Republic - 1. Liga,SKB Zlin vs BK Napos Vysoka Nad Labem,SPREAD,-13.5,3.5,3,"[{""price"": ""1.806"", ""arrow"": null, ""parenthetical"": null, ""highlighted"": false}, {""price"": ""1.793"", ""arrow"": null, ""parenthetical"": null, ""highlighted"": false}]","[{""price"": ""1.833"", ""arrow"": ""\u2b06"", ""parenthetical"": ""1.806"", ""highlighted"": false}, {""price"": ""1.769"", ""arrow"": ""\u2b07"", ""parenthetical"": ""1.793"", ""highlighted"": false}]",17.0,UP,AWAY,1,1.83,-1,1.83,,None (not equal lines),False,4.5,AWAY,ACCEPT,,True,HIGH_DIRECTION_ONLY,Cross-book favourite disagreement; Bet365 orientation needs verification,clear_sharp_side_signal,ambiguous,False,,AMBIGUOUS,Pinnacle (3.5) and Bet365 (-1) favour different teams by 4.5 points: the Bet365 spread appears to have an unresolved sign reference; do not assume a perspective correction,AMBIGUOUS,AMBIGUOUS,Pinnacle (3.5) and Bet365 (-1) favour different teams by 4.5 points: the Bet365 spread appears to have an unresolved sign reference; do not assume a perspective correction,ffefa123e768da748561d2525d225ac9404ae3d877b14f3cb316d80916c13a9d
1032,1475314653,69039,2026-09-25T00:06:23.626+00:00,2026-09-25T00:06:23+00:00,PARSED_PARTIAL,,True,basketball,France - Nationale 1,Besancon vs Val De Seine,SPREAD,-6.5,3,,"[{""price"": ""1.854"", ""arrow"": null, ""parenthetical"": null, ""highlighted"": false}, {""price"": ""1.813"", ""arrow"": null, ""parenthetical"": null, ""highlighted"": false}]","[{""price"": ""1.934"", ""arrow"": ""\u2b06"", ""parenthetical"": ""1.862"", ""highlighted"": false}, {""price"": ""1.729"", ""arrow"": ""\u2b07"", ""parenthetical"": ""1.806"", ""highlighted"": false}]",9.5,UP,AWAY,1.5,1.83,-1.5,1.83,,None (not equal lines),False,4.5,AWAY,ACCEPT,,True,HIGH_DIRECTION_ONLY,Cross-book favourite disagreement; Bet365 orientation needs verification,clear_sharp_side_signal,ambiguous,False,,AMBIGUOUS,Pinnacle (3) and Bet365 (-1.5) favour different teams by 4.5 points: the Bet365 spread appears to have an unresolved sign reference; do not assume a perspective correction,AMBIGUOUS,AMBIGUOUS,Pinnacle (3) and Bet365 (-1.5) favour different teams by 4.5 points: the Bet365 spread appears to have an unresolved sign reference; do not assume a perspective correction,80c2d3aeb898d7f83ed8278a78865cc04e9f776b76ed3957864a9ca6c6806343
1033,1475314653,69040,2026-09-25T00:06:31.536+00:00,2026-09-25T00:06:31+00:00,PARSED_PARTIAL,,True,basketball,France - Nationale 1,Besancon vs Val De Seine,SPREAD,-6.5,3.5,,"[{""price"": ""1.854"", ""arrow"": null, ""parenthetical"": null, ""highlighted"": false}, {""price"": ""1.813"", ""arrow"": null, ""parenthetical"": null, ""highlighted"": false}]","[{""price"": ""1.952"", ""arrow"": ""\u2b06"", ""parenthetical"": ""1.854"", ""highlighted"": false}, {""price"": ""1.714"", ""arrow"": ""\u2b07"", ""parenthetical"": ""1.806"", ""highlighted"": false}]",10.0,UP,AWAY,1.5,1.83,-1.5,1.83,,None (not equal lines),False,5.0,AWAY,ACCEPT,,True,HIGH_DIRECTION_ONLY,Cross-book favourite disagreement; Bet365 orientation needs verification,clear_sharp_side_signal,ambiguous,False,,AMBIGUOUS,Pinnacle (3.5) and Bet365 (-1.5) favour different teams by 5.0 points: the Bet365 spread appears to have an unresolved sign reference; do not assume a perspective correction,AMBIGUOUS,AMBIGUOUS,Pinnacle (3.5) and Bet365 (-1.5) favour different teams by 5.0 points: the Bet365 spread appears to have an unresolved sign reference; do not assume a perspective correction,72a64b0c87d76df4de1bfdc6f9fb4a43b7c80adb4e17a91cbfd3997524c2c53e
1034,1475314653,69041,2026-09-25T00:06:41.748+00:00,2026-09-25T00:06:41+00:00,PARSED_PARTIAL,,True,basketball,France - Nationale 1,Orchies vs Lyon,SPREAD,-5.5,3.5,,"[{""price"": ""1.869"", ""arrow"": null, ""parenthetical"": null, ""highlighted"": false}, {""price"": ""1.793"", ""arrow"": null, ""parenthetical"": null, ""highlighted"": false}]","[{""price"": ""2.040"", ""arrow"": ""\u2b06"", ""parenthetical"": ""1.869"", ""highlighted"": false}, {""price"": ""1.649"", ""arrow"": ""\u2b07"", ""parenthetical"": ""1.800"", ""highlighted"": false}]",9.0,UP,AWAY,3.5,1.83,-3.5,1.83,,None (not equal lines),False,7.0,AWAY,ACCEPT,,True,HIGH_DIRECTION_ONLY,Cross-book favourite disagreement; Bet365 orientation needs verification,clear_sharp_side_signal,ambiguous,False,,AMBIGUOUS,Pinnacle (3.5) and Bet365 (-3.5) favour different teams by 7.0 points: the Bet365 spread appears to have an unresolved sign reference; do not assume a perspective correction,AMBIGUOUS,AMBIGUOUS,Pinnacle (3.5) and Bet365 (-3.5) favour different teams by 7.0 points: the Bet365 spread appears to have an unresolved sign reference; do not assume a perspective correction,1f839ff7790d6e38bab0c9b51743798199a278f2cf9644804f94bf496ed1dc5e
1037,1475314653,69044,2026-09-25T00:07:13.712+00:00,2026-09-25T00:07:13+00:00,PARSED_PARTIAL,,True,basketball,Czech Republic - 1. Liga,SKB Zlin vs BK Napos Vysoka Nad Labem,SPREAD,-13.5,4,3.5,"[{""price"": ""1.806"", ""arrow"": null, ""parenthetical"": null, ""highlighted"": false}, {""price"": ""1.793"", ""arrow"": null, ""parenthetical"": null, ""highlighted"": false}]","[{""price"": ""1.813"", ""arrow"": ""\u2b07"", ""parenthetical"": ""1.833"", ""highlighted"": false}, {""price"": ""1.787"", ""arrow"": ""\u2b06"", ""parenthetical"": ""1.769"", ""highlighted"": false}]",17.5,UP,AWAY,1,1.83,-1,1.83,,None (not equal lines),False,5,AWAY,ACCEPT,,True,HIGH_DIRECTION_ONLY,Cross-book favourite disagreement; Bet365 orientation needs verification,clear_sharp_side_signal,ambiguous,False,,AMBIGUOUS,Pinnacle (4) and Bet365 (-1) favour different teams by 5 points: the Bet365 spread appears to have an unresolved sign reference; do not assume a perspective correction,AMBIGUOUS,AMBIGUOUS,Pinnacle (4) and Bet365 (-1) favour different teams by 5 points: the Bet365 spread appears to have an unresolved sign reference; do not assume a perspective correction,bde41b0ea248fdbf9828fa1ab74da6b514e0e5f42b2c72c23dcd153a4ed60fbd
1038,1475314653,69045,2026-09-25T00:07:23.730+00:00,2026-09-25T00:07:23+00:00,PARSED_PARTIAL,,True,basketball,Czech Republic - 1. Liga,SKB Zlin vs BK Napos Vysoka Nad Labem,SPREAD,-13.5,4,,"[{""price"": ""1.806"", ""arrow"": null, ""parenthetical"": null, ""highlighted"": false}, {""price"": ""1.793"", ""arrow"": null, ""parenthetical"": null, ""highlighted"": false}]","[{""price"": ""1.877"", ""arrow"": ""\u2b06"", ""parenthetical"": ""1.813"", ""highlighted"": false}, {""price"": ""1.729"", ""arrow"": ""\u2b07"", ""parenthetical"": ""1.787"", ""highlighted"": false}]",17.5,UP,AWAY,1,1.83,-1,1.83,,None (not equal lines),False,5,AWAY,ACCEPT,,True,HIGH_DIRECTION_ONLY,Cross-book favourite disagreement; Bet365 orientation needs verification,clear_sharp_side_signal,ambiguous,False,,AMBIGUOUS,Pinnacle (4) and Bet365 (-1) favour different teams by 5 points: the Bet365 spread appears to have an unresolved sign reference; do not assume a perspective correction,AMBIGUOUS,AMBIGUOUS,Pinnacle (4) and Bet365 (-1) favour different teams by 5 points: the Bet365 spread appears to have an unresolved sign reference; do not assume a perspective correction,c13ed1f2722d679124ddedd9ef6dfb2c9ca332dfd29229436260804e73d5fcce
1040,1475314653,69047,2026-09-25T00:07:55.552+00:00,2026-09-25T00:07:55+00:00,PARSED_PARTIAL,,True,basketball,France - Nationale 1,Berck Fliers Range vs Pays Salonais Basket 13,SPREAD,-6,1.5,,"[{""price"": ""1.840"", ""arrow"": null, ""parenthetical"": null, ""highlighted"": false}, {""price"": ""1.826"", ""arrow"": null, ""parenthetical"": null, ""highlighted"": false}]","[{""price"": ""2.010"", ""arrow"": ""\u2b06"", ""parenthetical"": ""1.869"", ""highlighted"": false}, {""price"": ""1.666"", ""arrow"": ""\u2b07"", ""parenthetical"": ""1.800"", ""highlighted"": false}]",7.5,UP,AWAY,3.5,1.83,-3.5,1.83,,None (not equal lines),False,5.0,AWAY,ACCEPT,,True,HIGH_DIRECTION_ONLY,Cross-book favourite disagreement; Bet365 orientation needs verification,clear_sharp_side_signal,ambiguous,False,,AMBIGUOUS,Pinnacle (1.5) and Bet365 (-3.5) favour different teams by 5.0 points: the Bet365 spread appears to have an unresolved sign reference; do not assume a perspective correction,AMBIGUOUS,AMBIGUOUS,Pinnacle (1.5) and Bet365 (-3.5) favour different teams by 5.0 points: the Bet365 spread appears to have an unresolved sign reference; do not assume a perspective correction,6cf01cfe35f1c3ab8241d0041b35c3fddaa57a88e00a616d914d520f5ea7f896
1043,1475314653,69050,2026-09-25T00:08:45.856+00:00,2026-09-25T00:08:45+00:00,PARSED_PARTIAL,,True,basketball,France - Nationale 1,Berck Fliers Range vs Pays Salonais Basket 13,SPREAD,-6,1.5,,"[{""price"": ""1.840"", ""arrow"": null, ""parenthetical"": null, ""highlighted"": false}, {""price"": ""1.826"", ""arrow"": null, ""parenthetical"": null, ""highlighted"": false}]","[{""price"": ""1.934"", ""arrow"": ""\u2b06"", ""parenthetical"": ""1.862"", ""highlighted"": false}, {""price"": ""1.735"", ""arrow"": ""\u2b07"", ""parenthetical"": ""1.806"", ""highlighted"": false}]",7.5,UP,AWAY,3.5,1.83,-3.5,1.83,,None (not equal lines),False,5.0,AWAY,ACCEPT,,True,HIGH_DIRECTION_ONLY,Cross-book favourite disagreement; Bet365 orientation needs verification,clear_sharp_side_signal,ambiguous,False,,AMBIGUOUS,Pinnacle (1.5) and Bet365 (-3.5) favour different teams by 5.0 points: the Bet365 spread appears to have an unresolved sign reference; do not assume a perspective correction,AMBIGUOUS,AMBIGUOUS,Pinnacle (1.5) and Bet365 (-3.5) favour different teams by 5.0 points: the Bet365 spread appears to have an unresolved sign reference; do not assume a perspective correction,b635ae7e9fbc33f7aff2fe65d23420fd9f3d9e41791bf7153f7dc4b0c4cd82db
1050,1475314653,69057,2026-09-25T00:10:51.027+00:00,2026-09-25T00:10:50+00:00,PARSED_PARTIAL,,True,basketball,Czech Republic - 1. Liga,SKB Zlin vs BK Napos Vysoka Nad Labem,SPREAD,-13.5,4.5,4,"[{""price"": ""1.806"", ""arrow"": null, ""parenthetical"": null, ""highlighted"": false}, {""price"": ""1.793"", ""arrow"": null, ""parenthetical"": null, ""highlighted"": false}]","[{""price"": ""1.819"", ""arrow"": ""\u2b07"", ""parenthetical"": ""1.840"", ""highlighted"": false}, {""price"": ""1.781"", ""arrow"": ""\u2b06"", ""parenthetical"": ""1.763"", ""highlighted"": false}]",18.0,UP,AWAY,1,1.83,-1,1.83,,None (not equal lines),False,5.5,AWAY,ACCEPT,,True,HIGH_DIRECTION_ONLY,Cross-book favourite disagreement; Bet365 orientation needs verification,clear_sharp_side_signal,ambiguous,False,,AMBIGUOUS,Pinnacle (4.5) and Bet365 (-1) favour different teams by 5.5 points: the Bet365 spread appears to have an unresolved sign reference; do not assume a perspective correction,AMBIGUOUS,AMBIGUOUS,Pinnacle (4.5) and Bet365 (-1) favour different teams by 5.5 points: the Bet365 spread appears to have an unresolved sign reference; do not assume a perspective correction,1b8a86a4a23094619bac88030f82cdeb5a747413ed5e01906ae68f0300833896
1051,1475314653,69058,2026-09-25T00:11:38.011+00:00,2026-09-25T00:11:37+00:00,PARSED_PARTIAL,,True,basketball,Czech Republic - 1. Liga,SKB Zlin vs BK Napos Vysoka Nad Labem,SPREAD,-13.5,4.5,,"[{""price"": ""1.806"", ""arrow"": null, ""parenthetical"": null, ""highlighted"": false}, {""price"": ""1.793"", ""arrow"": null, ""parenthetical"": null, ""highlighted"": false}]","[{""price"": ""1.862"", ""arrow"": ""\u2b06"", ""parenthetical"": ""1.800"", ""highlighted"": false}, {""price"": ""1.740"", ""arrow"": ""\u2b07"", ""parenthetical"": ""1.800"", ""highlighted"": false}]",18.0,UP,AWAY,1,1.83,-1,1.83,,None (not equal lines),False,5.5,AWAY,ACCEPT,,True,HIGH_DIRECTION_ONLY,Cross-book favourite disagreement; Bet365 orientation needs verification,clear_sharp_side_signal,ambiguous,False,,AMBIGUOUS,Pinnacle (4.5) and Bet365 (-1) favour different teams by 5.5 points: the Bet365 spread appears to have an unresolved sign reference; do not assume a perspective correction,AMBIGUOUS,AMBIGUOUS,Pinnacle (4.5) and Bet365 (-1) favour different teams by 5.5 points: the Bet365 spread appears to have an unresolved sign reference; do not assume a perspective correction,773c80eba0a328c3bbcf92e4eadac9f7813a51accb9cac5290c34819386f53ab
1052,1475314653,69059,2026-09-25T00:13:03.399+00:00,2026-09-25T00:13:03+00:00,PARSED_PARTIAL,,True,basketball,France - Nationale 1,Orchies vs Lyon,SPREAD,-5.5,4.5,,"[{""price"": ""1.869"", ""arrow"": null, ""parenthetical"": null, ""highlighted"": false}, {""price"": ""1.793"", ""arrow"": null, ""parenthetical"": null, ""highlighted"": false}]","[{""price"": ""1.925"", ""arrow"": ""\u2b06"", ""parenthetical"": ""1.813"", ""highlighted"": false}, {""price"": ""1.751"", ""arrow"": ""\u2b07"", ""parenthetical"": ""1.854"", ""highlighted"": false}]",10.0,UP,AWAY,1.5,1.83,-1.5,1.83,,None (not equal lines),False,6.0,AWAY,ACCEPT,,True,HIGH_DIRECTION_ONLY,Cross-book favourite disagreement; Bet365 orientation needs verification,clear_sharp_side_signal,ambiguous,False,,AMBIGUOUS,Pinnacle (4.5) and Bet365 (-1.5) favour different teams by 6.0 points: the Bet365 spread appears to have an unresolved sign reference; do not assume a perspective correction,AMBIGUOUS,AMBIGUOUS,Pinnacle (4.5) and Bet365 (-1.5) favour different teams by 6.0 points: the Bet365 spread appears to have an unresolved sign reference; do not assume a perspective correction,63a8075c7d3ba1cf3479943617e9437b7ff6536ef927c2b2c47752d4d64403e0
1061,1475314653,69068,2026-09-25T00:25:23.672+00:00,2026-09-25T00:25:23+00:00,PARSED_PARTIAL,,True,basketball,France - Nationale 1,Besancon vs Val De Seine,SPREAD,-6.5,3.5,,"[{""price"": ""1.854"", ""arrow"": null, ""parenthetical"": null, ""highlighted"": false}, {""price"": ""1.813"", ""arrow"": null, ""parenthetical"": null, ""highlighted"": false}]","[{""price"": ""1.961"", ""arrow"": ""\u2b06"", ""parenthetical"": ""1.862"", ""highlighted"": false}, {""price"": ""1.709"", ""arrow"": ""\u2b07"", ""parenthetical"": ""1.800"", ""highlighted"": false}]",10.0,UP,AWAY,1.5,1.83,-1.5,1.83,,None (not equal lines),False,5.0,AWAY,ACCEPT,,True,HIGH_DIRECTION_ONLY,Cross-book favourite disagreement; Bet365 orientation needs verification,clear_sharp_side_signal,ambiguous,False,,AMBIGUOUS,Pinnacle (3.5) and Bet365 (-1.5) favour different teams by 5.0 points: the Bet365 spread appears to have an unresolved sign reference; do not assume a perspective correction,AMBIGUOUS,AMBIGUOUS,Pinnacle (3.5) and Bet365 (-1.5) favour different teams by 5.0 points: the Bet365 spread appears to have an unresolved sign reference; do not assume a perspective correction,01b58600d898f1dc38b33f1b4ef0fd6b5adf6596d985d4c93f70ed3987b73036
1062,1475314653,69069,2026-09-25T00:25:39.767+00:00,2026-09-25T00:25:39+00:00,PARSED_PARTIAL,,True,basketball,France - Nationale 1,Besancon vs Val De Seine,SPREAD,-6.5,4.5,,"[{""price"": ""1.854"", ""arrow"": null, ""parenthetical"": null, ""highlighted"": false}, {""price"": ""1.813"", ""arrow"": null, ""parenthetical"": null, ""highlighted"": false}]","[{""price"": ""1.909"", ""arrow"": ""\u2b06"", ""parenthetical"": ""1.800"", ""highlighted"": false}, {""price"": ""1.757"", ""arrow"": ""\u2b07"", ""parenthetical"": ""1.862"", ""highlighted"": false}]",11.0,UP,AWAY,1.5,1.83,-1.5,1.83,,None (not equal lines),False,6.0,AWAY,ACCEPT,,True,HIGH_DIRECTION_ONLY,Cross-book favourite disagreement; Bet365 orientation needs verification,clear_sharp_side_signal,ambiguous,False,,AMBIGUOUS,Pinnacle (4.5) and Bet365 (-1.5) favour different teams by 6.0 points: the Bet365 spread appears to have an unresolved sign reference; do not assume a perspective correction,AMBIGUOUS,AMBIGUOUS,Pinnacle (4.5) and Bet365 (-1.5) favour different teams by 6.0 points: the Bet365 spread appears to have an unresolved sign reference; do not assume a perspective correction,01ede009833291e9b37c3e2c4011624b86283cd0aaec9c53807a42dacccae35b
1081,1475314653,69099,2026-09-25T02:17:21.915+00:00,2026-09-25T02:17:21+00:00,PARSED,,True,basketball,Sweden - Basketligan,Norrkoping Dolphins vs Umea Basket,SPREAD,-22,-23.5,,"[{""price"": ""1.900"", ""arrow"": null, ""parenthetical"": null, ""highlighted"": false}, {""price"": ""1.833"", ""arrow"": null, ""parenthetical"": null, ""highlighted"": false}]","[{""price"": ""1.909"", ""arrow"": ""\u2b06"", ""parenthetical"": ""1.847"", ""highlighted"": false}, {""price"": ""1.826"", ""arrow"": ""\u2b07"", ""parenthetical"": ""1.884"", ""highlighted"": false}]",1.5,DOWN,HOME,-23.5,1.66,23.5,2.10,AWAY,107.59%,True,0.0,AWAY,ACCEPT,STALE,False,HIGH_DIRECTION_ONLY,No supplied equal-line EV bound to the sharp side,clear_sharp_side_signal,no_proven_same_side_value,False,HOME,REJECT,"bet_quality: UNFAVOURABLE (line EQUAL, price UNFAVOURABLE, EV SUPPLIED_FOR_OTHER_SIDE)",NO BET,REJECT,"bet_quality: UNFAVOURABLE (line EQUAL, price UNFAVOURABLE, EV SUPPLIED_FOR_OTHER_SIDE)",8ab6203fd027f6ec1b53316987fa2db84237378d27da21e828c80d55500e436f
1082,1475314653,69100,2026-09-25T02:17:37.556+00:00,2026-09-25T02:17:37+00:00,PARSED,,True,basketball,Sweden - Basketligan,Norrkoping Dolphins vs Umea Basket,SPREAD,-22,-23,,"[{""price"": ""1.900"", ""arrow"": null, ""parenthetical"": null, ""highlighted"": false}, {""price"": ""1.833"", ""arrow"": null, ""parenthetical"": null, ""highlighted"": false}]","[{""price"": ""1.884"", ""arrow"": ""\u2b06"", ""parenthetical"": ""1.826"", ""highlighted"": false}, {""price"": ""1.854"", ""arrow"": ""\u2b07"", ""parenthetical"": ""1.909"", ""highlighted"": false}]",1,DOWN,HOME,-23,1.62,23,2.15,AWAY,108.46%,True,0,AWAY,ACCEPT,STALE,False,HIGH_DIRECTION_ONLY,No supplied equal-line EV bound to the sharp side,clear_sharp_side_signal,no_proven_same_side_value,False,HOME,REJECT,"bet_quality: UNFAVOURABLE (line EQUAL, price UNFAVOURABLE, EV SUPPLIED_FOR_OTHER_SIDE)",NO BET,REJECT,"bet_quality: UNFAVOURABLE (line EQUAL, price UNFAVOURABLE, EV SUPPLIED_FOR_OTHER_SIDE)",fe663b6a8d637a1c5d4777bec43313c26f979573e4f16bb785cd1450aa67798a
1083,1475314653,69101,2026-09-25T02:17:43.625+00:00,2026-09-25T02:17:43+00:00,DUPLICATE,,True,basketball,Sweden - Basketligan,Norrkoping Dolphins vs Umea Basket,SPREAD,-22,-23,,"[{""price"": ""1.900"", ""arrow"": null, ""parenthetical"": null, ""highlighted"": false}, {""price"": ""1.833"", ""arrow"": null, ""parenthetical"": null, ""highlighted"": false}]","[{""price"": ""1.934"", ""arrow"": ""\u2b06"", ""parenthetical"": ""1.884"", ""highlighted"": false}, {""price"": ""1.806"", ""arrow"": ""\u2b07"", ""parenthetical"": ""1.854"", ""highlighted"": false}]",1,DOWN,HOME,-23,1.62,23,2.15,AWAY,111.58%,True,0,AWAY,ACCEPT,,False,HIGH_DIRECTION_ONLY,No supplied equal-line EV bound to the sharp side,clear_sharp_side_signal,no_proven_same_side_value,False,HOME,REJECT,"bet_quality: UNFAVOURABLE (line EQUAL, price UNFAVOURABLE, EV SUPPLIED_FOR_OTHER_SIDE)",NO BET,REJECT,"bet_quality: UNFAVOURABLE (line EQUAL, price UNFAVOURABLE, EV SUPPLIED_FOR_OTHER_SIDE)",15cdc8c80769d8aa614206faa5ff630e3417ff6e20ed1066ce11844548de7dd2
1094,1475314653,69112,2026-09-25T02:58:44.539+00:00,2026-09-25T02:58:44+00:00,PARSED_PARTIAL,,True,basketball,Philippines - NCAA,Arellano Chiefs vs UPHSD Altas,SPREAD,1.5,-1.5,1.5,"[{""price"": ""1.800"", ""arrow"": null, ""parenthetical"": null, ""highlighted"": false}, {""price"": ""1.800"", ""arrow"": null, ""parenthetical"": null, ""highlighted"": false}]","[{""price"": ""1.819"", ""arrow"": ""\u2b07"", ""parenthetical"": ""1.833"", ""highlighted"": false}, {""price"": ""1.847"", ""arrow"": ""\u2b06"", ""parenthetical"": ""1.833"", ""highlighted"": false}]",3.0,DOWN,HOME,1.5,1.83,-1.5,1.83,,None (not equal lines),False,3.0,HOME,ACCEPT,,True,HIGH_DIRECTION_ONLY,Cross-book favourite disagreement; Bet365 orientation needs verification,clear_sharp_side_signal,ambiguous,False,,AMBIGUOUS,Pinnacle (-1.5) and Bet365 (1.5) favour different teams by 3.0 points: the Bet365 spread appears to have an unresolved sign reference; do not assume a perspective correction,AMBIGUOUS,AMBIGUOUS,Pinnacle (-1.5) and Bet365 (1.5) favour different teams by 3.0 points: the Bet365 spread appears to have an unresolved sign reference; do not assume a perspective correction,cc08204339afe8b3dfed3c81199293338017ef399f7c5c949d9dd7e1e66482be
1126,1475314653,69144,2026-09-25T04:51:26.292+00:00,2026-09-25T04:51:26+00:00,PARSED,,True,basketball,Puerto Rico - Superior Nacional Women,Explosivas de Moca vs Leonas De Ponce,SPREAD,-9,-1.5,-4,"[{""price"": ""1.847"", ""arrow"": null, ""parenthetical"": null, ""highlighted"": false}, {""price"": ""1.819"", ""arrow"": null, ""parenthetical"": null, ""highlighted"": false}]","[{""price"": ""1.581"", ""arrow"": ""\u2b07"", ""parenthetical"": ""1.813"", ""highlighted"": false}, {""price"": ""2.140"", ""arrow"": ""\u2b06"", ""parenthetical"": ""1.847"", ""highlighted"": false}]",7.5,UP,AWAY,1.5,1.83,-1.5,1.83,HOME,107.44%,True,0.0,HOME,ACCEPT,STALE,False,HIGH_DIRECTION_ONLY,No supplied equal-line EV bound to the sharp side,clear_sharp_side_signal,no_proven_same_side_value,False,AWAY,REJECT,"bet_quality: UNFAVOURABLE (line EQUAL, price UNFAVOURABLE, EV SUPPLIED_FOR_OTHER_SIDE)",NO BET,REJECT,"bet_quality: UNFAVOURABLE (line EQUAL, price UNFAVOURABLE, EV SUPPLIED_FOR_OTHER_SIDE)",3d49507812b565124bea4b316c1f398247a5420bcaea8b2c028b6e717f66a38b
1131,1475314653,69149,2026-09-25T05:17:36.422+00:00,2026-09-25T05:17:36+00:00,PARSED_PARTIAL,,True,basketball,Philippines - NCAA,Arellano Chiefs vs UPHSD Altas,SPREAD,1.5,-3,-2.5,"[{""price"": ""1.800"", ""arrow"": null, ""parenthetical"": null, ""highlighted"": false}, {""price"": ""1.800"", ""arrow"": null, ""parenthetical"": null, ""highlighted"": false}]","[{""price"": ""1.800"", ""arrow"": ""\u2b07"", ""parenthetical"": ""1.833"", ""highlighted"": false}, {""price"": ""1.869"", ""arrow"": ""\u2b06"", ""parenthetical"": ""1.833"", ""highlighted"": false}]",4.5,DOWN,HOME,1.5,1.83,-1.5,1.83,,None (not equal lines),False,4.5,HOME,ACCEPT,,True,HIGH_DIRECTION_ONLY,Cross-book favourite disagreement; Bet365 orientation needs verification,clear_sharp_side_signal,ambiguous,False,,AMBIGUOUS,Pinnacle (-3) and Bet365 (1.5) favour different teams by 4.5 points: the Bet365 spread appears to have an unresolved sign reference; do not assume a perspective correction,AMBIGUOUS,AMBIGUOUS,Pinnacle (-3) and Bet365 (1.5) favour different teams by 4.5 points: the Bet365 spread appears to have an unresolved sign reference; do not assume a perspective correction,86cb70580918a17faa1e8c8f14211a13eb3b0eb7b7b0692cfaf747d5c12f95ad
1135,1475314653,69153,2026-09-25T05:36:38.518+00:00,2026-09-25T05:36:38+00:00,PARSED,,True,basketball,Puerto Rico - Superior Nacional Women,Explosivas de Moca vs Leonas De Ponce,SPREAD,-9,-1.5,,"[{""price"": ""1.847"", ""arrow"": null, ""parenthetical"": null, ""highlighted"": false}, {""price"": ""1.819"", ""arrow"": null, ""parenthetical"": null, ""highlighted"": false}]","[{""price"": ""1.568"", ""arrow"": ""\u2b07"", ""parenthetical"": ""1.595"", ""highlighted"": false}, {""price"": ""2.160"", ""arrow"": ""\u2b06"", ""parenthetical"": ""2.110"", ""highlighted"": false}]",7.5,UP,AWAY,1.5,1.83,-1.5,1.83,HOME,108.37%,True,0.0,HOME,ACCEPT,STALE,False,HIGH_DIRECTION_ONLY,No supplied equal-line EV bound to the sharp side,clear_sharp_side_signal,no_proven_same_side_value,False,AWAY,REJECT,"bet_quality: UNFAVOURABLE (line EQUAL, price UNFAVOURABLE, EV SUPPLIED_FOR_OTHER_SIDE)",NO BET,REJECT,"bet_quality: UNFAVOURABLE (line EQUAL, price UNFAVOURABLE, EV SUPPLIED_FOR_OTHER_SIDE)",c6518d1e8996acae7383bb6fc4078b2964ef2470fbd2373e8e9f06e5e91e9473
1136,1475314653,69154,2026-09-25T05:36:45.463+00:00,2026-09-25T05:36:45+00:00,DUPLICATE,,True,basketball,Puerto Rico - Superior Nacional Women,Explosivas de Moca vs Leonas De Ponce,SPREAD,-9,-1.5,,"[{""price"": ""1.847"", ""arrow"": null, ""parenthetical"": null, ""highlighted"": false}, {""price"": ""1.819"", ""arrow"": null, ""parenthetical"": null, ""highlighted"": false}]","[{""price"": ""1.540"", ""arrow"": ""\u2b07"", ""parenthetical"": ""1.568"", ""highlighted"": false}, {""price"": ""2.210"", ""arrow"": ""\u2b06"", ""parenthetical"": ""2.160"", ""highlighted"": false}]",7.5,UP,AWAY,1.5,1.83,-1.5,1.83,HOME,110.52%,True,0.0,HOME,ACCEPT,,False,HIGH_DIRECTION_ONLY,No supplied equal-line EV bound to the sharp side,clear_sharp_side_signal,no_proven_same_side_value,False,AWAY,REJECT,"bet_quality: UNFAVOURABLE (line EQUAL, price UNFAVOURABLE, EV SUPPLIED_FOR_OTHER_SIDE)",NO BET,REJECT,"bet_quality: UNFAVOURABLE (line EQUAL, price UNFAVOURABLE, EV SUPPLIED_FOR_OTHER_SIDE)",71f7a494cddfde6e36294ade07ac2aca260778c09e743d15bde08c34421f9342
1140,1475314653,69158,2026-09-25T05:50:43.664+00:00,2026-09-25T05:50:43+00:00,PARSED,,True,basketball,World - Club Friendlies,Anyang Jungkwanjang Red Boosters vs Suwon KT Sonicboom,SPREAD,-2.5,5.5,,"[{""price"": ""1.833"", ""arrow"": null, ""parenthetical"": null, ""highlighted"": false}, {""price"": ""1.833"", ""arrow"": null, ""parenthetical"": null, ""highlighted"": false}]","[{""price"": ""1.606"", ""arrow"": ""\u2b07"", ""parenthetical"": ""1.689"", ""highlighted"": false}, {""price"": ""2.190"", ""arrow"": ""\u2b06"", ""parenthetical"": ""2.070"", ""highlighted"": false}]",8.0,UP,AWAY,-5.5,1.83,5.5,1.83,HOME,107.32%,True,0.0,HOME,ACCEPT,STALE,False,HIGH_DIRECTION_ONLY,No supplied equal-line EV bound to the sharp side,clear_sharp_side_signal,no_proven_same_side_value,False,AWAY,REJECT,"bet_quality: UNFAVOURABLE (line EQUAL, price UNFAVOURABLE, EV SUPPLIED_FOR_OTHER_SIDE)",NO BET,REJECT,"bet_quality: UNFAVOURABLE (line EQUAL, price UNFAVOURABLE, EV SUPPLIED_FOR_OTHER_SIDE)",df14daf36a428c2f47f02e10a49f35059a2ea042b1712e30b7c3d33e4eea2049
1142,1475314653,69160,2026-09-25T05:53:14.255+00:00,2026-09-25T05:53:14+00:00,PARSED_PARTIAL,,True,basketball,World - Club Friendlies,Anyang Jungkwanjang Red Boosters vs Suwon KT Sonicboom,SPREAD,-2.5,2.5,,"[{""price"": ""1.833"", ""arrow"": null, ""parenthetical"": null, ""highlighted"": false}, {""price"": ""1.833"", ""arrow"": null, ""parenthetical"": null, ""highlighted"": false}]","[{""price"": ""1.763"", ""arrow"": ""\u2b07"", ""parenthetical"": ""1.862"", ""highlighted"": false}, {""price"": ""1.980"", ""arrow"": ""\u2b06"", ""parenthetical"": ""1.877"", ""highlighted"": false}]",5.0,UP,AWAY,-5.5,1.83,5.5,1.83,,None (not equal lines),False,-3.0,HOME,ACCEPT,,False,HIGH_DIRECTION_ONLY,,clear_sharp_side_signal,moved_too_far,False,AWAY,REJECT,"bet_quality: UNFAVOURABLE (line UNFAVOURABLE, price NOT_COMPARABLE, EV NOT_AVAILABLE_UNEQUAL_LINES)",NO BET,REJECT,"bet_quality: UNFAVOURABLE (line UNFAVOURABLE, price NOT_COMPARABLE, EV NOT_AVAILABLE_UNEQUAL_LINES)",9bd5a03b302ca66d486bcd9f46f97a953ef9262c6cd843f70e84df7eebc6272c
1144,1475314653,69162,2026-09-25T05:53:27.253+00:00,2026-09-25T05:53:27+00:00,PARSED_PARTIAL,,True,basketball,World - Club Friendlies,Anyang Jungkwanjang Red Boosters vs Suwon KT Sonicboom,SPREAD,-2.5,2,,"[{""price"": ""1.833"", ""arrow"": null, ""parenthetical"": null, ""highlighted"": false}, {""price"": ""1.833"", ""arrow"": null, ""parenthetical"": null, ""highlighted"": false}]","[{""price"": ""1.735"", ""arrow"": ""\u2b07"", ""parenthetical"": ""1.833"", ""highlighted"": false}, {""price"": ""2.010"", ""arrow"": ""\u2b06"", ""parenthetical"": ""1.900"", ""highlighted"": false}]",4.5,UP,AWAY,-5.5,1.83,5.5,1.83,,None (not equal lines),False,-3.5,HOME,ACCEPT,,False,HIGH_DIRECTION_ONLY,,clear_sharp_side_signal,moved_too_far,False,AWAY,REJECT,"bet_quality: UNFAVOURABLE (line UNFAVOURABLE, price NOT_COMPARABLE, EV NOT_AVAILABLE_UNEQUAL_LINES)",NO BET,REJECT,"bet_quality: UNFAVOURABLE (line UNFAVOURABLE, price NOT_COMPARABLE, EV NOT_AVAILABLE_UNEQUAL_LINES)",04c9fb823b1cb122405f46379132cd130953743ef24112aa36f0dfb6dcf1aa35
1145,1475314653,69163,2026-09-25T05:55:04.248+00:00,2026-09-25T05:55:04+00:00,DUPLICATE,,True,basketball,World - Club Friendlies,Anyang Jungkwanjang Red Boosters vs Suwon KT Sonicboom,SPREAD,-2.5,5.5,2,"[{""price"": ""1.833"", ""arrow"": null, ""parenthetical"": null, ""highlighted"": false}, {""price"": ""1.833"", ""arrow"": null, ""parenthetical"": null, ""highlighted"": false}]","[{""price"": ""1.540"", ""arrow"": ""\u2b07"", ""parenthetical"": ""1.877"", ""highlighted"": false}, {""price"": ""2.320"", ""arrow"": ""\u2b06"", ""parenthetical"": ""1.862"", ""highlighted"": false}]",8.0,UP,AWAY,-5.5,1.83,5.5,1.83,HOME,112.32%,True,0.0,HOME,ACCEPT,,False,HIGH_DIRECTION_ONLY,No supplied equal-line EV bound to the sharp side,clear_sharp_side_signal,no_proven_same_side_value,False,AWAY,REJECT,"bet_quality: UNFAVOURABLE (line EQUAL, price UNFAVOURABLE, EV SUPPLIED_FOR_OTHER_SIDE)",NO BET,REJECT,"bet_quality: UNFAVOURABLE (line EQUAL, price UNFAVOURABLE, EV SUPPLIED_FOR_OTHER_SIDE)",5c741ee2e0c9acbd0cb4a3158def6287ffb08c9e0d246e73e5ac5deb89dfa6b1
1146,1475314653,69164,2026-09-25T05:55:44.820+00:00,2026-09-25T05:55:44+00:00,PARSED_PARTIAL,,True,basketball,World - Club Friendlies,Anyang Jungkwanjang Red Boosters vs Suwon KT Sonicboom,TOTALS,164.5,163.5,,"[{""price"": ""1.840"", ""arrow"": null, ""parenthetical"": null, ""highlighted"": false}, {""price"": ""1.826"", ""arrow"": null, ""parenthetical"": null, ""highlighted"": false}]","[{""price"": ""1.787"", ""arrow"": ""\u2b07"", ""parenthetical"": ""1.854"", ""highlighted"": false}, {""price"": ""1.961"", ""arrow"": ""\u2b06"", ""parenthetical"": ""1.884"", ""highlighted"": false}]",1.0,DOWN,UNDER,160.5,1.83,160.5,1.83,,None (not equal lines),False,-3.0,OVER,ACCEPT,,False,HIGH_DIRECTION_ONLY,,clear_sharp_side_signal,moved_too_far,False,UNDER,REJECT,"bet_quality: UNFAVOURABLE (line UNFAVOURABLE, price NOT_COMPARABLE, EV NOT_AVAILABLE_UNEQUAL_LINES)",NO BET,REJECT,"bet_quality: UNFAVOURABLE (line UNFAVOURABLE, price NOT_COMPARABLE, EV NOT_AVAILABLE_UNEQUAL_LINES)",2029a9890e130a6f3295946ac21573a700240badc625500e4ad4a41aa22beee7
1147,1475314653,69165,2026-09-25T05:55:52.885+00:00,2026-09-25T05:55:52+00:00,PARSED_PARTIAL,,True,basketball,World - Club Friendlies,Anyang Jungkwanjang Red Boosters vs Suwon KT Sonicboom,TOTALS,164.5,164.5,,"[{""price"": ""1.840"", ""arrow"": null, ""parenthetical"": null, ""highlighted"": false}, {""price"": ""1.826"", ""arrow"": null, ""parenthetical"": null, ""highlighted"": false}]","[{""price"": ""1.833"", ""arrow"": ""\u2b07"", ""parenthetical"": ""1.892"", ""highlighted"": false}, {""price"": ""1.900"", ""arrow"": ""\u2b06"", ""parenthetical"": ""1.847"", ""highlighted"": false}]",0.0,UNCHANGED,,,,,,,None (not equal lines),,,OVER,ACCEPT,,,INSUFFICIENT,Unchanged opening/current line; price-only strategy not established,no_movement,insufficient_data,False,,AMBIGUOUS,No opening-to-current line movement; price-only target policy is unproven,AMBIGUOUS,AMBIGUOUS,No opening-to-current line movement; price-only target policy is unproven,757829fcc77d3269cfcc907c09b844d1da82b9c1afd0e0c4a8f13473b73efc89
1149,1475314653,69167,2026-09-25T05:56:17.286+00:00,2026-09-25T05:56:17+00:00,PARSED_PARTIAL,,True,basketball,World - Club Friendlies,Anyang Jungkwanjang Red Boosters vs Suwon KT Sonicboom,TOTALS,164.5,164,,"[{""price"": ""1.840"", ""arrow"": null, ""parenthetical"": null, ""highlighted"": false}, {""price"": ""1.826"", ""arrow"": null, ""parenthetical"": null, ""highlighted"": false}]","[{""price"": ""1.793"", ""arrow"": ""\u2b07"", ""parenthetical"": ""1.847"", ""highlighted"": false}, {""price"": ""1.952"", ""arrow"": ""\u2b06"", ""parenthetical"": ""1.892"", ""highlighted"": false}]",0.5,DOWN,UNDER,160.5,1.83,160.5,1.83,,None (not equal lines),False,-3.5,OVER,ACCEPT,,False,HIGH_DIRECTION_ONLY,,clear_sharp_side_signal,moved_too_far,False,UNDER,REJECT,"bet_quality: UNFAVOURABLE (line UNFAVOURABLE, price NOT_COMPARABLE, EV NOT_AVAILABLE_UNEQUAL_LINES)",NO BET,REJECT,"bet_quality: UNFAVOURABLE (line UNFAVOURABLE, price NOT_COMPARABLE, EV NOT_AVAILABLE_UNEQUAL_LINES)",971fd77d0b4542020d8a719a5a38b5870b35996f5726fe459b7b919776d57a30
1150,1475314653,69168,2026-09-25T05:56:24.891+00:00,2026-09-25T05:56:24+00:00,PARSED_PARTIAL,,True,basketball,World - Club Friendlies,Anyang Jungkwanjang Red Boosters vs Suwon KT Sonicboom,TOTALS,164.5,164.5,,"[{""price"": ""1.840"", ""arrow"": null, ""parenthetical"": null, ""highlighted"": false}, {""price"": ""1.826"", ""arrow"": null, ""parenthetical"": null, ""highlighted"": false}]","[{""price"": ""1.751"", ""arrow"": ""\u2b07"", ""parenthetical"": ""1.854"", ""highlighted"": false}, {""price"": ""2.000"", ""arrow"": ""\u2b06"", ""parenthetical"": ""1.884"", ""highlighted"": false}]",0.0,UNCHANGED,,,,,,,None (not equal lines),,,OVER,ACCEPT,,,INSUFFICIENT,Unchanged opening/current line; price-only strategy not established,no_movement,insufficient_data,False,,AMBIGUOUS,No opening-to-current line movement; price-only target policy is unproven,AMBIGUOUS,AMBIGUOUS,No opening-to-current line movement; price-only target policy is unproven,dfe0ffa3bb0eb9109f59bf273dbd93ba0b55bcedbd64e710613e43d4cc59af63
1153,1475314653,69171,2026-09-25T05:58:35.734+00:00,2026-09-25T05:58:35+00:00,PARSED,,True,basketball,World - Club Friendlies,Anyang Jungkwanjang Red Boosters vs Suwon KT Sonicboom,SPREAD,-2.5,4.5,,"[{""price"": ""1.833"", ""arrow"": null, ""parenthetical"": null, ""highlighted"": false}, {""price"": ""1.833"", ""arrow"": null, ""parenthetical"": null, ""highlighted"": false}]","[{""price"": ""1.591"", ""arrow"": ""\u2b07"", ""parenthetical"": ""1.645"", ""highlighted"": false}, {""price"": ""2.220"", ""arrow"": ""\u2b06"", ""parenthetical"": ""2.130"", ""highlighted"": false}]",7.0,UP,AWAY,-4.5,1.83,4.5,1.83,HOME,108.47%,True,0.0,HOME,ACCEPT,STALE,False,HIGH_DIRECTION_ONLY,No supplied equal-line EV bound to the sharp side,clear_sharp_side_signal,no_proven_same_side_value,False,AWAY,REJECT,"bet_quality: UNFAVOURABLE (line EQUAL, price UNFAVOURABLE, EV SUPPLIED_FOR_OTHER_SIDE)",NO BET,REJECT,"bet_quality: UNFAVOURABLE (line EQUAL, price UNFAVOURABLE, EV SUPPLIED_FOR_OTHER_SIDE)",a73837dde94830ab8e3f1ac536b00afbfa6edea2b0a826a29f1d41b8b61a6961
1154,1475314653,69172,2026-09-25T05:58:39.972+00:00,2026-09-25T05:58:39+00:00,PARSED_PARTIAL,,True,basketball,World - Club Friendlies,Anyang Jungkwanjang Red Boosters vs Suwon KT Sonicboom,SPREAD,-2.5,2.5,,"[{""price"": ""1.833"", ""arrow"": null, ""parenthetical"": null, ""highlighted"": false}, {""price"": ""1.833"", ""arrow"": null, ""parenthetical"": null, ""highlighted"": false}]","[{""price"": ""1.699"", ""arrow"": ""\u2b07"", ""parenthetical"": ""1.847"", ""highlighted"": false}, {""price"": ""2.040"", ""arrow"": ""\u2b06"", ""parenthetical"": ""1.892"", ""highlighted"": false}]",5.0,UP,AWAY,-4.5,1.83,4.5,1.83,,None (not equal lines),False,-2.0,HOME,ACCEPT,,False,HIGH_DIRECTION_ONLY,,clear_sharp_side_signal,moved_too_far,False,AWAY,REJECT,"bet_quality: UNFAVOURABLE (line UNFAVOURABLE, price NOT_COMPARABLE, EV NOT_AVAILABLE_UNEQUAL_LINES)",NO BET,REJECT,"bet_quality: UNFAVOURABLE (line UNFAVOURABLE, price NOT_COMPARABLE, EV NOT_AVAILABLE_UNEQUAL_LINES)",845b4e2534b5d4f6b893540c10b3cb7d6970a03bf1e2ab739677f924a0a8cd49
1157,1475314653,69175,2026-09-25T05:58:54.686+00:00,2026-09-25T05:58:54+00:00,PARSED_PARTIAL,,True,basketball,World - Club Friendlies,Anyang Jungkwanjang Red Boosters vs Suwon KT Sonicboom,SPREAD,-2.5,1,,"[{""price"": ""1.833"", ""arrow"": null, ""parenthetical"": null, ""highlighted"": false}, {""price"": ""1.833"", ""arrow"": null, ""parenthetical"": null, ""highlighted"": false}]","[{""price"": ""1.769"", ""arrow"": ""\u2b07"", ""parenthetical"": ""1.869"", ""highlighted"": false}, {""price"": ""1.980"", ""arrow"": ""\u2b06"", ""parenthetical"": ""1.869"", ""highlighted"": false}]",3.5,UP,AWAY,-4.5,1.83,4.5,1.83,,None (not equal lines),False,-3.5,HOME,ACCEPT,,False,HIGH_DIRECTION_ONLY,,clear_sharp_side_signal,moved_too_far,False,AWAY,REJECT,"bet_quality: UNFAVOURABLE (line UNFAVOURABLE, price NOT_COMPARABLE, EV NOT_AVAILABLE_UNEQUAL_LINES)",NO BET,REJECT,"bet_quality: UNFAVOURABLE (line UNFAVOURABLE, price NOT_COMPARABLE, EV NOT_AVAILABLE_UNEQUAL_LINES)",dd8e77d958e139c61a31ba1dc3110ba023ff716647e08c260b972f8206869352
1159,1475314653,69177,2026-09-25T05:59:45.182+00:00,2026-09-25T05:59:45+00:00,PARSED_PARTIAL,,True,basketball,World - Club Friendlies,Anyang Jungkwanjang Red Boosters vs Suwon KT Sonicboom,TOTALS,164.5,164.5,,"[{""price"": ""1.840"", ""arrow"": null, ""parenthetical"": null, ""highlighted"": false}, {""price"": ""1.826"", ""arrow"": null, ""parenthetical"": null, ""highlighted"": false}]","[{""price"": ""1.813"", ""arrow"": ""\u2b07"", ""parenthetical"": ""1.884"", ""highlighted"": false}, {""price"": ""1.934"", ""arrow"": ""\u2b06"", ""parenthetical"": ""1.854"", ""highlighted"": false}]",0.0,UNCHANGED,,,,,,,None (not equal lines),,,OVER,ACCEPT,,,INSUFFICIENT,Unchanged opening/current line; price-only strategy not established,no_movement,insufficient_data,False,,AMBIGUOUS,No opening-to-current line movement; price-only target policy is unproven,AMBIGUOUS,AMBIGUOUS,No opening-to-current line movement; price-only target policy is unproven,9b0156cf83fa95b423685dbdfd6c7bf2acea63ed4f654353a173f3795fbd9158
1161,1475314653,69179,2026-09-25T06:00:15.863+00:00,2026-09-25T06:00:15+00:00,DUPLICATE,,True,basketball,World - Club Friendlies,Anyang Jungkwanjang Red Boosters vs Suwon KT Sonicboom,SPREAD,-2.5,4.5,1.5,"[{""price"": ""1.833"", ""arrow"": null, ""parenthetical"": null, ""highlighted"": false}, {""price"": ""1.833"", ""arrow"": null, ""parenthetical"": null, ""highlighted"": false}]","[{""price"": ""1.584"", ""arrow"": ""\u2b07"", ""parenthetical"": ""1.900"", ""highlighted"": false}, {""price"": ""2.230"", ""arrow"": ""\u2b06"", ""parenthetical"": ""1.833"", ""highlighted"": false}]",7.0,UP,AWAY,-4.5,1.83,4.5,1.83,HOME,108.93%,True,0.0,HOME,ACCEPT,,False,HIGH_DIRECTION_ONLY,No supplied equal-line EV bound to the sharp side,clear_sharp_side_signal,no_proven_same_side_value,False,AWAY,REJECT,"bet_quality: UNFAVOURABLE (line EQUAL, price UNFAVOURABLE, EV SUPPLIED_FOR_OTHER_SIDE)",NO BET,REJECT,"bet_quality: UNFAVOURABLE (line EQUAL, price UNFAVOURABLE, EV SUPPLIED_FOR_OTHER_SIDE)",6638a08a86e3662912c1c707985fdf92426a695b1fcc7a7b37f835e31be46eb0
1162,1475314653,69180,2026-09-25T06:00:37.642+00:00,2026-09-25T06:00:37+00:00,DUPLICATE,,True,basketball,World - Club Friendlies,Anyang Jungkwanjang Red Boosters vs Suwon KT Sonicboom,SPREAD,-2.5,4.5,,"[{""price"": ""1.833"", ""arrow"": null, ""parenthetical"": null, ""highlighted"": false}, {""price"": ""1.833"", ""arrow"": null, ""parenthetical"": null, ""highlighted"": false}]","[{""price"": ""1.546"", ""arrow"": ""\u2b07"", ""parenthetical"": ""1.584"", ""highlighted"": false}, {""price"": ""2.310"", ""arrow"": ""\u2b06"", ""parenthetical"": ""2.230"", ""highlighted"": false}]",7.0,UP,AWAY,-4.5,1.83,4.5,1.83,HOME,111.90%,True,0.0,HOME,ACCEPT,,False,HIGH_DIRECTION_ONLY,No supplied equal-line EV bound to the sharp side,clear_sharp_side_signal,no_proven_same_side_value,False,AWAY,REJECT,"bet_quality: UNFAVOURABLE (line EQUAL, price UNFAVOURABLE, EV SUPPLIED_FOR_OTHER_SIDE)",NO BET,REJECT,"bet_quality: UNFAVOURABLE (line EQUAL, price UNFAVOURABLE, EV SUPPLIED_FOR_OTHER_SIDE)",ced36f607a843d12915f9daa242e33a609b9a4aa63cdf0dff3c9930fde433e66
1165,1475314653,69183,2026-09-25T06:09:08.821+00:00,2026-09-25T06:09:08+00:00,PARSED_PARTIAL,,True,basketball,Puerto Rico - Superior Nacional Women,Explosivas de Moca vs Leonas De Ponce,SPREAD,-9,-4,,"[{""price"": ""1.847"", ""arrow"": null, ""parenthetical"": null, ""highlighted"": false}, {""price"": ""1.819"", ""arrow"": null, ""parenthetical"": null, ""highlighted"": false}]","[{""price"": ""1.775"", ""arrow"": ""\u2b07"", ""parenthetical"": ""1.847"", ""highlighted"": false}, {""price"": ""1.892"", ""arrow"": ""\u2b06"", ""parenthetical"": ""1.813"", ""highlighted"": false}]",5,UP,AWAY,1.5,1.83,-1.5,1.83,,None (not equal lines),False,-2.5,HOME,ACCEPT,,False,HIGH_DIRECTION_ONLY,,clear_sharp_side_signal,moved_too_far,False,AWAY,REJECT,"bet_quality: UNFAVOURABLE (line UNFAVOURABLE, price NOT_COMPARABLE, EV NOT_AVAILABLE_UNEQUAL_LINES)",NO BET,REJECT,"bet_quality: UNFAVOURABLE (line UNFAVOURABLE, price NOT_COMPARABLE, EV NOT_AVAILABLE_UNEQUAL_LINES)",85cb09267f129183412a1408c96e1f6ba6a327cdcac2bfb3af88cee494c19107
1167,1475314653,69185,2026-09-25T06:19:26.549+00:00,2026-09-25T06:19:26+00:00,PARSED,,True,basketball,World - Club Friendlies,Anyang Jungkwanjang Red Boosters vs Suwon KT Sonicboom,SPREAD,-2.5,3.5,,"[{""price"": ""1.833"", ""arrow"": null, ""parenthetical"": null, ""highlighted"": false}, {""price"": ""1.833"", ""arrow"": null, ""parenthetical"": null, ""highlighted"": false}]","[{""price"": ""1.537"", ""arrow"": ""\u2b07"", ""parenthetical"": ""1.595"", ""highlighted"": false}, {""price"": ""2.320"", ""arrow"": ""\u2b06"", ""parenthetical"": ""2.210"", ""highlighted"": false}]",6.0,UP,AWAY,-3.5,1.83,3.5,1.83,HOME,112.46%,True,0.0,HOME,ACCEPT,STALE,False,HIGH_DIRECTION_ONLY,No supplied equal-line EV bound to the sharp side,clear_sharp_side_signal,no_proven_same_side_value,False,AWAY,REJECT,"bet_quality: UNFAVOURABLE (line EQUAL, price UNFAVOURABLE, EV SUPPLIED_FOR_OTHER_SIDE)",NO BET,REJECT,"bet_quality: UNFAVOURABLE (line EQUAL, price UNFAVOURABLE, EV SUPPLIED_FOR_OTHER_SIDE)",5c780a5b7891ef3f7022c817f6a81f8e852a99289da0d0bfefe2f5066cd8ed24
1169,1475314653,69187,2026-09-25T06:20:07.111+00:00,2026-09-25T06:20:07+00:00,PARSED_PARTIAL,,True,basketball,World - Club Friendlies,Anyang Jungkwanjang Red Boosters vs Suwon KT Sonicboom,SPREAD,-2.5,-1,,"[{""price"": ""1.833"", ""arrow"": null, ""parenthetical"": null, ""highlighted"": false}, {""price"": ""1.833"", ""arrow"": null, ""parenthetical"": null, ""highlighted"": false}]","[{""price"": ""1.869"", ""arrow"": ""\u2b07"", ""parenthetical"": ""1.900"", ""highlighted"": false}, {""price"": ""1.869"", ""arrow"": ""\u2b06"", ""parenthetical"": ""1.833"", ""highlighted"": false}]",1.5,UP,AWAY,-3.5,1.83,3.5,1.83,,None (not equal lines),False,-4.5,HOME,ACCEPT,,False,HIGH_DIRECTION_ONLY,Cross-book favourite disagreement; Bet365 orientation needs verification,clear_sharp_side_signal,ambiguous,False,,AMBIGUOUS,Pinnacle (-1) and Bet365 (3.5) favour different teams by 4.5 points: the Bet365 spread appears to have an unresolved sign reference; do not assume a perspective correction,AMBIGUOUS,AMBIGUOUS,Pinnacle (-1) and Bet365 (3.5) favour different teams by 4.5 points: the Bet365 spread appears to have an unresolved sign reference; do not assume a perspective correction,9fbd359b29018a7ab23069a5ef200bcd01543adf9eb928b4defbd176610816c8
1172,1475314653,69191,2026-09-25T06:34:00.646+00:00,2026-09-25T06:34:00+00:00,PARSED,,True,basketball,Belgium - Cup,Basket Waregem vs Dexia Mons-Hainaut,SPREAD,19.5,14.5,17,"[{""price"": ""1.840"", ""arrow"": null, ""parenthetical"": null, ""highlighted"": false}, {""price"": ""1.826"", ""arrow"": null, ""parenthetical"": null, ""highlighted"": false}]","[{""price"": ""2.130"", ""arrow"": ""\u2b06"", ""parenthetical"": ""1.826"", ""highlighted"": false}, {""price"": ""1.588"", ""arrow"": ""\u2b07"", ""parenthetical"": ""1.833"", ""highlighted"": false}]",5.0,DOWN,HOME,14.5,1.83,-14.5,1.83,AWAY,106.95%,True,0.0,AWAY,ACCEPT,STALE,False,HIGH_DIRECTION_ONLY,No supplied equal-line EV bound to the sharp side,clear_sharp_side_signal,no_proven_same_side_value,False,HOME,REJECT,"bet_quality: UNFAVOURABLE (line EQUAL, price UNFAVOURABLE, EV SUPPLIED_FOR_OTHER_SIDE)",NO BET,REJECT,"bet_quality: UNFAVOURABLE (line EQUAL, price UNFAVOURABLE, EV SUPPLIED_FOR_OTHER_SIDE)",c0956bb0bc7f58d56d530e7e6e23c2a8e4f1e8c7a624293b872d6ab6ef70023a
1175,1475314653,69194,2026-09-25T06:39:13.720+00:00,2026-09-25T06:39:13+00:00,PARSED_PARTIAL,,True,basketball,Puerto Rico - Superior Nacional Women,Explosivas de Moca vs Leonas De Ponce,SPREAD,-9,-4.5,,"[{""price"": ""1.847"", ""arrow"": null, ""parenthetical"": null, ""highlighted"": false}, {""price"": ""1.819"", ""arrow"": null, ""parenthetical"": null, ""highlighted"": false}]","[{""price"": ""1.671"", ""arrow"": ""\u2b07"", ""parenthetical"": ""1.869"", ""highlighted"": false}, {""price"": ""2.010"", ""arrow"": ""\u2b06"", ""parenthetical"": ""1.800"", ""highlighted"": false}]",4.5,UP,AWAY,1.5,1.83,-1.5,1.83,,None (not equal lines),False,-3.0,HOME,ACCEPT,,False,HIGH_DIRECTION_ONLY,,clear_sharp_side_signal,moved_too_far,False,AWAY,REJECT,"bet_quality: UNFAVOURABLE (line UNFAVOURABLE, price NOT_COMPARABLE, EV NOT_AVAILABLE_UNEQUAL_LINES)",NO BET,REJECT,"bet_quality: UNFAVOURABLE (line UNFAVOURABLE, price NOT_COMPARABLE, EV NOT_AVAILABLE_UNEQUAL_LINES)",37acfc2e91a9084ad91fdaf3a5220ddddd1a22428d49541c9a27f7cd8fe613f4
1181,1475314653,69200,2026-09-25T07:11:48.244+00:00,2026-09-25T07:11:48+00:00,PARSED_PARTIAL,,True,basketball,World - Club Friendlies,Anyang Jungkwanjang Red Boosters vs Suwon KT Sonicboom,SPREAD,-2.5,-1,,"[{""price"": ""1.833"", ""arrow"": null, ""parenthetical"": null, ""highlighted"": false}, {""price"": ""1.833"", ""arrow"": null, ""parenthetical"": null, ""highlighted"": false}]","[{""price"": ""1.819"", ""arrow"": ""\u2b07"", ""parenthetical"": ""1.884"", ""highlighted"": false}, {""price"": ""1.917"", ""arrow"": ""\u2b06"", ""parenthetical"": ""1.854"", ""highlighted"": false}]",1.5,UP,AWAY,-3.5,1.83,3.5,1.83,,None (not equal lines),False,-4.5,HOME,ACCEPT,,False,HIGH_DIRECTION_ONLY,Cross-book favourite disagreement; Bet365 orientation needs verification,clear_sharp_side_signal,ambiguous,False,,AMBIGUOUS,Pinnacle (-1) and Bet365 (3.5) favour different teams by 4.5 points: the Bet365 spread appears to have an unresolved sign reference; do not assume a perspective correction,AMBIGUOUS,AMBIGUOUS,Pinnacle (-1) and Bet365 (3.5) favour different teams by 4.5 points: the Bet365 spread appears to have an unresolved sign reference; do not assume a perspective correction,bb3e921f764721da62b4bb245e8fdfcc5f6091945faa8d707d762444eb854bd4
1192,1475314653,69213,2026-09-25T08:26:40.551+00:00,2026-09-25T08:26:40+00:00,PARSED,,True,basketball,Czech Republic - 1. Liga,SKB Zlin vs BK Napos Vysoka Nad Labem,SPREAD,-13.5,-1,,"[{""price"": ""1.806"", ""arrow"": null, ""parenthetical"": null, ""highlighted"": false}, {""price"": ""1.793"", ""arrow"": null, ""parenthetical"": null, ""highlighted"": false}]","[{""price"": ""1.714"", ""arrow"": ""\u2b07"", ""parenthetical"": ""1.787"", ""highlighted"": false}, {""price"": ""1.892"", ""arrow"": ""\u2b06"", ""parenthetical"": ""1.813"", ""highlighted"": false}]",12.5,UP,AWAY,-1.5,1.83,1.5,1.83,,None (not equal lines),False,-2.5,HOME,ACCEPT,STALE,False,HIGH_DIRECTION_ONLY,Cross-book favourite disagreement; Bet365 orientation needs verification,clear_sharp_side_signal,ambiguous,False,,AMBIGUOUS,Pinnacle (-1) and Bet365 (1.5) favour different teams by 2.5 points: the Bet365 spread appears to have an unresolved sign reference; do not assume a perspective correction,AMBIGUOUS,AMBIGUOUS,Pinnacle (-1) and Bet365 (1.5) favour different teams by 2.5 points: the Bet365 spread appears to have an unresolved sign reference; do not assume a perspective correction,5bbf4f574d7e37aa566c02cbbaa9cab17516310e1b6fbee3972e2f36ea081fe2
1203,1475314653,69224,2026-09-25T08:43:41.199+00:00,2026-09-25T08:43:41+00:00,PARSED,,True,basketball,Czech Republic - 1. Liga,SKB Zlin vs BK Napos Vysoka Nad Labem,SPREAD,-13.5,-2,,"[{""price"": ""1.806"", ""arrow"": null, ""parenthetical"": null, ""highlighted"": false}, {""price"": ""1.793"", ""arrow"": null, ""parenthetical"": null, ""highlighted"": false}]","[{""price"": ""1.775"", ""arrow"": ""\u2b07"", ""parenthetical"": ""1.806"", ""highlighted"": false}, {""price"": ""1.826"", ""arrow"": ""\u2b06"", ""parenthetical"": ""1.793"", ""highlighted"": false}]",11.5,UP,AWAY,-1.5,1.83,1.5,1.83,,None (not equal lines),False,-3.5,HOME,ACCEPT,STALE,False,HIGH_DIRECTION_ONLY,Cross-book favourite disagreement; Bet365 orientation needs verification,clear_sharp_side_signal,ambiguous,False,,AMBIGUOUS,Pinnacle (-2) and Bet365 (1.5) favour different teams by 3.5 points: the Bet365 spread appears to have an unresolved sign reference; do not assume a perspective correction,AMBIGUOUS,AMBIGUOUS,Pinnacle (-2) and Bet365 (1.5) favour different teams by 3.5 points: the Bet365 spread appears to have an unresolved sign reference; do not assume a perspective correction,a14e7f975a62c6b192dd15d64e0856e6a0606ed512b621a8b839f340a95bd9bf
1209,1475314653,69230,2026-09-25T09:16:24.850+00:00,2026-09-25T09:16:24+00:00,PARSED,,True,basketball,Germany - Pro A,PS Karlsruhe Lions vs Nuremberg Falcons BC,SPREAD,-1,-4.5,,"[{""price"": ""1.884"", ""arrow"": null, ""parenthetical"": null, ""highlighted"": false}, {""price"": ""1.847"", ""arrow"": null, ""parenthetical"": null, ""highlighted"": false}]","[{""price"": ""2.170"", ""arrow"": ""\u2b06"", ""parenthetical"": ""2.060"", ""highlighted"": false}, {""price"": ""1.621"", ""arrow"": ""\u2b07"", ""parenthetical"": ""1.694"", ""highlighted"": false}]",3.5,DOWN,HOME,-4.5,1.83,4.5,1.83,AWAY,106.36%,True,0.0,AWAY,ACCEPT,STALE,False,HIGH_DIRECTION_ONLY,No supplied equal-line EV bound to the sharp side,clear_sharp_side_signal,no_proven_same_side_value,False,HOME,REJECT,"bet_quality: UNFAVOURABLE (line EQUAL, price UNFAVOURABLE, EV SUPPLIED_FOR_OTHER_SIDE)",NO BET,REJECT,"bet_quality: UNFAVOURABLE (line EQUAL, price UNFAVOURABLE, EV SUPPLIED_FOR_OTHER_SIDE)",024ae57412cb25217dda6929d231bb8a65f7e15007515d755738afb121ddf39c
1210,1475314653,69231,2026-09-25T09:16:42.817+00:00,2026-09-25T09:16:42+00:00,DUPLICATE,,True,basketball,Germany - Pro A,PS Karlsruhe Lions vs Nuremberg Falcons BC,SPREAD,-1,-4.5,,"[{""price"": ""1.884"", ""arrow"": null, ""parenthetical"": null, ""highlighted"": false}, {""price"": ""1.847"", ""arrow"": null, ""parenthetical"": null, ""highlighted"": false}]","[{""price"": ""2.230"", ""arrow"": ""\u2b06"", ""parenthetical"": ""2.170"", ""highlighted"": false}, {""price"": ""1.588"", ""arrow"": ""\u2b07"", ""parenthetical"": ""1.621"", ""highlighted"": false}]",3.5,DOWN,HOME,-4.5,1.83,4.5,1.83,AWAY,108.77%,True,0.0,AWAY,ACCEPT,,False,HIGH_DIRECTION_ONLY,No supplied equal-line EV bound to the sharp side,clear_sharp_side_signal,no_proven_same_side_value,False,HOME,REJECT,"bet_quality: UNFAVOURABLE (line EQUAL, price UNFAVOURABLE, EV SUPPLIED_FOR_OTHER_SIDE)",NO BET,REJECT,"bet_quality: UNFAVOURABLE (line EQUAL, price UNFAVOURABLE, EV SUPPLIED_FOR_OTHER_SIDE)",c7553f2e5787775d11eeb1d34c325c4989eca4b6adc197efeddf0073a6ad9f98
1212,1475314653,69233,2026-09-25T09:41:04.877+00:00,2026-09-25T09:41:04+00:00,PARSED,,True,basketball,Germany - Bundesliga,Baskets Wurzburg vs Baskets Oldenburg,SPREAD,-5.5,-4,,"[{""price"": ""1.877"", ""arrow"": null, ""parenthetical"": null, ""highlighted"": false}, {""price"": ""1.925"", ""arrow"": null, ""parenthetical"": null, ""highlighted"": false}]","[{""price"": ""1.645"", ""arrow"": ""\u2b07"", ""parenthetical"": ""1.689"", ""highlighted"": false}, {""price"": ""2.220"", ""arrow"": ""\u2b06"", ""parenthetical"": ""2.140"", ""highlighted"": false}]",1.5,UP,AWAY,4,1.86,-4,1.86,HOME,108.07%,True,0,HOME,ACCEPT,STALE,False,HIGH_DIRECTION_ONLY,No supplied equal-line EV bound to the sharp side,clear_sharp_side_signal,no_proven_same_side_value,False,AWAY,REJECT,"bet_quality: UNFAVOURABLE (line EQUAL, price UNFAVOURABLE, EV SUPPLIED_FOR_OTHER_SIDE)",NO BET,REJECT,"bet_quality: UNFAVOURABLE (line EQUAL, price UNFAVOURABLE, EV SUPPLIED_FOR_OTHER_SIDE)",5d4fa61caff2c22467b01bc90bada95a3929d54c7ce0220906b30e73fd10178d
1221,1475314653,69245,2026-09-25T10:20:17.068+00:00,2026-09-25T10:20:17+00:00,PARSED,,True,basketball,Germany - Pro A,VFL Kirchheim Knights vs Wolmirstedt,SPREAD,-8.5,-9.5,,"[{""price"": ""1.892"", ""arrow"": null, ""parenthetical"": null, ""highlighted"": false}, {""price"": ""1.847"", ""arrow"": null, ""parenthetical"": null, ""highlighted"": false}]","[{""price"": ""2.240"", ""arrow"": ""\u2b06"", ""parenthetical"": ""2.160"", ""highlighted"": false}, {""price"": ""1.581"", ""arrow"": ""\u2b07"", ""parenthetical"": ""1.628"", ""highlighted"": false}]",1.0,DOWN,HOME,-9.5,1.83,9.5,1.83,AWAY,109.23%,True,0.0,AWAY,ACCEPT,STALE,False,HIGH_DIRECTION_ONLY,No supplied equal-line EV bound to the sharp side,clear_sharp_side_signal,no_proven_same_side_value,False,HOME,REJECT,"bet_quality: UNFAVOURABLE (line EQUAL, price UNFAVOURABLE, EV SUPPLIED_FOR_OTHER_SIDE)",NO BET,REJECT,"bet_quality: UNFAVOURABLE (line EQUAL, price UNFAVOURABLE, EV SUPPLIED_FOR_OTHER_SIDE)",d870b5d59ecc4c1d3e2ebd5fa96de00fbe4cc81928abb0866b085a6c98e5a55e
1222,1475314653,69246,2026-09-25T11:03:43.522+00:00,2026-09-25T11:03:43+00:00,PARSED,,True,basketball,World - Club Friendlies,Seoul SK Knights vs Wonju Dongbu Promy,SPREAD,3.5,3.5,,"[{""price"": ""1.833"", ""arrow"": null, ""parenthetical"": null, ""highlighted"": false}, {""price"": ""1.833"", ""arrow"": null, ""parenthetical"": null, ""highlighted"": false}]","[{""price"": ""2.170"", ""arrow"": ""\u2b06"", ""parenthetical"": ""2.030"", ""highlighted"": false}, {""price"": ""1.564"", ""arrow"": ""\u2b07"", ""parenthetical"": ""1.657"", ""highlighted"": false}]",0.0,UNCHANGED,,,,,,AWAY,108.73%,,,AWAY,ACCEPT,STALE,,INSUFFICIENT,Unchanged opening/current line; price-only strategy not established,no_movement,insufficient_data,False,,AMBIGUOUS,No opening-to-current line movement; price-only target policy is unproven,AMBIGUOUS,AMBIGUOUS,No opening-to-current line movement; price-only target policy is unproven,9732b6bdccb43619a1b8b33e84be59e045d9cb60c1ac26f638917e9f3af4b2a0
1223,1475314653,69249,2026-09-25T11:36:43.337+00:00,2026-09-25T11:36:43+00:00,PARSED,,True,basketball,Sweden - Basketligan,Norrkoping Dolphins vs Umea Basket,SPREAD,-22,-25,,"[{""price"": ""1.900"", ""arrow"": null, ""parenthetical"": null, ""highlighted"": false}, {""price"": ""1.833"", ""arrow"": null, ""parenthetical"": null, ""highlighted"": false}]","[{""price"": ""2.090"", ""arrow"": ""\u2b06"", ""parenthetical"": ""1.862"", ""highlighted"": false}, {""price"": ""1.671"", ""arrow"": ""\u2b07"", ""parenthetical"": ""1.869"", ""highlighted"": false}]",3,DOWN,HOME,-27.5,1.83,27.5,1.83,,None (not equal lines),False,-2.5,AWAY,ACCEPT,TARGET_NOT_FOUND,False,HIGH_DIRECTION_ONLY,,clear_sharp_side_signal,moved_too_far,False,HOME,REJECT,"bet_quality: UNFAVOURABLE (line UNFAVOURABLE, price NOT_COMPARABLE, EV NOT_AVAILABLE_UNEQUAL_LINES)",NO BET,REJECT,"bet_quality: UNFAVOURABLE (line UNFAVOURABLE, price NOT_COMPARABLE, EV NOT_AVAILABLE_UNEQUAL_LINES)",83215b5cbf1013c254dc04a5aa242254f9af54daa4bd724a8cd59b0a7809435d
1232,1475314653,69263,2026-09-25T12:21:17.558+00:00,2026-09-25T12:21:17+00:00,DUPLICATE,,True,basketball,World - Intercontinental Cup,Rytas Vilnius vs Atletico Boca Juniors,TOTALS,167.5,167.5,,"[{""price"": ""1.869"", ""arrow"": null, ""parenthetical"": null, ""highlighted"": false}, {""price"": ""1.869"", ""arrow"": null, ""parenthetical"": null, ""highlighted"": false}]","[{""price"": ""1.609"", ""arrow"": ""\u2b07"", ""parenthetical"": ""1.632"", ""highlighted"": false}, {""price"": ""2.220"", ""arrow"": ""\u2b06"", ""parenthetical"": ""2.180"", ""highlighted"": false}]",0.0,UNCHANGED,,,,,,OVER,107.73%,,,OVER,ACCEPT,,,INSUFFICIENT,Unchanged opening/current line; price-only strategy not established,no_movement,insufficient_data,False,,AMBIGUOUS,No opening-to-current line movement; price-only target policy is unproven,AMBIGUOUS,AMBIGUOUS,No opening-to-current line movement; price-only target policy is unproven,49c4af6efcf1ca32266383bfb4cb7dd3841d4d2a25c6d9a2e0b423eb0533628e
1264,1475314653,69309,2026-09-25T13:09:48.402+00:00,2026-09-25T13:09:48+00:00,PARSED,,True,basketball,World - Club Friendlies,Twarde Pierniki Torun vs Asseco Prokom Gdynia,TOTALS,169.5,169.5,,"[{""price"": ""1.840"", ""arrow"": null, ""parenthetical"": null, ""highlighted"": false}, {""price"": ""1.826"", ""arrow"": null, ""parenthetical"": null, ""highlighted"": false}]","[{""price"": ""1.621"", ""arrow"": ""\u2b07"", ""parenthetical"": ""1.719"", ""highlighted"": false}, {""price"": ""2.210"", ""arrow"": ""\u2b06"", ""parenthetical"": ""2.050"", ""highlighted"": false}]",0.0,UNCHANGED,,,,,,OVER,107.08%,,,OVER,ACCEPT,STALE,,INSUFFICIENT,Unchanged opening/current line; price-only strategy not established,no_movement,insufficient_data,False,,AMBIGUOUS,No opening-to-current line movement; price-only target policy is unproven,AMBIGUOUS,AMBIGUOUS,No opening-to-current line movement; price-only target policy is unproven,8a9ded25bdd833dfa871dda3e9f2402c72b944395b795d342e24018403d9ffac
1271,1475314653,69316,2026-09-25T13:16:11.818+00:00,2026-09-25T13:16:11+00:00,PARSED,,True,basketball,Puerto Rico - Superior Nacional Women,Explosivas de Moca vs Leonas De Ponce,SPREAD,-9,-4.5,,"[{""price"": ""1.847"", ""arrow"": null, ""parenthetical"": null, ""highlighted"": false}, {""price"": ""1.819"", ""arrow"": null, ""parenthetical"": null, ""highlighted"": false}]","[{""price"": ""1.568"", ""arrow"": ""\u2b07"", ""parenthetical"": ""1.602"", ""highlighted"": false}, {""price"": ""2.160"", ""arrow"": ""\u2b06"", ""parenthetical"": ""2.100"", ""highlighted"": false}]",4.5,UP,AWAY,4.5,1.83,-4.5,1.83,HOME,108.37%,True,0.0,HOME,ACCEPT,STALE,False,HIGH_DIRECTION_ONLY,No supplied equal-line EV bound to the sharp side,clear_sharp_side_signal,no_proven_same_side_value,False,AWAY,REJECT,"bet_quality: UNFAVOURABLE (line EQUAL, price UNFAVOURABLE, EV SUPPLIED_FOR_OTHER_SIDE)",NO BET,REJECT,"bet_quality: UNFAVOURABLE (line EQUAL, price UNFAVOURABLE, EV SUPPLIED_FOR_OTHER_SIDE)",b2419ab736d6c8141a378667cde092a7eb112c3b90a628c727f84ecd2160302a
1281,1475314653,69327,2026-09-25T13:55:02.094+00:00,2026-09-25T13:55:02+00:00,PARSED,,True,basketball,World - Club Friendlies,AD Sanjoanense vs CD Campinho,SPREAD,-29.5,-29.5,,"[{""price"": ""1.826"", ""arrow"": null, ""parenthetical"": null, ""highlighted"": false}, {""price"": ""1.840"", ""arrow"": null, ""parenthetical"": null, ""highlighted"": false}]","[{""price"": ""2.230"", ""arrow"": ""\u2b06"", ""parenthetical"": ""2.100"", ""highlighted"": false}, {""price"": ""1.531"", ""arrow"": ""\u2b07"", ""parenthetical"": ""1.602"", ""highlighted"": false}]",0.0,UNCHANGED,,,,,,AWAY,111.28%,,,AWAY,ACCEPT,STALE,,INSUFFICIENT,Unchanged opening/current line; price-only strategy not established,no_movement,insufficient_data,False,,AMBIGUOUS,No opening-to-current line movement; price-only target policy is unproven,AMBIGUOUS,AMBIGUOUS,No opening-to-current line movement; price-only target policy is unproven,962be1f1c7fa632f5192644e1874ef3960540f731eb07c5c8156a41e3de41505
1285,1475314653,69331,2026-09-25T13:56:41.162+00:00,2026-09-25T13:56:41+00:00,PARSED,,True,basketball,World - Club Friendlies,AD Sanjoanense vs CD Campinho,TOTALS,139.5,139.5,,"[{""price"": ""1.833"", ""arrow"": null, ""parenthetical"": null, ""highlighted"": false}, {""price"": ""1.833"", ""arrow"": null, ""parenthetical"": null, ""highlighted"": false}]","[{""price"": ""2.120"", ""arrow"": ""\u2b06"", ""parenthetical"": ""2.070"", ""highlighted"": false}, {""price"": ""1.606"", ""arrow"": ""\u2b07"", ""parenthetical"": ""1.641"", ""highlighted"": false}]",0.0,UNCHANGED,,,,,,UNDER,106.01%,,,UNDER,ACCEPT,STALE,,INSUFFICIENT,Unchanged opening/current line; price-only strategy not established,no_movement,insufficient_data,False,,AMBIGUOUS,No opening-to-current line movement; price-only target policy is unproven,AMBIGUOUS,AMBIGUOUS,No opening-to-current line movement; price-only target policy is unproven,0cbadfec563177fb14944c4af77ce6cc85d6a4a4a33be171365e05c8ad3588a1
1293,1475314653,69339,2026-09-25T14:03:57.744+00:00,2026-09-25T14:03:57+00:00,PARSED,,True,basketball,Estonia - I Liiga,Paide Viking Window vs Rae Koss/Hansaviimistlus,SPREAD,-7,-9.5,,"[{""price"": ""1.800"", ""arrow"": null, ""parenthetical"": null, ""highlighted"": false}, {""price"": ""1.862"", ""arrow"": null, ""parenthetical"": null, ""highlighted"": false}]","[{""price"": ""2.070"", ""arrow"": ""\u2b06"", ""parenthetical"": ""1.961"", ""highlighted"": false}, {""price"": ""1.689"", ""arrow"": ""\u2b07"", ""parenthetical"": ""1.787"", ""highlighted"": false}]",2.5,DOWN,HOME,-9.5,1.74,9.5,1.95,AWAY,108.54%,True,0.0,AWAY,ACCEPT,STALE,False,HIGH_DIRECTION_ONLY,No supplied equal-line EV bound to the sharp side,clear_sharp_side_signal,no_proven_same_side_value,False,HOME,REJECT,"bet_quality: UNFAVOURABLE (line EQUAL, price UNFAVOURABLE, EV SUPPLIED_FOR_OTHER_SIDE)",NO BET,REJECT,"bet_quality: UNFAVOURABLE (line EQUAL, price UNFAVOURABLE, EV SUPPLIED_FOR_OTHER_SIDE)",a1f207984d82a32f18ba13cfe94fba0d9a45926d8c5b38e95bf0492b93641a41
1294,1475314653,69340,2026-09-25T14:05:30.261+00:00,2026-09-25T14:05:30+00:00,DUPLICATE,,True,basketball,Estonia - I Liiga,Paide Viking Window vs Rae Koss/Hansaviimistlus,SPREAD,-7,-9.5,,"[{""price"": ""1.800"", ""arrow"": null, ""parenthetical"": null, ""highlighted"": false}, {""price"": ""1.862"", ""arrow"": null, ""parenthetical"": null, ""highlighted"": false}]","[{""price"": ""2.120"", ""arrow"": ""\u2b06"", ""parenthetical"": ""2.070"", ""highlighted"": false}, {""price"": ""1.653"", ""arrow"": ""\u2b07"", ""parenthetical"": ""1.689"", ""highlighted"": false}]",2.5,DOWN,HOME,-9.5,1.74,9.5,1.95,AWAY,111.01%,True,0.0,AWAY,ACCEPT,,False,HIGH_DIRECTION_ONLY,No supplied equal-line EV bound to the sharp side,clear_sharp_side_signal,no_proven_same_side_value,False,HOME,REJECT,"bet_quality: UNFAVOURABLE (line EQUAL, price UNFAVOURABLE, EV SUPPLIED_FOR_OTHER_SIDE)",NO BET,REJECT,"bet_quality: UNFAVOURABLE (line EQUAL, price UNFAVOURABLE, EV SUPPLIED_FOR_OTHER_SIDE)",c6dc6a28d2adbd08fbdc1dd209ba68574d75598227d1a0771141a9a679147d64
1295,1475314653,69341,2026-09-25T14:18:28.869+00:00,2026-09-25T14:18:28+00:00,PARSED,,True,basketball,Puerto Rico - Superior Nacional Women,Explosivas de Moca vs Leonas De Ponce,SPREAD,-9,-6.5,,"[{""price"": ""1.847"", ""arrow"": null, ""parenthetical"": null, ""highlighted"": false}, {""price"": ""1.819"", ""arrow"": null, ""parenthetical"": null, ""highlighted"": false}]","[{""price"": ""1.671"", ""arrow"": ""\u2b07"", ""parenthetical"": ""1.813"", ""highlighted"": false}, {""price"": ""2.010"", ""arrow"": ""\u2b06"", ""parenthetical"": ""1.854"", ""highlighted"": false}]",2.5,UP,AWAY,4.5,1.83,-4.5,1.83,,None (not equal lines),False,-2.0,HOME,ACCEPT,STALE,False,HIGH_DIRECTION_ONLY,,clear_sharp_side_signal,moved_too_far,False,AWAY,REJECT,"bet_quality: UNFAVOURABLE (line UNFAVOURABLE, price NOT_COMPARABLE, EV NOT_AVAILABLE_UNEQUAL_LINES)",NO BET,REJECT,"bet_quality: UNFAVOURABLE (line UNFAVOURABLE, price NOT_COMPARABLE, EV NOT_AVAILABLE_UNEQUAL_LINES)",b70182e25df4b0d30e8e47cb979ada0a43a44a327caeef9e64adeb33c59cc8c6
1297,1475314653,69343,2026-09-25T14:20:22.422+00:00,2026-09-25T14:20:22+00:00,PARSED,,True,basketball,Europe - Eurocup Qualification Women,Elitzur Ramla vs AEO Proteas Voulas,SPREAD,-19.5,-20.5,,"[{""price"": ""1.819"", ""arrow"": null, ""parenthetical"": null, ""highlighted"": false}, {""price"": ""1.847"", ""arrow"": null, ""parenthetical"": null, ""highlighted"": false}]","[{""price"": ""2.260"", ""arrow"": ""\u2b06"", ""parenthetical"": ""2.150"", ""highlighted"": false}, {""price"": ""1.568"", ""arrow"": ""\u2b07"", ""parenthetical"": ""1.632"", ""highlighted"": false}]",1.0,DOWN,HOME,-20.5,1.83,20.5,1.83,AWAY,110.12%,True,0.0,AWAY,ACCEPT,STALE,False,HIGH_DIRECTION_ONLY,No supplied equal-line EV bound to the sharp side,clear_sharp_side_signal,no_proven_same_side_value,False,HOME,REJECT,"bet_quality: UNFAVOURABLE (line EQUAL, price UNFAVOURABLE, EV SUPPLIED_FOR_OTHER_SIDE)",NO BET,REJECT,"bet_quality: UNFAVOURABLE (line EQUAL, price UNFAVOURABLE, EV SUPPLIED_FOR_OTHER_SIDE)",cd73a8734fad04e70daac318527db772f458fb3a1e491f18bab5a45cbe159bd9
1298,1475314653,69344,2026-09-25T14:20:30.418+00:00,2026-09-25T14:20:30+00:00,DUPLICATE,,True,basketball,Europe - Eurocup Qualification Women,Elitzur Ramla vs AEO Proteas Voulas,SPREAD,-19.5,-20.5,,"[{""price"": ""1.819"", ""arrow"": null, ""parenthetical"": null, ""highlighted"": false}, {""price"": ""1.847"", ""arrow"": null, ""parenthetical"": null, ""highlighted"": false}]","[{""price"": ""2.350"", ""arrow"": ""\u2b06"", ""parenthetical"": ""2.260"", ""highlighted"": false}, {""price"": ""1.526"", ""arrow"": ""\u2b07"", ""parenthetical"": ""1.568"", ""highlighted"": false}]",1.0,DOWN,HOME,-20.5,1.83,20.5,1.83,AWAY,113.42%,True,0.0,AWAY,ACCEPT,,False,HIGH_DIRECTION_ONLY,No supplied equal-line EV bound to the sharp side,clear_sharp_side_signal,no_proven_same_side_value,False,HOME,REJECT,"bet_quality: UNFAVOURABLE (line EQUAL, price UNFAVOURABLE, EV SUPPLIED_FOR_OTHER_SIDE)",NO BET,REJECT,"bet_quality: UNFAVOURABLE (line EQUAL, price UNFAVOURABLE, EV SUPPLIED_FOR_OTHER_SIDE)",d7b8c0035727a17aa06368a229935b076d3d5be716d1a503819e3ffd643aa950
1301,1475314653,69349,2026-09-25T14:34:39.892+00:00,2026-09-25T14:34:39+00:00,PARSED,,True,basketball,Slovenia - 1. SKL,Helios Domzale vs Polzela,SPREAD,-6,8.5,6,"[{""price"": ""1.869"", ""arrow"": null, ""parenthetical"": null, ""highlighted"": false}, {""price"": ""1.800"", ""arrow"": null, ""parenthetical"": null, ""highlighted"": false}]","[{""price"": ""1.558"", ""arrow"": ""\u2b07"", ""parenthetical"": ""1.833"", ""highlighted"": false}, {""price"": ""2.180"", ""arrow"": ""\u2b06"", ""parenthetical"": ""1.826"", ""highlighted"": false}]",14.5,UP,AWAY,-8.5,1.74,8.5,1.95,HOME,116.34%,True,0.0,HOME,ACCEPT,STALE,False,HIGH_DIRECTION_ONLY,No supplied equal-line EV bound to the sharp side,clear_sharp_side_signal,no_proven_same_side_value,False,AWAY,REJECT,"bet_quality: UNFAVOURABLE (line EQUAL, price UNFAVOURABLE, EV SUPPLIED_FOR_OTHER_SIDE)",NO BET,REJECT,"bet_quality: UNFAVOURABLE (line EQUAL, price UNFAVOURABLE, EV SUPPLIED_FOR_OTHER_SIDE)",630aedf297dbe599ad2be38db9e96da48e4fb3d6a3357fc4ddc4cb91b19d8d6c
1309,1475314653,69357,2026-09-25T14:54:22.653+00:00,2026-09-25T14:54:22+00:00,PARSED,,True,basketball,Europe - Eurocup Qualification Women,Elitzur Ramla vs AEO Proteas Voulas,SPREAD,-19.5,-17.5,,"[{""price"": ""1.819"", ""arrow"": null, ""parenthetical"": null, ""highlighted"": false}, {""price"": ""1.847"", ""arrow"": null, ""parenthetical"": null, ""highlighted"": false}]","[{""price"": ""1.606"", ""arrow"": ""\u2b07"", ""parenthetical"": ""1.775"", ""highlighted"": false}, {""price"": ""2.190"", ""arrow"": ""\u2b06"", ""parenthetical"": ""1.970"", ""highlighted"": false}]",2.0,UP,AWAY,17.5,1.83,-17.5,1.83,HOME,107.32%,True,0.0,HOME,ACCEPT,STALE,False,HIGH_DIRECTION_ONLY,No supplied equal-line EV bound to the sharp side,clear_sharp_side_signal,no_proven_same_side_value,False,AWAY,REJECT,"bet_quality: UNFAVOURABLE (line EQUAL, price UNFAVOURABLE, EV SUPPLIED_FOR_OTHER_SIDE)",NO BET,REJECT,"bet_quality: UNFAVOURABLE (line EQUAL, price UNFAVOURABLE, EV SUPPLIED_FOR_OTHER_SIDE)",6480605fe1913c1989b5805dbcbd5c10783b9dd3a034e9c287ff776749566247
1313,1475314653,69361,2026-09-25T15:07:07.085+00:00,2026-09-25T15:07:07+00:00,PARSED,,True,basketball,Asian Games - Women,Chinese Taipei vs China,TOTALS,152.5,152.5,,"[{""price"": ""1.900"", ""arrow"": null, ""parenthetical"": null, ""highlighted"": false}, {""price"": ""1.917"", ""arrow"": null, ""parenthetical"": null, ""highlighted"": false}]","[{""price"": ""1.847"", ""arrow"": ""\u2b07"", ""parenthetical"": ""1.892"", ""highlighted"": false}, {""price"": ""1.980"", ""arrow"": ""\u2b06"", ""parenthetical"": ""1.925"", ""highlighted"": false}]",0.0,UNCHANGED,,,,,,,None (not equal lines),,,OVER,ACCEPT,STALE,,INSUFFICIENT,Unchanged opening/current line; price-only strategy not established,no_movement,insufficient_data,False,,AMBIGUOUS,No opening-to-current line movement; price-only target policy is unproven,AMBIGUOUS,AMBIGUOUS,No opening-to-current line movement; price-only target policy is unproven,d3df95f03f992dca0969f3a2c227f1600a9beb05dbf0ab1bde7a3591b927ef12
1314,1475314653,69362,2026-09-25T15:09:12.624+00:00,2026-09-25T15:09:12+00:00,PARSED,,True,basketball,Serbia - 1 ZLS Women,ZKK Kraljevo vs RAS Beograd,SPREAD,-5,-6,-5,"[{""price"": ""1.884"", ""arrow"": null, ""parenthetical"": null, ""highlighted"": false}, {""price"": ""1.724"", ""arrow"": null, ""parenthetical"": null, ""highlighted"": false}]","[{""price"": ""1.833"", ""arrow"": ""\u2b07"", ""parenthetical"": ""1.884"", ""highlighted"": false}, {""price"": ""1.763"", ""arrow"": ""\u2b06"", ""parenthetical"": ""1.724"", ""highlighted"": false}]",1,DOWN,HOME,-9.5,1.83,9.5,1.83,,None (not equal lines),False,-3.5,AWAY,ACCEPT,STALE,False,HIGH_DIRECTION_ONLY,,clear_sharp_side_signal,moved_too_far,False,HOME,REJECT,"bet_quality: UNFAVOURABLE (line UNFAVOURABLE, price NOT_COMPARABLE, EV NOT_AVAILABLE_UNEQUAL_LINES)",NO BET,REJECT,"bet_quality: UNFAVOURABLE (line UNFAVOURABLE, price NOT_COMPARABLE, EV NOT_AVAILABLE_UNEQUAL_LINES)",f115d6b70dbde94ac5d6ba40913f84db4e95802ef6ea14f883870a88363e2428
1315,1475314653,69365,2026-09-25T15:16:56.323+00:00,2026-09-25T15:16:56+00:00,PARSED,,True,basketball,Czech Republic - 1. Liga,SKB Zlin vs BK Napos Vysoka Nad Labem,SPREAD,-13.5,-5.5,-6.5,"[{""price"": ""1.806"", ""arrow"": null, ""parenthetical"": null, ""highlighted"": false}, {""price"": ""1.793"", ""arrow"": null, ""parenthetical"": null, ""highlighted"": false}]","[{""price"": ""1.847"", ""arrow"": ""\u2b07"", ""parenthetical"": ""1.862"", ""highlighted"": false}, {""price"": ""1.819"", ""arrow"": ""\u2b06"", ""parenthetical"": ""1.806"", ""highlighted"": false}]",8.0,UP,AWAY,3.5,1.83,-3.5,1.83,,None (not equal lines),False,-2.0,HOME,ACCEPT,STALE,False,HIGH_DIRECTION_ONLY,,clear_sharp_side_signal,moved_too_far,False,AWAY,REJECT,"bet_quality: UNFAVOURABLE (line UNFAVOURABLE, price NOT_COMPARABLE, EV NOT_AVAILABLE_UNEQUAL_LINES)",NO BET,REJECT,"bet_quality: UNFAVOURABLE (line UNFAVOURABLE, price NOT_COMPARABLE, EV NOT_AVAILABLE_UNEQUAL_LINES)",df0d60fb6c82400dfbc72fce87a2d277f437d70bb46639de2c73d4f5464d2f87
1320,1475314653,69371,2026-09-25T15:38:19.727+00:00,2026-09-25T15:38:19+00:00,PARSED,,True,basketball,Estonian - Latvian Basketball League,Valmiera Glass VIA vs BK Ventspils,SPREAD,-9.5,-3.5,,"[{""price"": ""1.833"", ""arrow"": null, ""parenthetical"": null, ""highlighted"": false}, {""price"": ""1.900"", ""arrow"": null, ""parenthetical"": null, ""highlighted"": false}]","[{""price"": ""1.595"", ""arrow"": ""\u2b07"", ""parenthetical"": ""1.751"", ""highlighted"": false}, {""price"": ""2.210"", ""arrow"": ""\u2b06"", ""parenthetical"": ""1.990"", ""highlighted"": false}]",6.0,UP,AWAY,3.5,1.83,-3.5,1.83,HOME,108.13%,True,0.0,HOME,ACCEPT,STALE,False,HIGH_DIRECTION_ONLY,No supplied equal-line EV bound to the sharp side,clear_sharp_side_signal,no_proven_same_side_value,False,AWAY,REJECT,"bet_quality: UNFAVOURABLE (line EQUAL, price UNFAVOURABLE, EV SUPPLIED_FOR_OTHER_SIDE)",NO BET,REJECT,"bet_quality: UNFAVOURABLE (line EQUAL, price UNFAVOURABLE, EV SUPPLIED_FOR_OTHER_SIDE)",9af064acfd8fe829a1d04cdbc222dcaf23668b1152563988022947f0c0074c39
1322,1475314653,69373,2026-09-25T15:41:42.437+00:00,2026-09-25T15:41:42+00:00,PARSED,,True,basketball,Belgium - Cup,Kontich Wolves HSE vs Basics Melsele,SPREAD,10.5,10.5,,"[{""price"": ""1.833"", ""arrow"": null, ""parenthetical"": null, ""highlighted"": false}, {""price"": ""1.833"", ""arrow"": null, ""parenthetical"": null, ""highlighted"": false}]","[{""price"": ""1.617"", ""arrow"": ""\u2b07"", ""parenthetical"": ""1.775"", ""highlighted"": false}, {""price"": ""2.180"", ""arrow"": ""\u2b06"", ""parenthetical"": ""1.970"", ""highlighted"": false}]",0.0,UNCHANGED,,,,,,HOME,106.70%,,,HOME,ACCEPT,STALE,,INSUFFICIENT,Unchanged opening/current line; price-only strategy not established,no_movement,insufficient_data,False,,AMBIGUOUS,No opening-to-current line movement; price-only target policy is unproven,AMBIGUOUS,AMBIGUOUS,No opening-to-current line movement; price-only target policy is unproven,6153b7df77e668efb7b7736f2f36f409ad17c842a8e21f6e8cc186e6c88a2613
1324,1475314653,69375,2026-09-25T15:42:35.681+00:00,2026-09-25T15:42:35+00:00,DUPLICATE,,True,basketball,Belgium - Cup,Kontich Wolves HSE vs Basics Melsele,SPREAD,10.5,10.5,,"[{""price"": ""1.833"", ""arrow"": null, ""parenthetical"": null, ""highlighted"": false}, {""price"": ""1.833"", ""arrow"": null, ""parenthetical"": null, ""highlighted"": false}]","[{""price"": ""1.588"", ""arrow"": ""\u2b07"", ""parenthetical"": ""1.617"", ""highlighted"": false}, {""price"": ""2.220"", ""arrow"": ""\u2b06"", ""parenthetical"": ""2.180"", ""highlighted"": false}]",0.0,UNCHANGED,,,,,,HOME,108.59%,,,HOME,ACCEPT,,,INSUFFICIENT,Unchanged opening/current line; price-only strategy not established,no_movement,insufficient_data,False,,AMBIGUOUS,No opening-to-current line movement; price-only target policy is unproven,AMBIGUOUS,AMBIGUOUS,No opening-to-current line movement; price-only target policy is unproven,7a67984c4eacc163206b37f125cbdfb0ff2d64dc8b517206372cf923a1a2760e
1325,1475314653,69376,2026-09-25T15:42:51.476+00:00,2026-09-25T15:42:51+00:00,PARSED,,True,basketball,Sweden - Basketligan,Norrkoping Dolphins vs Umea Basket,SPREAD,-22,-25.5,,"[{""price"": ""1.900"", ""arrow"": null, ""parenthetical"": null, ""highlighted"": false}, {""price"": ""1.833"", ""arrow"": null, ""parenthetical"": null, ""highlighted"": false}]","[{""price"": ""2.060"", ""arrow"": ""\u2b06"", ""parenthetical"": ""1.909"", ""highlighted"": false}, {""price"": ""1.689"", ""arrow"": ""\u2b07"", ""parenthetical"": ""1.833"", ""highlighted"": false}]",3.5,DOWN,HOME,-25.5,1.74,25.5,1.95,AWAY,108.31%,True,0.0,AWAY,ACCEPT,STALE,False,HIGH_DIRECTION_ONLY,No supplied equal-line EV bound to the sharp side,clear_sharp_side_signal,no_proven_same_side_value,False,HOME,REJECT,"bet_quality: UNFAVOURABLE (line EQUAL, price UNFAVOURABLE, EV SUPPLIED_FOR_OTHER_SIDE)",NO BET,REJECT,"bet_quality: UNFAVOURABLE (line EQUAL, price UNFAVOURABLE, EV SUPPLIED_FOR_OTHER_SIDE)",ba613d2d5d245757dffdeb1084e95911d11b79a83533ee04556ec5246e9411b8
1326,1475314653,69377,2026-09-25T15:43:15.627+00:00,2026-09-25T15:43:15+00:00,PARSED,,True,basketball,Sweden - Basketligan,Norrkoping Dolphins vs Umea Basket,SPREAD,-22,-24,,"[{""price"": ""1.900"", ""arrow"": null, ""parenthetical"": null, ""highlighted"": false}, {""price"": ""1.833"", ""arrow"": null, ""parenthetical"": null, ""highlighted"": false}]","[{""price"": ""1.892"", ""arrow"": ""\u2b06"", ""parenthetical"": ""1.833"", ""highlighted"": false}, {""price"": ""1.847"", ""arrow"": ""\u2b07"", ""parenthetical"": ""1.909"", ""highlighted"": false}]",2,DOWN,HOME,-24,1.62,24,2.15,AWAY,108.93%,True,0,AWAY,ACCEPT,STALE,False,HIGH_DIRECTION_ONLY,No supplied equal-line EV bound to the sharp side,clear_sharp_side_signal,no_proven_same_side_value,False,HOME,REJECT,"bet_quality: UNFAVOURABLE (line EQUAL, price UNFAVOURABLE, EV SUPPLIED_FOR_OTHER_SIDE)",NO BET,REJECT,"bet_quality: UNFAVOURABLE (line EQUAL, price UNFAVOURABLE, EV SUPPLIED_FOR_OTHER_SIDE)",6daf61e3c996412873a5566e99e73667f204ccd4d576b4148ea97ce027e14831
1327,1475314653,69378,2026-09-25T15:43:38.469+00:00,2026-09-25T15:43:38+00:00,DUPLICATE,,True,basketball,Sweden - Basketligan,Norrkoping Dolphins vs Umea Basket,SPREAD,-22,-24,,"[{""price"": ""1.900"", ""arrow"": null, ""parenthetical"": null, ""highlighted"": false}, {""price"": ""1.833"", ""arrow"": null, ""parenthetical"": null, ""highlighted"": false}]","[{""price"": ""1.952"", ""arrow"": ""\u2b06"", ""parenthetical"": ""1.892"", ""highlighted"": false}, {""price"": ""1.793"", ""arrow"": ""\u2b07"", ""parenthetical"": ""1.847"", ""highlighted"": false}]",2,DOWN,HOME,-24,1.62,24,2.15,AWAY,112.56%,True,0,AWAY,ACCEPT,,False,HIGH_DIRECTION_ONLY,No supplied equal-line EV bound to the sharp side,clear_sharp_side_signal,no_proven_same_side_value,False,HOME,REJECT,"bet_quality: UNFAVOURABLE (line EQUAL, price UNFAVOURABLE, EV SUPPLIED_FOR_OTHER_SIDE)",NO BET,REJECT,"bet_quality: UNFAVOURABLE (line EQUAL, price UNFAVOURABLE, EV SUPPLIED_FOR_OTHER_SIDE)",7f62a330eb63e7643c229f533fc54302ea4e6e59c435482454ada14f42b0bce2
1328,1475314653,69379,2026-09-25T15:45:01.957+00:00,2026-09-25T15:45:01+00:00,PARSED,,True,basketball,Serbia - 1 ZLS Women,Crvena Zvezda vs Korac Akademija 011,SPREAD,-52,-52,,"[{""price"": ""1.900"", ""arrow"": null, ""parenthetical"": null, ""highlighted"": false}, {""price"": ""1.709"", ""arrow"": null, ""parenthetical"": null, ""highlighted"": false}]","[{""price"": ""1.800"", ""arrow"": ""\u2b07"", ""parenthetical"": ""1.990"", ""highlighted"": false}, {""price"": ""1.800"", ""arrow"": ""\u2b06"", ""parenthetical"": ""1.636"", ""highlighted"": false}]",0,UNCHANGED,,,,,,,None (not equal lines),,,HOME,ACCEPT,STALE,,INSUFFICIENT,Unchanged opening/current line; price-only strategy not established,no_movement,insufficient_data,False,,AMBIGUOUS,No opening-to-current line movement; price-only target policy is unproven,AMBIGUOUS,AMBIGUOUS,No opening-to-current line movement; price-only target policy is unproven,a9e6771dc2c94d580b9f398c9d35c29bd7d9c9943ac9f8766b5bfed6de685a75
1331,1475314653,69382,2026-09-25T16:00:04.212+00:00,2026-09-25T16:00:04+00:00,PARSED,,True,basketball,Serbia - 1 ZLS Women,Crvena Zvezda vs Korac Akademija 011,SPREAD,-52,-52,,"[{""price"": ""1.900"", ""arrow"": null, ""parenthetical"": null, ""highlighted"": false}, {""price"": ""1.709"", ""arrow"": null, ""parenthetical"": null, ""highlighted"": false}]","[{""price"": ""1.492"", ""arrow"": ""\u2b07"", ""parenthetical"": ""1.800"", ""highlighted"": false}, {""price"": ""2.230"", ""arrow"": ""\u2b06"", ""parenthetical"": ""1.800"", ""highlighted"": false}]",0,UNCHANGED,,,,,,,None (not equal lines),,,HOME,ACCEPT,STALE,,INSUFFICIENT,Unchanged opening/current line; price-only strategy not established,no_movement,insufficient_data,False,,AMBIGUOUS,No opening-to-current line movement; price-only target policy is unproven,AMBIGUOUS,AMBIGUOUS,No opening-to-current line movement; price-only target policy is unproven,db2a72ca45812fd5c582a4acd9e588c1e1c0ba40212be9e6132ec7eaf6cbc4c0
1333,1475314653,69384,2026-09-25T16:01:55.081+00:00,2026-09-25T16:01:55+00:00,PARSED,,True,basketball,World - Club Friendlies,Clube Galitos vs Alianca Sangalhos,SPREAD,-7.5,-7.5,,"[{""price"": ""1.826"", ""arrow"": null, ""parenthetical"": null, ""highlighted"": false}, {""price"": ""1.840"", ""arrow"": null, ""parenthetical"": null, ""highlighted"": false}]","[{""price"": ""2.150"", ""arrow"": ""\u2b06"", ""parenthetical"": ""1.980"", ""highlighted"": false}, {""price"": ""1.574"", ""arrow"": ""\u2b07"", ""parenthetical"": ""1.699"", ""highlighted"": false}]",0.0,UNCHANGED,,,,,,AWAY,107.93%,,,AWAY,ACCEPT,STALE,,INSUFFICIENT,Unchanged opening/current line; price-only strategy not established,no_movement,insufficient_data,False,,AMBIGUOUS,No opening-to-current line movement; price-only target policy is unproven,AMBIGUOUS,AMBIGUOUS,No opening-to-current line movement; price-only target policy is unproven,8cca6df7b581a2b5d186658ac7c7d4c9d03ec76f81a00a131c3348ea98018e77
1336,1475314653,69387,2026-09-25T16:08:05.768+00:00,2026-09-25T16:08:05+00:00,PARSED,,True,basketball,Czech Republic - 1. Liga,SKB Zlin vs BK Napos Vysoka Nad Labem,SPREAD,-13.5,-9.5,-7.5,"[{""price"": ""1.806"", ""arrow"": null, ""parenthetical"": null, ""highlighted"": false}, {""price"": ""1.793"", ""arrow"": null, ""parenthetical"": null, ""highlighted"": false}]","[{""price"": ""1.806"", ""arrow"": ""\u2b06"", ""parenthetical"": ""1.806"", ""highlighted"": false}, {""price"": ""1.854"", ""arrow"": ""\u2b07"", ""parenthetical"": ""1.862"", ""highlighted"": false}]",4.0,UP,AWAY,6.5,1.83,-6.5,1.83,,None (not equal lines),False,-3.0,HOME,ACCEPT,STALE,False,HIGH_DIRECTION_ONLY,,clear_sharp_side_signal,moved_too_far,True,AWAY,REJECT,"bet_quality: UNFAVOURABLE (line UNFAVOURABLE, price NOT_COMPARABLE, EV NOT_AVAILABLE_UNEQUAL_LINES)",NO BET,REJECT,"bet_quality: UNFAVOURABLE (line UNFAVOURABLE, price NOT_COMPARABLE, EV NOT_AVAILABLE_UNEQUAL_LINES)",1c9704c0119c11fdaf0d578bcbf414c0180f6c6e0817edaabb4ee7cee7885bf0
1350,1475314653,69401,2026-09-25T16:15:48.586+00:00,2026-09-25T16:15:48+00:00,PARSED,,True,basketball,Czech Republic - 1. Liga,SKB Zlin vs BK Napos Vysoka Nad Labem,SPREAD,-13.5,-13.5,-12,"[{""price"": ""1.806"", ""arrow"": null, ""parenthetical"": null, ""highlighted"": false}, {""price"": ""1.793"", ""arrow"": null, ""parenthetical"": null, ""highlighted"": false}]","[{""price"": ""1.869"", ""arrow"": ""\u2b06"", ""parenthetical"": ""1.869"", ""highlighted"": false}, {""price"": ""1.800"", ""arrow"": ""\u2b06"", ""parenthetical"": ""1.800"", ""highlighted"": false}]",0.0,UNCHANGED,,,,,,,None (not equal lines),,,HOME,ACCEPT,STALE,,INSUFFICIENT,Unchanged opening/current line; price-only strategy not established,no_movement,insufficient_data,False,,AMBIGUOUS,No opening-to-current line movement; price-only target policy is unproven,AMBIGUOUS,AMBIGUOUS,No opening-to-current line movement; price-only target policy is unproven,f33fdcf1049aab2c462bf6dc6fcb0449d47aa05eb05b175a4680181440c4eafc
1353,1475314653,69404,2026-09-25T16:16:42.321+00:00,2026-09-25T16:16:42+00:00,DUPLICATE,,True,basketball,Czech Republic - 1. Liga,SKB Zlin vs BK Napos Vysoka Nad Labem,SPREAD,-13.5,-13.5,-14.5,"[{""price"": ""1.806"", ""arrow"": null, ""parenthetical"": null, ""highlighted"": false}, {""price"": ""1.793"", ""arrow"": null, ""parenthetical"": null, ""highlighted"": false}]","[{""price"": ""1.813"", ""arrow"": ""\u2b07"", ""parenthetical"": ""1.917"", ""highlighted"": false}, {""price"": ""1.854"", ""arrow"": ""\u2b06"", ""parenthetical"": ""1.757"", ""highlighted"": false}]",0.0,UNCHANGED,,,,,,,None (not equal lines),,,HOME,ACCEPT,,,INSUFFICIENT,Unchanged opening/current line; price-only strategy not established,no_movement,insufficient_data,False,,AMBIGUOUS,No opening-to-current line movement; price-only target policy is unproven,AMBIGUOUS,AMBIGUOUS,No opening-to-current line movement; price-only target policy is unproven,bca09216c54acc1e6361d4484599690d7503495b821e25dba86e1e8cc4c223a7
1354,1475314653,69405,2026-09-25T16:16:42.782+00:00,2026-09-25T16:16:42+00:00,PARSED,,True,basketball,New Zealand - NBL Women,Mainland Pouakai vs Southern Hoiho,SPREAD,-4,-6.5,,"[{""price"": ""1.800"", ""arrow"": null, ""parenthetical"": null, ""highlighted"": false}, {""price"": ""1.862"", ""arrow"": null, ""parenthetical"": null, ""highlighted"": false}]","[{""price"": ""2.180"", ""arrow"": ""\u2b06"", ""parenthetical"": ""2.080"", ""highlighted"": false}, {""price"": ""1.558"", ""arrow"": ""\u2b07"", ""parenthetical"": ""1.613"", ""highlighted"": false}]",2.5,DOWN,HOME,-6.5,1.83,6.5,1.83,AWAY,109.18%,True,0.0,AWAY,ACCEPT,STALE,False,HIGH_DIRECTION_ONLY,No supplied equal-line EV bound to the sharp side,clear_sharp_side_signal,no_proven_same_side_value,False,HOME,REJECT,"bet_quality: UNFAVOURABLE (line EQUAL, price UNFAVOURABLE, EV SUPPLIED_FOR_OTHER_SIDE)",NO BET,REJECT,"bet_quality: UNFAVOURABLE (line EQUAL, price UNFAVOURABLE, EV SUPPLIED_FOR_OTHER_SIDE)",eed38bae6319e6bbbae2323bdab9788047398d54ced5e6c401b8b382267dda17
1365,1475314653,69416,2026-09-25T16:22:30.769+00:00,2026-09-25T16:22:30+00:00,PARSED,,True,basketball,France - Nationale 1,Vitre vs Tarbes Lourdes,SPREAD,2,-3,,"[{""price"": ""1.813"", ""arrow"": null, ""parenthetical"": null, ""highlighted"": false}, {""price"": ""1.847"", ""arrow"": null, ""parenthetical"": null, ""highlighted"": false}]","[{""price"": ""1.775"", ""arrow"": ""\u2b07"", ""parenthetical"": ""1.900"", ""highlighted"": false}, {""price"": ""1.961"", ""arrow"": ""\u2b06"", ""parenthetical"": ""1.833"", ""highlighted"": false}]",5,DOWN,HOME,1.5,1.83,-1.5,1.83,,None (not equal lines),False,4.5,HOME,ACCEPT,STALE,True,HIGH_DIRECTION_ONLY,Cross-book favourite disagreement; Bet365 orientation needs verification,clear_sharp_side_signal,ambiguous,False,,AMBIGUOUS,Pinnacle (-3) and Bet365 (1.5) favour different teams by 4.5 points: the Bet365 spread appears to have an unresolved sign reference; do not assume a perspective correction,AMBIGUOUS,AMBIGUOUS,Pinnacle (-3) and Bet365 (1.5) favour different teams by 4.5 points: the Bet365 spread appears to have an unresolved sign reference; do not assume a perspective correction,85ab99a753e4df820c5625dd047ac4b3d524f8a8a55c3b58a397ab82f52a317e
1371,1475314653,69425,2026-09-25T16:38:14.498+00:00,2026-09-25T16:38:14+00:00,PARSED,,True,basketball,Slovakia - Extraliga Women,AS Trencin vs BK SK Umb Banska Bystrica,SPREAD,22.5,19.5,19,"[{""price"": ""1.854"", ""arrow"": null, ""parenthetical"": null, ""highlighted"": false}, {""price"": ""1.751"", ""arrow"": null, ""parenthetical"": null, ""highlighted"": false}]","[{""price"": ""1.775"", ""arrow"": ""\u2b07"", ""parenthetical"": ""1.840"", ""highlighted"": false}, {""price"": ""1.826"", ""arrow"": ""\u2b06"", ""parenthetical"": ""1.757"", ""highlighted"": false}]",3.0,DOWN,HOME,17.5,1.83,-17.5,1.83,,None (not equal lines),False,-2.0,AWAY,ACCEPT,STALE,False,HIGH_DIRECTION_ONLY,,clear_sharp_side_signal,moved_too_far,True,HOME,REJECT,"bet_quality: UNFAVOURABLE (line UNFAVOURABLE, price NOT_COMPARABLE, EV NOT_AVAILABLE_UNEQUAL_LINES)",NO BET,REJECT,"bet_quality: UNFAVOURABLE (line UNFAVOURABLE, price NOT_COMPARABLE, EV NOT_AVAILABLE_UNEQUAL_LINES)",a058fa3eda8f327806b51c9ab10a07f5f47af79a52514ddf2e3e20c356ed952a
1372,1475314653,69426,2026-09-25T16:38:58.463+00:00,2026-09-25T16:38:58+00:00,PARSED,,True,basketball,Mexico - Liga Nacional de Baloncesto Profesional,Abejas de Leon vs Santos del Potosi,SPREAD,-5.5,-2.5,,"[{""price"": ""1.854"", ""arrow"": null, ""parenthetical"": null, ""highlighted"": false}, {""price"": ""1.813"", ""arrow"": null, ""parenthetical"": null, ""highlighted"": false}]","[{""price"": ""1.561"", ""arrow"": ""\u2b07"", ""parenthetical"": ""1.757"", ""highlighted"": false}, {""price"": ""2.170"", ""arrow"": ""\u2b06"", ""parenthetical"": ""1.909"", ""highlighted"": false}]",3.0,UP,AWAY,2.5,1.83,-2.5,1.83,HOME,108.86%,True,0.0,HOME,ACCEPT,STALE,False,HIGH_DIRECTION_ONLY,No supplied equal-line EV bound to the sharp side,clear_sharp_side_signal,no_proven_same_side_value,False,AWAY,REJECT,"bet_quality: UNFAVOURABLE (line EQUAL, price UNFAVOURABLE, EV SUPPLIED_FOR_OTHER_SIDE)",NO BET,REJECT,"bet_quality: UNFAVOURABLE (line EQUAL, price UNFAVOURABLE, EV SUPPLIED_FOR_OTHER_SIDE)",d54cca7d3c67ed58063a7eba0018c5bfa6fdc917c04197aeccc109bb8e446625
1373,1475314653,69427,2026-09-25T16:39:22.609+00:00,2026-09-25T16:39:22+00:00,PARSED,,True,basketball,Poland - BLK Women,Wisla Krakow vs Sleza Wroclaw,SPREAD,13,8.5,,"[{""price"": ""1.847"", ""arrow"": null, ""parenthetical"": null, ""highlighted"": false}, {""price"": ""1.819"", ""arrow"": null, ""parenthetical"": null, ""highlighted"": false}]","[{""price"": ""2.110"", ""arrow"": ""\u2b06"", ""parenthetical"": ""1.925"", ""highlighted"": false}, {""price"": ""1.598"", ""arrow"": ""\u2b07"", ""parenthetical"": ""1.735"", ""highlighted"": false}]",4.5,DOWN,HOME,8.5,1.83,-8.5,1.83,AWAY,106.15%,True,0.0,AWAY,ACCEPT,STALE,False,HIGH_DIRECTION_ONLY,No supplied equal-line EV bound to the sharp side,clear_sharp_side_signal,no_proven_same_side_value,False,HOME,REJECT,"bet_quality: UNFAVOURABLE (line EQUAL, price UNFAVOURABLE, EV SUPPLIED_FOR_OTHER_SIDE)",NO BET,REJECT,"bet_quality: UNFAVOURABLE (line EQUAL, price UNFAVOURABLE, EV SUPPLIED_FOR_OTHER_SIDE)",5bdeb819d2ae5fc3c7dc275155fb32838e53b5664d8071712c96ba87089115d3
1383,1475314653,69437,2026-09-25T16:44:15.120+00:00,2026-09-25T16:44:15+00:00,DUPLICATE,,True,basketball,Poland - BLK Women,Wisla Krakow vs Sleza Wroclaw,SPREAD,13,8.5,,"[{""price"": ""1.847"", ""arrow"": null, ""parenthetical"": null, ""highlighted"": false}, {""price"": ""1.819"", ""arrow"": null, ""parenthetical"": null, ""highlighted"": false}]","[{""price"": ""2.220"", ""arrow"": ""\u2b06"", ""parenthetical"": ""2.110"", ""highlighted"": false}, {""price"": ""1.537"", ""arrow"": ""\u2b07"", ""parenthetical"": ""1.598"", ""highlighted"": false}]",4.5,DOWN,HOME,8.5,1.83,-8.5,1.83,AWAY,110.83%,True,0.0,AWAY,ACCEPT,,False,HIGH_DIRECTION_ONLY,No supplied equal-line EV bound to the sharp side,clear_sharp_side_signal,no_proven_same_side_value,False,HOME,REJECT,"bet_quality: UNFAVOURABLE (line EQUAL, price UNFAVOURABLE, EV SUPPLIED_FOR_OTHER_SIDE)",NO BET,REJECT,"bet_quality: UNFAVOURABLE (line EQUAL, price UNFAVOURABLE, EV SUPPLIED_FOR_OTHER_SIDE)",9cdd0969926d716d63a32fe37aa543359aa535abc674054b68095cbf60be4b11
1387,1475314653,69441,2026-09-25T16:45:16.062+00:00,2026-09-25T16:45:16+00:00,PARSED,,True,basketball,Japan - B2 League,Bambitious Nara vs Fukushima Fire Bonds,TOTALS,164.5,165,,"[{""price"": ""1.862"", ""arrow"": null, ""parenthetical"": null, ""highlighted"": false}, {""price"": ""1.806"", ""arrow"": null, ""parenthetical"": null, ""highlighted"": false}]","[{""price"": ""1.900"", ""arrow"": ""\u2b06"", ""parenthetical"": ""1.826"", ""highlighted"": false}, {""price"": ""1.769"", ""arrow"": ""\u2b07"", ""parenthetical"": ""1.840"", ""highlighted"": false}]",0.5,UP,OVER,168.5,1.83,168.5,1.83,,None (not equal lines),False,-3.5,UNDER,ACCEPT,STALE,False,HIGH_DIRECTION_ONLY,,clear_sharp_side_signal,moved_too_far,False,OVER,REJECT,"bet_quality: UNFAVOURABLE (line UNFAVOURABLE, price NOT_COMPARABLE, EV NOT_AVAILABLE_UNEQUAL_LINES)",NO BET,REJECT,"bet_quality: UNFAVOURABLE (line UNFAVOURABLE, price NOT_COMPARABLE, EV NOT_AVAILABLE_UNEQUAL_LINES)",311cbc786f1fde74c225b680746a55e8934d38c76a8a883520d6fd82716f17a9
1390,1475314653,69444,2026-09-25T16:46:30.235+00:00,2026-09-25T16:46:30+00:00,PARSED,,True,basketball,Puerto Rico - Superior Nacional Women,Explosivas de Moca vs Leonas De Ponce,SPREAD,-9,-8.5,,"[{""price"": ""1.847"", ""arrow"": null, ""parenthetical"": null, ""highlighted"": false}, {""price"": ""1.819"", ""arrow"": null, ""parenthetical"": null, ""highlighted"": false}]","[{""price"": ""1.671"", ""arrow"": ""\u2b07"", ""parenthetical"": ""1.840"", ""highlighted"": false}, {""price"": ""2.010"", ""arrow"": ""\u2b06"", ""parenthetical"": ""1.819"", ""highlighted"": false}]",0.5,UP,AWAY,6.5,1.95,-6.5,1.74,,None (not equal lines),False,-2.0,HOME,ACCEPT,STALE,False,HIGH_DIRECTION_ONLY,,clear_sharp_side_signal,moved_too_far,False,AWAY,REJECT,"bet_quality: UNFAVOURABLE (line UNFAVOURABLE, price NOT_COMPARABLE, EV NOT_AVAILABLE_UNEQUAL_LINES)",NO BET,REJECT,"bet_quality: UNFAVOURABLE (line UNFAVOURABLE, price NOT_COMPARABLE, EV NOT_AVAILABLE_UNEQUAL_LINES)",46186ad7073ddb6e19719a3a87ddcbf995839529e69dee0cbfd1433c5fe31fb6
1391,1475314653,69445,2026-09-25T16:47:04.967+00:00,2026-09-25T16:47:04+00:00,PARSED,,True,basketball,Czech Republic - 1. Liga,Basketbal Olomouc vs Sk Zabovresky,SPREAD,-3.5,2.5,1.5,"[{""price"": ""1.800"", ""arrow"": null, ""parenthetical"": null, ""highlighted"": false}, {""price"": ""1.800"", ""arrow"": null, ""parenthetical"": null, ""highlighted"": false}]","[{""price"": ""1.840"", ""arrow"": ""\u2b06"", ""parenthetical"": ""1.826"", ""highlighted"": false}, {""price"": ""1.826"", ""arrow"": ""\u2b07"", ""parenthetical"": ""1.840"", ""highlighted"": false}]",6.0,UP,AWAY,1.5,1.83,-1.5,1.83,,None (not equal lines),False,4.0,AWAY,ACCEPT,STALE,True,HIGH_DIRECTION_ONLY,Cross-book favourite disagreement; Bet365 orientation needs verification,clear_sharp_side_signal,ambiguous,False,,AMBIGUOUS,Pinnacle (2.5) and Bet365 (-1.5) favour different teams by 4.0 points: the Bet365 spread appears to have an unresolved sign reference; do not assume a perspective correction,AMBIGUOUS,AMBIGUOUS,Pinnacle (2.5) and Bet365 (-1.5) favour different teams by 4.0 points: the Bet365 spread appears to have an unresolved sign reference; do not assume a perspective correction,30840dc021e19df1a4625d28d4c13d208b56b0c9a2cbd96aa60a4f46d52f8c2c
1393,1475314653,69447,2026-09-25T16:47:19.291+00:00,2026-09-25T16:47:19+00:00,PARSED,,True,basketball,Hungary - Nemzeti Bajnoksag I.A,Atomeromu SE vs NKA Universitas Pecs,TOTALS,167.5,167.5,,"[{""price"": ""1.892"", ""arrow"": null, ""parenthetical"": null, ""highlighted"": false}, {""price"": ""1.840"", ""arrow"": null, ""parenthetical"": null, ""highlighted"": false}]","[{""price"": ""2.000"", ""arrow"": ""\u2b06"", ""parenthetical"": ""1.833"", ""highlighted"": false}, {""price"": ""1.684"", ""arrow"": ""\u2b07"", ""parenthetical"": ""1.833"", ""highlighted"": false}]",0.0,UNCHANGED,,,,,,,None (not equal lines),,,UNDER,ACCEPT,STALE,,INSUFFICIENT,Unchanged opening/current line; price-only strategy not established,no_movement,insufficient_data,False,,AMBIGUOUS,No opening-to-current line movement; price-only target policy is unproven,AMBIGUOUS,AMBIGUOUS,No opening-to-current line movement; price-only target policy is unproven,3814559cc757e017e9eb9014f4412a5d01ec5ebb049d4803f67071e3ad1ae924
1394,1475314653,69448,2026-09-25T16:47:43.263+00:00,2026-09-25T16:47:43+00:00,DUPLICATE,,True,basketball,Czech Republic - 1. Liga,Basketbal Olomouc vs Sk Zabovresky,SPREAD,-3.5,2.5,,"[{""price"": ""1.800"", ""arrow"": null, ""parenthetical"": null, ""highlighted"": false}, {""price"": ""1.800"", ""arrow"": null, ""parenthetical"": null, ""highlighted"": false}]","[{""price"": ""1.833"", ""arrow"": ""\u2b06"", ""parenthetical"": ""1.793"", ""highlighted"": false}, {""price"": ""1.826"", ""arrow"": ""\u2b07"", ""parenthetical"": ""1.869"", ""highlighted"": false}]",6.0,UP,AWAY,1.5,1.83,-1.5,1.83,,None (not equal lines),False,4.0,AWAY,ACCEPT,,True,HIGH_DIRECTION_ONLY,Cross-book favourite disagreement; Bet365 orientation needs verification,clear_sharp_side_signal,ambiguous,False,,AMBIGUOUS,Pinnacle (2.5) and Bet365 (-1.5) favour different teams by 4.0 points: the Bet365 spread appears to have an unresolved sign reference; do not assume a perspective correction,AMBIGUOUS,AMBIGUOUS,Pinnacle (2.5) and Bet365 (-1.5) favour different teams by 4.0 points: the Bet365 spread appears to have an unresolved sign reference; do not assume a perspective correction,4b22d25ad174f9657827bbca8522c5dc9567641c314da49a809d1cba65b07a89
1402,1475314653,69457,2026-09-25T17:09:30.585+00:00,2026-09-25T17:09:30+00:00,PARSED,,True,basketball,Europe - Eurocup Qualification Women,Elitzur Ramla vs AEO Proteas Voulas,SPREAD,-19.5,-19.5,,"[{""price"": ""1.819"", ""arrow"": null, ""parenthetical"": null, ""highlighted"": false}, {""price"": ""1.847"", ""arrow"": null, ""parenthetical"": null, ""highlighted"": false}]","[{""price"": ""1.552"", ""arrow"": ""\u2b07"", ""parenthetical"": ""1.694"", ""highlighted"": false}, {""price"": ""2.300"", ""arrow"": ""\u2b06"", ""parenthetical"": ""2.060"", ""highlighted"": false}]",0.0,UNCHANGED,,,,,,HOME,111.47%,,,HOME,ACCEPT,STALE,,INSUFFICIENT,Unchanged opening/current line; price-only strategy not established,no_movement,insufficient_data,False,,AMBIGUOUS,No opening-to-current line movement; price-only target policy is unproven,AMBIGUOUS,AMBIGUOUS,No opening-to-current line movement; price-only target policy is unproven,496e5161e3d7a4f8c0e2acb5ab0c697dccae6ed92dd7f7127e60dc96442cf60e
1403,1475314653,69458,2026-09-25T17:09:30.616+00:00,2026-09-25T17:09:30+00:00,PARSED,,True,basketball,New Zealand - NBL Women,Mainland Pouakai vs Southern Hoiho,SPREAD,-4,-6.5,,"[{""price"": ""1.800"", ""arrow"": null, ""parenthetical"": null, ""highlighted"": false}, {""price"": ""1.862"", ""arrow"": null, ""parenthetical"": null, ""highlighted"": false}]","[{""price"": ""2.280"", ""arrow"": ""\u2b06"", ""parenthetical"": ""2.180"", ""highlighted"": false}, {""price"": ""1.510"", ""arrow"": ""\u2b07"", ""parenthetical"": ""1.558"", ""highlighted"": false}]",2.5,DOWN,HOME,-6.5,1.83,6.5,1.83,AWAY,113.10%,True,0.0,AWAY,ACCEPT,STALE,False,HIGH_DIRECTION_ONLY,No supplied equal-line EV bound to the sharp side,clear_sharp_side_signal,no_proven_same_side_value,False,HOME,REJECT,"bet_quality: UNFAVOURABLE (line EQUAL, price UNFAVOURABLE, EV SUPPLIED_FOR_OTHER_SIDE)",NO BET,REJECT,"bet_quality: UNFAVOURABLE (line EQUAL, price UNFAVOURABLE, EV SUPPLIED_FOR_OTHER_SIDE)",b46103b6a05d55d564a2400fb10c221f4490190d476e42b1f9a68075c27c3faf
1406,1475314653,69461,2026-09-25T17:09:35.726+00:00,2026-09-25T17:09:35+00:00,DUPLICATE,,True,basketball,New Zealand - NBL Women,Mainland Pouakai vs Southern Hoiho,SPREAD,-4,-4,,"[{""price"": ""1.800"", ""arrow"": null, ""parenthetical"": null, ""highlighted"": false}, {""price"": ""1.862"", ""arrow"": null, ""parenthetical"": null, ""highlighted"": false}]","[{""price"": ""1.892"", ""arrow"": ""\u2b06"", ""parenthetical"": ""1.840"", ""highlighted"": false}, {""price"": ""1.769"", ""arrow"": ""\u2b07"", ""parenthetical"": ""1.813"", ""highlighted"": false}]",0,UNCHANGED,,,,,,,None (not equal lines),,,AWAY,ACCEPT,,,INSUFFICIENT,Unchanged opening/current line; price-only strategy not established,no_movement,insufficient_data,False,,AMBIGUOUS,No opening-to-current line movement; price-only target policy is unproven,AMBIGUOUS,AMBIGUOUS,No opening-to-current line movement; price-only target policy is unproven,e280757d0606523491fe8ea53c5f9809c9e8a1764ddb4c3b923c013deb4390ce
1407,1475314653,69462,2026-09-25T17:09:46.931+00:00,2026-09-25T17:09:46+00:00,DUPLICATE,,True,basketball,Europe - Eurocup Qualification Women,Elitzur Ramla vs AEO Proteas Voulas,SPREAD,-19.5,-19.5,,"[{""price"": ""1.819"", ""arrow"": null, ""parenthetical"": null, ""highlighted"": false}, {""price"": ""1.847"", ""arrow"": null, ""parenthetical"": null, ""highlighted"": false}]","[{""price"": ""1.552"", ""arrow"": ""\u2b07"", ""parenthetical"": ""1.578"", ""highlighted"": false}, {""price"": ""2.300"", ""arrow"": ""\u2b06"", ""parenthetical"": ""2.250"", ""highlighted"": false}]",0.0,UNCHANGED,,,,,,HOME,111.47%,,,HOME,ACCEPT,,,INSUFFICIENT,Unchanged opening/current line; price-only strategy not established,no_movement,insufficient_data,False,,AMBIGUOUS,No opening-to-current line movement; price-only target policy is unproven,AMBIGUOUS,AMBIGUOUS,No opening-to-current line movement; price-only target policy is unproven,63bcf455d8f09b0b2eecafae58f890bd1e953f8d61be5af3c2d14c6e27971a09
1409,1475314653,69464,2026-09-25T17:13:44.090+00:00,2026-09-25T17:13:44+00:00,PARSED,,True,basketball,Estonian - Latvian Basketball League,BK Ogre vs VEF Riga,SPREAD,8,9.5,,"[{""price"": ""1.884"", ""arrow"": null, ""parenthetical"": null, ""highlighted"": false}, {""price"": ""1.854"", ""arrow"": null, ""parenthetical"": null, ""highlighted"": false}]","[{""price"": ""1.847"", ""arrow"": ""\u2b07"", ""parenthetical"": ""1.900"", ""highlighted"": false}, {""price"": ""1.892"", ""arrow"": ""\u2b06"", ""parenthetical"": ""1.840"", ""highlighted"": false}]",1.5,UP,AWAY,-9.5,1.64,9.5,2.12,HOME,107.41%,True,0.0,HOME,ACCEPT,STALE,False,HIGH_DIRECTION_ONLY,No supplied equal-line EV bound to the sharp side,clear_sharp_side_signal,no_proven_same_side_value,False,AWAY,REJECT,"bet_quality: UNFAVOURABLE (line EQUAL, price UNFAVOURABLE, EV SUPPLIED_FOR_OTHER_SIDE)",NO BET,REJECT,"bet_quality: UNFAVOURABLE (line EQUAL, price UNFAVOURABLE, EV SUPPLIED_FOR_OTHER_SIDE)",0a7e3de1d8deba3704d89b5e860d57a5a5fbc6149a6dd84dcf663d303a2ec52c
1410,1475314653,69465,2026-09-25T17:14:36.299+00:00,2026-09-25T17:14:36+00:00,PARSED,,True,basketball,Japan - B2 League,Veltex Shizuoka vs Fighting Eagles Nagoya,SPREAD,10.5,10.5,,"[{""price"": ""1.833"", ""arrow"": null, ""parenthetical"": null, ""highlighted"": false}, {""price"": ""1.833"", ""arrow"": null, ""parenthetical"": null, ""highlighted"": false}]","[{""price"": ""1.598"", ""arrow"": ""\u2b07"", ""parenthetical"": ""1.746"", ""highlighted"": false}, {""price"": ""2.110"", ""arrow"": ""\u2b06"", ""parenthetical"": ""1.925"", ""highlighted"": false}]",0.0,UNCHANGED,,,,,,HOME,106.15%,,,HOME,ACCEPT,STALE,,INSUFFICIENT,Unchanged opening/current line; price-only strategy not established,no_movement,insufficient_data,False,,AMBIGUOUS,No opening-to-current line movement; price-only target policy is unproven,AMBIGUOUS,AMBIGUOUS,No opening-to-current line movement; price-only target policy is unproven,5a30a94d6a6d682a20e87335599acaead9361747b6965eac62c869c2c08411c8
1411,1475314653,69466,2026-09-25T17:14:44.389+00:00,2026-09-25T17:14:44+00:00,DUPLICATE,,True,basketball,Japan - B2 League,Veltex Shizuoka vs Fighting Eagles Nagoya,SPREAD,10.5,10.5,,"[{""price"": ""1.833"", ""arrow"": null, ""parenthetical"": null, ""highlighted"": false}, {""price"": ""1.833"", ""arrow"": null, ""parenthetical"": null, ""highlighted"": false}]","[{""price"": ""1.552"", ""arrow"": ""\u2b07"", ""parenthetical"": ""1.598"", ""highlighted"": false}, {""price"": ""2.190"", ""arrow"": ""\u2b06"", ""parenthetical"": ""2.110"", ""highlighted"": false}]",0.0,UNCHANGED,,,,,,HOME,109.62%,,,HOME,ACCEPT,,,INSUFFICIENT,Unchanged opening/current line; price-only strategy not established,no_movement,insufficient_data,False,,AMBIGUOUS,No opening-to-current line movement; price-only target policy is unproven,AMBIGUOUS,AMBIGUOUS,No opening-to-current line movement; price-only target policy is unproven,885ffd8d05495489d1eaf990b683cec02acea38d52daf77724fc6f8d324c65c7
1412,1475314653,69467,2026-09-25T17:14:48.416+00:00,2026-09-25T17:14:48+00:00,DUPLICATE,,True,basketball,Japan - B2 League,Veltex Shizuoka vs Fighting Eagles Nagoya,SPREAD,10.5,10.5,,"[{""price"": ""1.833"", ""arrow"": null, ""parenthetical"": null, ""highlighted"": false}, {""price"": ""1.833"", ""arrow"": null, ""parenthetical"": null, ""highlighted"": false}]","[{""price"": ""1.487"", ""arrow"": ""\u2b07"", ""parenthetical"": ""1.552"", ""highlighted"": false}, {""price"": ""2.320"", ""arrow"": ""\u2b06"", ""parenthetical"": ""2.190"", ""highlighted"": false}]",0.0,UNCHANGED,,,,,,HOME,114.86%,,,HOME,ACCEPT,,,INSUFFICIENT,Unchanged opening/current line; price-only strategy not established,no_movement,insufficient_data,False,,AMBIGUOUS,No opening-to-current line movement; price-only target policy is unproven,AMBIGUOUS,AMBIGUOUS,No opening-to-current line movement; price-only target policy is unproven,d7e805831af4e0183fc70adbde9ed17c84f752e15aadf64b5ad593768017939a
1413,1475314653,69468,2026-09-25T17:16:13.611+00:00,2026-09-25T17:16:13+00:00,DUPLICATE,,True,basketball,Japan - B2 League,Veltex Shizuoka vs Fighting Eagles Nagoya,SPREAD,10.5,10.5,7,"[{""price"": ""1.833"", ""arrow"": null, ""parenthetical"": null, ""highlighted"": false}, {""price"": ""1.833"", ""arrow"": null, ""parenthetical"": null, ""highlighted"": false}]","[{""price"": ""1.555"", ""arrow"": ""\u2b07"", ""parenthetical"": ""1.806"", ""highlighted"": false}, {""price"": ""2.180"", ""arrow"": ""\u2b06"", ""parenthetical"": ""1.862"", ""highlighted"": false}]",0.0,UNCHANGED,,,,,,HOME,109.31%,,,HOME,ACCEPT,,,INSUFFICIENT,Unchanged opening/current line; price-only strategy not established,no_movement,insufficient_data,False,,AMBIGUOUS,No opening-to-current line movement; price-only target policy is unproven,AMBIGUOUS,AMBIGUOUS,No opening-to-current line movement; price-only target policy is unproven,96fe7ba62f4ae03c187b808ace6a07d49125ec123cb4b5349000c31f36076cef
1414,1475314653,69469,2026-09-25T17:16:19.358+00:00,2026-09-25T17:16:19+00:00,DUPLICATE,,True,basketball,Japan - B2 League,Veltex Shizuoka vs Fighting Eagles Nagoya,SPREAD,10.5,10.5,,"[{""price"": ""1.833"", ""arrow"": null, ""parenthetical"": null, ""highlighted"": false}, {""price"": ""1.833"", ""arrow"": null, ""parenthetical"": null, ""highlighted"": false}]","[{""price"": ""1.512"", ""arrow"": ""\u2b07"", ""parenthetical"": ""1.555"", ""highlighted"": false}, {""price"": ""2.260"", ""arrow"": ""\u2b06"", ""parenthetical"": ""2.180"", ""highlighted"": false}]",0.0,UNCHANGED,,,,,,HOME,112.68%,,,HOME,ACCEPT,,,INSUFFICIENT,Unchanged opening/current line; price-only strategy not established,no_movement,insufficient_data,False,,AMBIGUOUS,No opening-to-current line movement; price-only target policy is unproven,AMBIGUOUS,AMBIGUOUS,No opening-to-current line movement; price-only target policy is unproven,ad2e90ae3ca4e8dc749925b5dbdb8ff03a8822f45a5fda56480e0b2d84eebaab
1417,1475314653,69472,2026-09-25T17:16:45.893+00:00,2026-09-25T17:16:45+00:00,DUPLICATE,,True,basketball,Japan - B2 League,Veltex Shizuoka vs Fighting Eagles Nagoya,SPREAD,10.5,10.5,7,"[{""price"": ""1.833"", ""arrow"": null, ""parenthetical"": null, ""highlighted"": false}, {""price"": ""1.833"", ""arrow"": null, ""parenthetical"": null, ""highlighted"": false}]","[{""price"": ""1.558"", ""arrow"": ""\u2b07"", ""parenthetical"": ""1.862"", ""highlighted"": false}, {""price"": ""2.180"", ""arrow"": ""\u2b06"", ""parenthetical"": ""1.806"", ""highlighted"": false}]",0.0,UNCHANGED,,,,,,HOME,109.18%,,,HOME,ACCEPT,,,INSUFFICIENT,Unchanged opening/current line; price-only strategy not established,no_movement,insufficient_data,False,,AMBIGUOUS,No opening-to-current line movement; price-only target policy is unproven,AMBIGUOUS,AMBIGUOUS,No opening-to-current line movement; price-only target policy is unproven,b37e38749e99186ddfa23f0e8aa05212f7c0d25f41eb86aa001646feb0386bed
1419,1475314653,69474,2026-09-25T17:17:02.500+00:00,2026-09-25T17:17:02+00:00,DUPLICATE,,True,basketball,Japan - B2 League,Veltex Shizuoka vs Fighting Eagles Nagoya,SPREAD,10.5,10.5,7.5,"[{""price"": ""1.833"", ""arrow"": null, ""parenthetical"": null, ""highlighted"": false}, {""price"": ""1.833"", ""arrow"": null, ""parenthetical"": null, ""highlighted"": false}]","[{""price"": ""1.574"", ""arrow"": ""\u2b07"", ""parenthetical"": ""1.840"", ""highlighted"": false}, {""price"": ""2.150"", ""arrow"": ""\u2b06"", ""parenthetical"": ""1.826"", ""highlighted"": false}]",0.0,UNCHANGED,,,,,,HOME,107.93%,,,HOME,ACCEPT,,,INSUFFICIENT,Unchanged opening/current line; price-only strategy not established,no_movement,insufficient_data,False,,AMBIGUOUS,No opening-to-current line movement; price-only target policy is unproven,AMBIGUOUS,AMBIGUOUS,No opening-to-current line movement; price-only target policy is unproven,efcd72957e0edbd580d4e05de02141c8e7111c7560f9eb422388ea951aa4ac65
1420,1475314653,69475,2026-09-25T17:17:26.612+00:00,2026-09-25T17:17:26+00:00,DUPLICATE,,True,basketball,Japan - B2 League,Veltex Shizuoka vs Fighting Eagles Nagoya,SPREAD,10.5,10.5,,"[{""price"": ""1.833"", ""arrow"": null, ""parenthetical"": null, ""highlighted"": false}, {""price"": ""1.833"", ""arrow"": null, ""parenthetical"": null, ""highlighted"": false}]","[{""price"": ""1.534"", ""arrow"": ""\u2b07"", ""parenthetical"": ""1.636"", ""highlighted"": false}, {""price"": ""2.220"", ""arrow"": ""\u2b06"", ""parenthetical"": ""2.060"", ""highlighted"": false}]",0.0,UNCHANGED,,,,,,HOME,110.97%,,,HOME,ACCEPT,,,INSUFFICIENT,Unchanged opening/current line; price-only strategy not established,no_movement,insufficient_data,False,,AMBIGUOUS,No opening-to-current line movement; price-only target policy is unproven,AMBIGUOUS,AMBIGUOUS,No opening-to-current line movement; price-only target policy is unproven,602ec4a2cb6e4f2f316864da7f307aecaeba3b783d69b17bf02e202ab4599083
1425,1475314653,69480,2026-09-25T17:29:58.099+00:00,2026-09-25T17:29:58+00:00,PARSED,,True,basketball,Czech Republic - 1. Liga,Tygri Brno vs Slavoj BK Litomerice,SPREAD,4.5,6.5,7.5,"[{""price"": ""1.800"", ""arrow"": null, ""parenthetical"": null, ""highlighted"": false}, {""price"": ""1.800"", ""arrow"": null, ""parenthetical"": null, ""highlighted"": false}]","[{""price"": ""1.840"", ""arrow"": ""\u2b06"", ""parenthetical"": ""1.800"", ""highlighted"": false}, {""price"": ""1.763"", ""arrow"": ""\u2b07"", ""parenthetical"": ""1.800"", ""highlighted"": false}]",2.0,UP,AWAY,-8.5,1.83,8.5,1.83,,None (not equal lines),False,-2.0,HOME,ACCEPT,STALE,False,HIGH_DIRECTION_ONLY,,clear_sharp_side_signal,moved_too_far,True,AWAY,REJECT,"bet_quality: UNFAVOURABLE (line UNFAVOURABLE, price NOT_COMPARABLE, EV NOT_AVAILABLE_UNEQUAL_LINES)",NO BET,REJECT,"bet_quality: UNFAVOURABLE (line UNFAVOURABLE, price NOT_COMPARABLE, EV NOT_AVAILABLE_UNEQUAL_LINES)",a8aba2a8cad06dcad1339a47ea80f5c0723664281efac030fb5946d32ebf0c25
1429,1475314653,69491,2026-09-25T17:33:34.474+00:00,2026-09-25T17:33:34+00:00,PARSED,,True,basketball,Belgium - Cup,Basket SKT Ieper HSE vs BC Oostende,SPREAD,21.5,21.5,,"[{""price"": ""1.840"", ""arrow"": null, ""parenthetical"": null, ""highlighted"": false}, {""price"": ""1.826"", ""arrow"": null, ""parenthetical"": null, ""highlighted"": false}]","[{""price"": ""2.190"", ""arrow"": ""\u2b06"", ""parenthetical"": ""2.060"", ""highlighted"": false}, {""price"": ""1.609"", ""arrow"": ""\u2b07"", ""parenthetical"": ""1.689"", ""highlighted"": false}]",0.0,UNCHANGED,,,,,,AWAY,107.20%,,,AWAY,ACCEPT,STALE,,INSUFFICIENT,Unchanged opening/current line; price-only strategy not established,no_movement,insufficient_data,False,,AMBIGUOUS,No opening-to-current line movement; price-only target policy is unproven,AMBIGUOUS,AMBIGUOUS,No opening-to-current line movement; price-only target policy is unproven,7e22ec47ec924b6cf78830a0ba79eb36744349ed2a311ca93df2ea5c01dfd965
1443,1475314653,69505,2026-09-25T17:53:25.469+00:00,2026-09-25T17:53:25+00:00,PARSED,,True,basketball,France - Nationale 1,Besancon vs Val De Seine,SPREAD,-6.5,-2,,"[{""price"": ""1.854"", ""arrow"": null, ""parenthetical"": null, ""highlighted"": false}, {""price"": ""1.813"", ""arrow"": null, ""parenthetical"": null, ""highlighted"": false}]","[{""price"": ""1.704"", ""arrow"": ""\u2b07"", ""parenthetical"": ""1.900"", ""highlighted"": false}, {""price"": ""2.050"", ""arrow"": ""\u2b06"", ""parenthetical"": ""1.840"", ""highlighted"": false}]",4.5,UP,AWAY,-1.5,1.86,1.5,1.80,,None (not equal lines),False,-3.5,HOME,ACCEPT,STALE,False,HIGH_DIRECTION_ONLY,Cross-book favourite disagreement; Bet365 orientation needs verification,clear_sharp_side_signal,ambiguous,False,,AMBIGUOUS,Pinnacle (-2) and Bet365 (1.5) favour different teams by 3.5 points: the Bet365 spread appears to have an unresolved sign reference; do not assume a perspective correction,AMBIGUOUS,AMBIGUOUS,Pinnacle (-2) and Bet365 (1.5) favour different teams by 3.5 points: the Bet365 spread appears to have an unresolved sign reference; do not assume a perspective correction,f8a458043c2f4ee6dc5addcd4da3d275b03284dfafa6604091e566f56187c039
1449,1475314653,69511,2026-09-25T17:54:53.348+00:00,2026-09-25T17:54:53+00:00,PARSED,,True,basketball,France - Nationale 1,Orchies vs Lyon,SPREAD,-5.5,-3.5,,"[{""price"": ""1.869"", ""arrow"": null, ""parenthetical"": null, ""highlighted"": false}, {""price"": ""1.793"", ""arrow"": null, ""parenthetical"": null, ""highlighted"": false}]","[{""price"": ""1.617"", ""arrow"": ""\u2b07"", ""parenthetical"": ""1.694"", ""highlighted"": false}, {""price"": ""2.180"", ""arrow"": ""\u2b06"", ""parenthetical"": ""2.070"", ""highlighted"": false}]",2.0,UP,AWAY,3.5,1.83,-3.5,1.83,HOME,106.70%,True,0.0,HOME,ACCEPT,STALE,False,HIGH_DIRECTION_ONLY,No supplied equal-line EV bound to the sharp side,clear_sharp_side_signal,no_proven_same_side_value,False,AWAY,REJECT,"bet_quality: UNFAVOURABLE (line EQUAL, price UNFAVOURABLE, EV SUPPLIED_FOR_OTHER_SIDE)",NO BET,REJECT,"bet_quality: UNFAVOURABLE (line EQUAL, price UNFAVOURABLE, EV SUPPLIED_FOR_OTHER_SIDE)",3d292074c0767cec8682b550bbfac2656ab5e14779cf6e46ab6af62445b26e13
1451,1475314653,69513,2026-09-25T17:55:35.393+00:00,2026-09-25T17:55:35+00:00,PARSED,,True,basketball,New Zealand - NBL Women,Mainland Pouakai vs Southern Hoiho,SPREAD,-4,-5.5,,"[{""price"": ""1.800"", ""arrow"": null, ""parenthetical"": null, ""highlighted"": false}, {""price"": ""1.862"", ""arrow"": null, ""parenthetical"": null, ""highlighted"": false}]","[{""price"": ""2.250"", ""arrow"": ""\u2b06"", ""parenthetical"": ""2.120"", ""highlighted"": false}, {""price"": ""1.520"", ""arrow"": ""\u2b07"", ""parenthetical"": ""1.588"", ""highlighted"": false}]",1.5,DOWN,HOME,-5.5,1.83,5.5,1.83,AWAY,112.13%,True,0.0,AWAY,ACCEPT,STALE,False,HIGH_DIRECTION_ONLY,No supplied equal-line EV bound to the sharp side,clear_sharp_side_signal,no_proven_same_side_value,False,HOME,REJECT,"bet_quality: UNFAVOURABLE (line EQUAL, price UNFAVOURABLE, EV SUPPLIED_FOR_OTHER_SIDE)",NO BET,REJECT,"bet_quality: UNFAVOURABLE (line EQUAL, price UNFAVOURABLE, EV SUPPLIED_FOR_OTHER_SIDE)",b9a686100e2e31d1a973b74cc2fb5770866885603b2ecf1cfc40d623ca439a82
1452,1475314653,69514,2026-09-25T17:55:55.772+00:00,2026-09-25T17:55:55+00:00,DUPLICATE,,True,basketball,France - Nationale 1,Orchies vs Lyon,SPREAD,-5.5,-3.5,,"[{""price"": ""1.869"", ""arrow"": null, ""parenthetical"": null, ""highlighted"": false}, {""price"": ""1.793"", ""arrow"": null, ""parenthetical"": null, ""highlighted"": false}]","[{""price"": ""1.609"", ""arrow"": ""\u2b07"", ""parenthetical"": ""1.666"", ""highlighted"": false}, {""price"": ""2.190"", ""arrow"": ""\u2b06"", ""parenthetical"": ""2.090"", ""highlighted"": false}]",2.0,UP,AWAY,3.5,1.83,-3.5,1.83,HOME,107.20%,True,0.0,HOME,ACCEPT,,False,HIGH_DIRECTION_ONLY,No supplied equal-line EV bound to the sharp side,clear_sharp_side_signal,no_proven_same_side_value,False,AWAY,REJECT,"bet_quality: UNFAVOURABLE (line EQUAL, price UNFAVOURABLE, EV SUPPLIED_FOR_OTHER_SIDE)",NO BET,REJECT,"bet_quality: UNFAVOURABLE (line EQUAL, price UNFAVOURABLE, EV SUPPLIED_FOR_OTHER_SIDE)",5303bb0970efbf9003c5b2cc5ca5892926455f65f15c299f326b321847ccfabb
1453,1475314653,69515,2026-09-25T17:56:25.103+00:00,2026-09-25T17:56:25+00:00,PARSED,,True,basketball,France - Nationale 1,Besancon vs Val De Seine,SPREAD,-6.5,-5,,"[{""price"": ""1.854"", ""arrow"": null, ""parenthetical"": null, ""highlighted"": false}, {""price"": ""1.813"", ""arrow"": null, ""parenthetical"": null, ""highlighted"": false}]","[{""price"": ""1.854"", ""arrow"": ""\u2b07"", ""parenthetical"": ""1.892"", ""highlighted"": false}, {""price"": ""1.884"", ""arrow"": ""\u2b06"", ""parenthetical"": ""1.847"", ""highlighted"": false}]",1.5,UP,AWAY,1.5,1.83,-1.5,1.83,,None (not equal lines),False,-3.5,HOME,ACCEPT,STALE,False,HIGH_DIRECTION_ONLY,,clear_sharp_side_signal,moved_too_far,False,AWAY,REJECT,"bet_quality: UNFAVOURABLE (line UNFAVOURABLE, price NOT_COMPARABLE, EV NOT_AVAILABLE_UNEQUAL_LINES)",NO BET,REJECT,"bet_quality: UNFAVOURABLE (line UNFAVOURABLE, price NOT_COMPARABLE, EV NOT_AVAILABLE_UNEQUAL_LINES)",00dc132d642962197a6fbc812588d9878610ff11aeafc6cc6c5e6e7609bd5b54
1454,1475314653,69516,2026-09-25T17:56:36.341+00:00,2026-09-25T17:56:36+00:00,PARSED,,True,basketball,France - Nationale 1,Besancon vs Val De Seine,SPREAD,-6.5,-3,,"[{""price"": ""1.854"", ""arrow"": null, ""parenthetical"": null, ""highlighted"": false}, {""price"": ""1.813"", ""arrow"": null, ""parenthetical"": null, ""highlighted"": false}]","[{""price"": ""1.574"", ""arrow"": ""\u2b07"", ""parenthetical"": ""1.606"", ""highlighted"": false}, {""price"": ""2.250"", ""arrow"": ""\u2b06"", ""parenthetical"": ""2.190"", ""highlighted"": false}]",3.5,UP,AWAY,3,1.83,-3,1.83,HOME,109.70%,True,0,HOME,ACCEPT,STALE,False,HIGH_DIRECTION_ONLY,No supplied equal-line EV bound to the sharp side,clear_sharp_side_signal,no_proven_same_side_value,False,AWAY,REJECT,"bet_quality: UNFAVOURABLE (line EQUAL, price UNFAVOURABLE, EV SUPPLIED_FOR_OTHER_SIDE)",NO BET,REJECT,"bet_quality: UNFAVOURABLE (line EQUAL, price UNFAVOURABLE, EV SUPPLIED_FOR_OTHER_SIDE)",b5bd648ba7b71adf2b76dfe8b9a2de5fc358707a25e946dd978b48d2f8cc0d1b
1456,1475314653,69518,2026-09-25T18:06:36.517+00:00,2026-09-25T18:06:36+00:00,PARSED,,True,basketball,Belgium - Cup,Avanti Brugge Knights vs Limburg United,SPREAD,25,26,,"[{""price"": ""1.847"", ""arrow"": null, ""parenthetical"": null, ""highlighted"": false}, {""price"": ""1.819"", ""arrow"": null, ""parenthetical"": null, ""highlighted"": false}]","[{""price"": ""1.581"", ""arrow"": ""\u2b07"", ""parenthetical"": ""1.735"", ""highlighted"": false}, {""price"": ""2.240"", ""arrow"": ""\u2b06"", ""parenthetical"": ""2.010"", ""highlighted"": false}]",1,UP,AWAY,-26,1.83,26,1.83,HOME,109.23%,True,0,HOME,ACCEPT,STALE,False,HIGH_DIRECTION_ONLY,No supplied equal-line EV bound to the sharp side,clear_sharp_side_signal,no_proven_same_side_value,False,AWAY,REJECT,"bet_quality: UNFAVOURABLE (line EQUAL, price UNFAVOURABLE, EV SUPPLIED_FOR_OTHER_SIDE)",NO BET,REJECT,"bet_quality: UNFAVOURABLE (line EQUAL, price UNFAVOURABLE, EV SUPPLIED_FOR_OTHER_SIDE)",4c38667718550401796f5b33e76a23ec43839ca07b6cced49533b83cfb0f3590
1457,1475314653,69521,2026-09-25T18:17:15.979+00:00,2026-09-25T18:17:15+00:00,PARSED,,True,basketball,France - Nationale 1,Toulouse vs Rennes,SPREAD,-8,-3.5,,"[{""price"": ""1.862"", ""arrow"": null, ""parenthetical"": null, ""highlighted"": false}, {""price"": ""1.806"", ""arrow"": null, ""parenthetical"": null, ""highlighted"": false}]","[{""price"": ""1.591"", ""arrow"": ""\u2b07"", ""parenthetical"": ""1.653"", ""highlighted"": false}, {""price"": ""2.220"", ""arrow"": ""\u2b06"", ""parenthetical"": ""2.120"", ""highlighted"": false}]",4.5,UP,AWAY,3.5,1.83,-3.5,1.83,HOME,108.47%,True,0.0,HOME,ACCEPT,STALE,False,HIGH_DIRECTION_ONLY,No supplied equal-line EV bound to the sharp side,clear_sharp_side_signal,no_proven_same_side_value,False,AWAY,REJECT,"bet_quality: UNFAVOURABLE (line EQUAL, price UNFAVOURABLE, EV SUPPLIED_FOR_OTHER_SIDE)",NO BET,REJECT,"bet_quality: UNFAVOURABLE (line EQUAL, price UNFAVOURABLE, EV SUPPLIED_FOR_OTHER_SIDE)",d441510ae93dc765306642176b2589c25f1518b5deab46006deea75382d7a877
1459,1475314653,69523,2026-09-25T18:17:57.671+00:00,2026-09-25T18:17:57+00:00,PARSED,,True,basketball,Hungary - Nemzeti Bajnoksag I.A,Budapesti Honved SE vs KTE-Duna Aszfalt,SPREAD,-7,4.5,,"[{""price"": ""1.813"", ""arrow"": null, ""parenthetical"": null, ""highlighted"": false}, {""price"": ""1.847"", ""arrow"": null, ""parenthetical"": null, ""highlighted"": false}]","[{""price"": ""1.694"", ""arrow"": ""\u2b07"", ""parenthetical"": ""1.925"", ""highlighted"": false}, {""price"": ""1.980"", ""arrow"": ""\u2b06"", ""parenthetical"": ""1.740"", ""highlighted"": false}]",11.5,UP,AWAY,-4.5,1.74,4.5,1.95,HOME,106.24%,True,0.0,HOME,ACCEPT,STALE,False,HIGH_DIRECTION_ONLY,No supplied equal-line EV bound to the sharp side,clear_sharp_side_signal,no_proven_same_side_value,False,AWAY,REJECT,"bet_quality: UNFAVOURABLE (line EQUAL, price UNFAVOURABLE, EV SUPPLIED_FOR_OTHER_SIDE)",NO BET,REJECT,"bet_quality: UNFAVOURABLE (line EQUAL, price UNFAVOURABLE, EV SUPPLIED_FOR_OTHER_SIDE)",8147974f8dc4c73db0a0be7912f5dcea7e88ad0202ab33fca9369cf4b086689f
1466,1475314653,69530,2026-09-25T18:25:41.349+00:00,2026-09-25T18:25:41+00:00,PARSED,,True,basketball,France - Nationale 1,Toulouse vs Rennes,SPREAD,-8,-5,,"[{""price"": ""1.862"", ""arrow"": null, ""parenthetical"": null, ""highlighted"": false}, {""price"": ""1.806"", ""arrow"": null, ""parenthetical"": null, ""highlighted"": false}]","[{""price"": ""1.602"", ""arrow"": ""\u2b07"", ""parenthetical"": ""1.632"", ""highlighted"": false}, {""price"": ""2.200"", ""arrow"": ""\u2b06"", ""parenthetical"": ""2.150"", ""highlighted"": false}]",3,UP,AWAY,5,1.83,-5,1.83,HOME,107.66%,True,0,HOME,ACCEPT,STALE,False,HIGH_DIRECTION_ONLY,No supplied equal-line EV bound to the sharp side,clear_sharp_side_signal,no_proven_same_side_value,False,AWAY,REJECT,"bet_quality: UNFAVOURABLE (line EQUAL, price UNFAVOURABLE, EV SUPPLIED_FOR_OTHER_SIDE)",NO BET,REJECT,"bet_quality: UNFAVOURABLE (line EQUAL, price UNFAVOURABLE, EV SUPPLIED_FOR_OTHER_SIDE)",474678c2a724944d8008b89bcb9468d16189c37933caa835ef2244e006130bb5
1472,1475314653,69539,2026-09-25T18:54:48.066+00:00,2026-09-25T18:54:48+00:00,PARSED,,True,basketball,Dominican Republic - Torneo Baloncesto Superior,San Lazaro vs El Millon,SPREAD,-5.5,-5.5,-2.5,"[{""price"": ""1.833"", ""arrow"": null, ""parenthetical"": null, ""highlighted"": false}, {""price"": ""1.833"", ""arrow"": null, ""parenthetical"": null, ""highlighted"": false}]","[{""price"": ""2.200"", ""arrow"": ""\u2b06"", ""parenthetical"": ""1.840"", ""highlighted"": false}, {""price"": ""1.546"", ""arrow"": ""\u2b07"", ""parenthetical"": ""1.819"", ""highlighted"": false}]",0.0,UNCHANGED,,,,,,AWAY,110.07%,,,AWAY,ACCEPT,STALE,,INSUFFICIENT,Unchanged opening/current line; price-only strategy not established,no_movement,insufficient_data,False,,AMBIGUOUS,No opening-to-current line movement; price-only target policy is unproven,AMBIGUOUS,AMBIGUOUS,No opening-to-current line movement; price-only target policy is unproven,faa61d37e42a4e7e9efcd60072a41fa749b4d854d4af8cb83a2475cbfb2d2fb4
1473,1475314653,69540,2026-09-25T18:57:44.415+00:00,2026-09-25T18:57:44+00:00,PARSED,,True,basketball,Germany - Pro A,VFL Kirchheim Knights vs Wolmirstedt,SPREAD,-8.5,-3.5,-6,"[{""price"": ""1.892"", ""arrow"": null, ""parenthetical"": null, ""highlighted"": false}, {""price"": ""1.847"", ""arrow"": null, ""parenthetical"": null, ""highlighted"": false}]","[{""price"": ""1.625"", ""arrow"": ""\u2b07"", ""parenthetical"": ""1.869"", ""highlighted"": false}, {""price"": ""2.160"", ""arrow"": ""\u2b06"", ""parenthetical"": ""1.862"", ""highlighted"": false}]",5.0,UP,AWAY,3.5,1.83,-3.5,1.83,HOME,106.02%,True,0.0,HOME,ACCEPT,STALE,False,HIGH_DIRECTION_ONLY,No supplied equal-line EV bound to the sharp side,clear_sharp_side_signal,no_proven_same_side_value,False,AWAY,REJECT,"bet_quality: UNFAVOURABLE (line EQUAL, price UNFAVOURABLE, EV SUPPLIED_FOR_OTHER_SIDE)",NO BET,REJECT,"bet_quality: UNFAVOURABLE (line EQUAL, price UNFAVOURABLE, EV SUPPLIED_FOR_OTHER_SIDE)",201245e47488330929c2489ca6276fbef9e664f2516d87d759eebe451e037475
1482,1475314653,69552,2026-09-25T19:37:10.388+00:00,2026-09-25T19:37:10+00:00,PARSED,,True,basketball,New Zealand - NBL Women,Tokomanawa Queens vs Northern Kahu,SPREAD,-14,-2.5,,"[{""price"": ""1.854"", ""arrow"": null, ""parenthetical"": null, ""highlighted"": false}, {""price"": ""1.813"", ""arrow"": null, ""parenthetical"": null, ""highlighted"": false}]","[{""price"": ""1.606"", ""arrow"": ""\u2b07"", ""parenthetical"": ""1.675"", ""highlighted"": false}, {""price"": ""2.100"", ""arrow"": ""\u2b06"", ""parenthetical"": ""2.000"", ""highlighted"": false}]",11.5,UP,AWAY,2.5,1.80,-2.5,1.86,HOME,107.35%,True,0.0,HOME,ACCEPT,STALE,False,HIGH_DIRECTION_ONLY,No supplied equal-line EV bound to the sharp side,clear_sharp_side_signal,no_proven_same_side_value,False,AWAY,REJECT,"bet_quality: UNFAVOURABLE (line EQUAL, price UNFAVOURABLE, EV SUPPLIED_FOR_OTHER_SIDE)",NO BET,REJECT,"bet_quality: UNFAVOURABLE (line EQUAL, price UNFAVOURABLE, EV SUPPLIED_FOR_OTHER_SIDE)",ba68c436a2fa25dcba6ccd72d036bb9e175a5f8c45efa46cd98b519f0521eadc
1485,1475314653,69555,2026-09-25T19:53:15.681+00:00,2026-09-25T19:53:15+00:00,PARSED,,True,basketball,Japan - B2 League,Ehime Orange Vikings vs Aomori Wats,SPREAD,-13.5,-3.5,,"[{""price"": ""1.862"", ""arrow"": null, ""parenthetical"": null, ""highlighted"": false}, {""price"": ""1.806"", ""arrow"": null, ""parenthetical"": null, ""highlighted"": false}]","[{""price"": ""1.584"", ""arrow"": ""\u2b07"", ""parenthetical"": ""1.787"", ""highlighted"": false}, {""price"": ""2.130"", ""arrow"": ""\u2b06"", ""parenthetical"": ""1.877"", ""highlighted"": false}]",10.0,UP,AWAY,3.5,1.83,-3.5,1.83,HOME,107.12%,True,0.0,HOME,ACCEPT,STALE,False,HIGH_DIRECTION_ONLY,No supplied equal-line EV bound to the sharp side,clear_sharp_side_signal,no_proven_same_side_value,False,AWAY,REJECT,"bet_quality: UNFAVOURABLE (line EQUAL, price UNFAVOURABLE, EV SUPPLIED_FOR_OTHER_SIDE)",NO BET,REJECT,"bet_quality: UNFAVOURABLE (line EQUAL, price UNFAVOURABLE, EV SUPPLIED_FOR_OTHER_SIDE)",a3ef995746b171c384a2f1640b0918562b7daa511ac22dbf03ae5cc6fffc4af3
1488,1475314653,69558,2026-09-25T19:59:48.522+00:00,2026-09-25T19:59:48+00:00,PARSED,,True,basketball,Serbia - 1 ZLS Women,ZKK Kraljevo vs RAS Beograd,SPREAD,-5,2,-1,"[{""price"": ""1.884"", ""arrow"": null, ""parenthetical"": null, ""highlighted"": false}, {""price"": ""1.724"", ""arrow"": null, ""parenthetical"": null, ""highlighted"": false}]","[{""price"": ""1.769"", ""arrow"": ""\u2b07"", ""parenthetical"": ""1.854"", ""highlighted"": false}, {""price"": ""1.833"", ""arrow"": ""\u2b06"", ""parenthetical"": ""1.751"", ""highlighted"": false}]",7,UP,AWAY,3,1.83,-3,1.83,,None (not equal lines),False,5,AWAY,ACCEPT,STALE,True,HIGH_DIRECTION_ONLY,Cross-book favourite disagreement; Bet365 orientation needs verification,clear_sharp_side_signal,ambiguous,False,,AMBIGUOUS,Pinnacle (2) and Bet365 (-3) favour different teams by 5 points: the Bet365 spread appears to have an unresolved sign reference; do not assume a perspective correction,AMBIGUOUS,AMBIGUOUS,Pinnacle (2) and Bet365 (-3) favour different teams by 5 points: the Bet365 spread appears to have an unresolved sign reference; do not assume a perspective correction,0d7613e19e7eca5478df1d5340c516e95370fb1058bfb513af8ea9a150b2d944
1491,1475314653,69561,2026-09-25T20:04:04.471+00:00,2026-09-25T20:04:04+00:00,DUPLICATE,,True,basketball,Serbia - 1 ZLS Women,ZKK Kraljevo vs RAS Beograd,SPREAD,-5,1.5,2,"[{""price"": ""1.884"", ""arrow"": null, ""parenthetical"": null, ""highlighted"": false}, {""price"": ""1.724"", ""arrow"": null, ""parenthetical"": null, ""highlighted"": false}]","[{""price"": ""1.781"", ""arrow"": ""\u2b06"", ""parenthetical"": ""1.763"", ""highlighted"": false}, {""price"": ""1.819"", ""arrow"": ""\u2b07"", ""parenthetical"": ""1.840"", ""highlighted"": false}]",6.5,UP,AWAY,3,1.83,-3,1.83,,None (not equal lines),False,4.5,AWAY,ACCEPT,,True,HIGH_DIRECTION_ONLY,Cross-book favourite disagreement; Bet365 orientation needs verification,clear_sharp_side_signal,ambiguous,True,,AMBIGUOUS,Pinnacle (1.5) and Bet365 (-3) favour different teams by 4.5 points: the Bet365 spread appears to have an unresolved sign reference; do not assume a perspective correction,AMBIGUOUS,AMBIGUOUS,Pinnacle (1.5) and Bet365 (-3) favour different teams by 4.5 points: the Bet365 spread appears to have an unresolved sign reference; do not assume a perspective correction,2be5ca18ee8c3b3f58f1d3fce7a702c41827f0c15a992fd768d7c4bb5e7a33d5
1502,1475314653,69572,2026-09-25T20:09:39.424+00:00,2026-09-25T20:09:39+00:00,PARSED,,True,basketball,Italy - Lega A,Pallacanestro Reggiana vs Aquila Trento,TOTALS,165.5,166.5,,"[{""price"": ""1.909"", ""arrow"": null, ""parenthetical"": null, ""highlighted"": false}, {""price"": ""1.877"", ""arrow"": null, ""parenthetical"": null, ""highlighted"": false}]","[{""price"": ""1.970"", ""arrow"": ""\u2b06"", ""parenthetical"": ""1.917"", ""highlighted"": false}, {""price"": ""1.826"", ""arrow"": ""\u2b07"", ""parenthetical"": ""1.869"", ""highlighted"": false}]",1.0,UP,OVER,168.5,1.86,168.5,1.86,,None (not equal lines),False,-2.0,UNDER,ACCEPT,QUEUED,False,HIGH_DIRECTION_ONLY,,clear_sharp_side_signal,moved_too_far,False,OVER,REJECT,"bet_quality: UNFAVOURABLE (line UNFAVOURABLE, price NOT_COMPARABLE, EV NOT_AVAILABLE_UNEQUAL_LINES)",NO BET,REJECT,"bet_quality: UNFAVOURABLE (line UNFAVOURABLE, price NOT_COMPARABLE, EV NOT_AVAILABLE_UNEQUAL_LINES)",fc6f23c89646400459d255dae0ed31b3fd4352312b4e06b94264ef33936743bd
