alert_id,channel_id,message_id,received_at,source_timestamp,stored_status,duplicate_of,in_analysis,sport,competition,fixture,market,pinnacle_opening_line,pinnacle_current_line,pinnacle_previous_line,pinnacle_opening_prices,pinnacle_current_prices,movement_magnitude,movement_direction,inferred_sharp_side,bet365_sharp_line,bet365_sharp_price,bet365_opposite_line,bet365_opposite_price,oddsnotifier_highlighted_side,supplied_ev,equal_line,line_advantage,current_production_interpretation,current_production_decision,stored_production_decision,agrees_with_sharp_strategy,confidence,ambiguity_reason,signal,offer_assessment,recent_reversal,new_side,new_decision,new_reason,new_strategy_decision,diagnostic_min_movement_zero_decision,diagnostic_reason,raw_sha256,review_stratum,review_result,review_note
7,1475314653,67964,2026-09-23T13:54:49.736+00:00,2026-09-23T13:54:49+00:00,IGNORED,,True,basketball,World - Club Friendlies,BC Apollon Limassol vs Anorthosis Famagusta,SPREAD,-1.5,-1.5,,"[{""price"": ""1.900"", ""arrow"": null, ""parenthetical"": null, ""highlighted"": false}, {""price"": ""1.840"", ""arrow"": null, ""parenthetical"": null, ""highlighted"": false}]","[{""price"": ""1.552"", ""arrow"": ""\u2b07"", ""parenthetical"": ""1.628"", ""highlighted"": false}, {""price"": ""2.300"", ""arrow"": ""\u2b06"", ""parenthetical"": ""2.150"", ""highlighted"": false}]",0.0,UNCHANGED,,,,,,HOME,111.47%,,,HOME,ACCEPT,,,INSUFFICIENT,Unchanged opening/current line; price-only strategy not established,no_movement,insufficient_data,False,,AMBIGUOUS,No opening-to-current line movement; price-only target policy is unproven,AMBIGUOUS,AMBIGUOUS,No opening-to-current line movement; price-only target policy is unproven,35c22d53e2236b3569e1df5ef64a872b47fd89bd3cd6056461ddd46d600c63a2,AMBIGUOUS,CONSISTENT_WITH_DOCUMENTED_RULE; policy/format limitations retained,Insufficient mapping/baseline or unresolved book orientation; no executable target.
10,1475314653,67967,2026-09-23T13:57:22.795+00:00,2026-09-23T13:57:22+00:00,INVALID,,True,basketball,WNBA,New York Liberty vs Atlanta Dream,SPREAD,-1.5,-2,,"[{""price"": ""1.909"", ""arrow"": null, ""parenthetical"": null, ""highlighted"": false}, {""price"": ""1.909"", ""arrow"": null, ""parenthetical"": null, ""highlighted"": false}]","[{""price"": ""1.884"", ""arrow"": ""\u2b07"", ""parenthetical"": ""1.917"", ""highlighted"": false}, {""price"": ""1.970"", ""arrow"": ""\u2b06"", ""parenthetical"": ""1.934"", ""highlighted"": false}]",0.5,DOWN,HOME,-2,1.54,2,2.40,,None (not equal lines),True,0,,AMBIGUOUS,,,HIGH_DIRECTION_ONLY,No supplied equal-line EV bound to the sharp side,clear_sharp_side_signal,no_proven_same_side_value,False,,AMBIGUOUS,Bet365 spread line equals Pinnacle as displayed but OddsNotifier reports unequal lines: spread sign reference cannot be normalised safely,AMBIGUOUS,AMBIGUOUS,Bet365 spread line equals Pinnacle as displayed but OddsNotifier reports unequal lines: spread sign reference cannot be normalised safely,e1919ed17cb46787307310d09461e41068b865f9eb232ca754f9f8c968d38466,AMBIGUOUS,CONSISTENT_WITH_DOCUMENTED_RULE; policy/format limitations retained,Insufficient mapping/baseline or unresolved book orientation; no executable target.
46,1475314653,67998,2026-09-23T14:32:40.410+00:00,2026-09-23T14:32:40+00:00,INVALID,,True,basketball,Finland - Suomen Cup,Kipina Basket vs Kauhajoki Karhu Basket,TOTALS,170.5,170.5,169.5,"[{""price"": ""1.806"", ""arrow"": null, ""parenthetical"": null, ""highlighted"": false}, {""price"": ""1.793"", ""arrow"": null, ""parenthetical"": null, ""highlighted"": false}]","[{""price"": ""1.826"", ""arrow"": ""\u2b06"", ""parenthetical"": ""1.757"", ""highlighted"": false}, {""price"": ""1.840"", ""arrow"": ""\u2b07"", ""parenthetical"": ""1.917"", ""highlighted"": false}]",0.0,UNCHANGED,,,,,,,None (not equal lines),,,OVER,ACCEPT,,,INSUFFICIENT,Unchanged opening/current line; price-only strategy not established,no_movement,insufficient_data,False,,AMBIGUOUS,No opening-to-current line movement; price-only target policy is unproven,AMBIGUOUS,AMBIGUOUS,No opening-to-current line movement; price-only target policy is unproven,67c48b8b2d6cf55ef25b77001e4616f9ed098073f8f238a30cdb8a4d83b8db9e,AMBIGUOUS,CONSISTENT_WITH_DOCUMENTED_RULE; policy/format limitations retained,Insufficient mapping/baseline or unresolved book orientation; no executable target.
165,1475314653,68123,2026-09-23T16:38:12.289+00:00,2026-09-23T16:38:12+00:00,PARSED_PARTIAL,,True,basketball,Denmark - Basketligaen,BMS Herlev vs Gladsaxe BK,SPREAD,-6.5,3,,"[{""price"": ""1.869"", ""arrow"": null, ""parenthetical"": null, ""highlighted"": false}, {""price"": ""1.869"", ""arrow"": null, ""parenthetical"": null, ""highlighted"": false}]","[{""price"": ""1.980"", ""arrow"": ""\u2b06"", ""parenthetical"": ""1.833"", ""highlighted"": false}, {""price"": ""1.763"", ""arrow"": ""\u2b07"", ""parenthetical"": ""1.900"", ""highlighted"": false}]",9.5,UP,AWAY,1.5,1.74,-1.5,1.95,,None (not equal lines),False,4.5,AWAY,ACCEPT,,True,HIGH_DIRECTION_ONLY,Cross-book favourite disagreement; Bet365 orientation needs verification,clear_sharp_side_signal,ambiguous,False,,AMBIGUOUS,Pinnacle (3) and Bet365 (-1.5) favour different teams by 4.5 points: the Bet365 spread appears to have an unresolved sign reference; do not assume a perspective correction,AMBIGUOUS,AMBIGUOUS,Pinnacle (3) and Bet365 (-1.5) favour different teams by 4.5 points: the Bet365 spread appears to have an unresolved sign reference; do not assume a perspective correction,a235ec3807f0abda7609e8c5821c7c88aac6de447c5cb69049f7de3df7ab1cd9,AMBIGUOUS,CONSISTENT_WITH_DOCUMENTED_RULE; policy/format limitations retained,Insufficient mapping/baseline or unresolved book orientation; no executable target.
170,1475314653,68128,2026-09-23T16:39:04.225+00:00,2026-09-23T16:39:04+00:00,PARSED_PARTIAL,,True,basketball,Denmark - Basketligaen,BMS Herlev vs Gladsaxe BK,SPREAD,-6.5,3.5,,"[{""price"": ""1.869"", ""arrow"": null, ""parenthetical"": null, ""highlighted"": false}, {""price"": ""1.869"", ""arrow"": null, ""parenthetical"": null, ""highlighted"": false}]","[{""price"": ""1.925"", ""arrow"": ""\u2b06"", ""parenthetical"": ""1.884"", ""highlighted"": false}, {""price"": ""1.813"", ""arrow"": ""\u2b07"", ""parenthetical"": ""1.847"", ""highlighted"": false}]",10.0,UP,AWAY,1.5,1.74,-1.5,1.95,,None (not equal lines),False,5.0,AWAY,ACCEPT,,True,HIGH_DIRECTION_ONLY,Cross-book favourite disagreement; Bet365 orientation needs verification,clear_sharp_side_signal,ambiguous,False,,AMBIGUOUS,Pinnacle (3.5) and Bet365 (-1.5) favour different teams by 5.0 points: the Bet365 spread appears to have an unresolved sign reference; do not assume a perspective correction,AMBIGUOUS,AMBIGUOUS,Pinnacle (3.5) and Bet365 (-1.5) favour different teams by 5.0 points: the Bet365 spread appears to have an unresolved sign reference; do not assume a perspective correction,0e219da49bc5478e55d6bd1ef6cf8452ee7e02d71390411e481b19efedc50b0e,AMBIGUOUS,CONSISTENT_WITH_DOCUMENTED_RULE; policy/format limitations retained,Insufficient mapping/baseline or unresolved book orientation; no executable target.
173,1475314653,68131,2026-09-23T16:39:55.720+00:00,2026-09-23T16:39:55+00:00,PARSED_PARTIAL,,True,basketball,Denmark - Basketligaen,BMS Herlev vs Gladsaxe BK,SPREAD,-6.5,4,,"[{""price"": ""1.869"", ""arrow"": null, ""parenthetical"": null, ""highlighted"": false}, {""price"": ""1.869"", ""arrow"": null, ""parenthetical"": null, ""highlighted"": false}]","[{""price"": ""1.869"", ""arrow"": ""\u2b06"", ""parenthetical"": ""1.840"", ""highlighted"": false}, {""price"": ""1.869"", ""arrow"": ""\u2b07"", ""parenthetical"": ""1.900"", ""highlighted"": false}]",10.5,UP,AWAY,1.5,1.74,-1.5,1.95,,None (not equal lines),False,5.5,AWAY,ACCEPT,,True,HIGH_DIRECTION_ONLY,Cross-book favourite disagreement; Bet365 orientation needs verification,clear_sharp_side_signal,ambiguous,False,,AMBIGUOUS,Pinnacle (4) and Bet365 (-1.5) favour different teams by 5.5 points: the Bet365 spread appears to have an unresolved sign reference; do not assume a perspective correction,AMBIGUOUS,AMBIGUOUS,Pinnacle (4) and Bet365 (-1.5) favour different teams by 5.5 points: the Bet365 spread appears to have an unresolved sign reference; do not assume a perspective correction,4852f9fc756e384c84cff47a54dcdd39c5769ccc848a212c2fcc66abeebbbf20,AMBIGUOUS,CONSISTENT_WITH_DOCUMENTED_RULE; policy/format limitations retained,Insufficient mapping/baseline or unresolved book orientation; no executable target.
214,1475314653,68176,2026-09-23T18:56:59.636+00:00,2026-09-23T18:56:59+00:00,AMBIGUOUS,,True,basketball,Chile - LNB,CD Castro vs CSD Colo Colo,MONEYLINE,,,,"[{""price"": ""2.520"", ""arrow"": null, ""parenthetical"": null, ""highlighted"": false}, {""price"": ""1.374"", ""arrow"": null, ""parenthetical"": null, ""highlighted"": false}]","[{""price"": ""1.980"", ""arrow"": ""\u2b07"", ""parenthetical"": ""2.120"", ""highlighted"": false}, {""price"": ""1.645"", ""arrow"": ""\u2b06"", ""parenthetical"": ""1.555"", ""highlighted"": false}]",,,,,,,,UNVERIFIED_POSITION_1,111.34%,,,,AMBIGUOUS,,,INSUFFICIENT,Missing opening/current line or unverified market/quote mapping,insufficient_data,insufficient_data,False,,AMBIGUOUS,UNSUPPORTED_MAPPING: basketball MONEYLINE has no production-verified layout/ordering (Invalid or unsupported linked label: '[CD Castro vs CSD Colo Colo](https://oddshub.io/basketball/chile-lnb-relegation-round/74758890?market=ML)'),AMBIGUOUS,AMBIGUOUS,UNSUPPORTED_MAPPING: basketball MONEYLINE has no production-verified layout/ordering (Invalid or unsupported linked label: '[CD Castro vs CSD Colo Colo](https://oddshub.io/basketball/chile-lnb-relegation-round/74758890?market=ML)'),b0fb27e53f4576b86c7a9904b04b3fb2eff2adbd845794bf24233fa1cf35413b,AMBIGUOUS,CONSISTENT_WITH_DOCUMENTED_RULE; policy/format limitations retained,Insufficient mapping/baseline or unresolved book orientation; no executable target.
222,1475314653,68184,2026-09-23T19:28:37.872+00:00,2026-09-23T19:28:37+00:00,AMBIGUOUS,,True,basketball,World - Club Friendlies,CD Campinho vs Illiabum Clube,MONEYLINE,,,,"[{""price"": ""8.410"", ""arrow"": null, ""parenthetical"": null, ""highlighted"": false}, {""price"": ""1.012"", ""arrow"": null, ""parenthetical"": null, ""highlighted"": false}]","[{""price"": ""2.720"", ""arrow"": ""\u2b07"", ""parenthetical"": ""3.220"", ""highlighted"": false}, {""price"": ""1.357"", ""arrow"": ""\u2b06"", ""parenthetical"": ""1.247"", ""highlighted"": false}]",,,,,,,,UNVERIFIED_POSITION_1,133.92%,,,,AMBIGUOUS,,,INSUFFICIENT,Missing opening/current line or unverified market/quote mapping,insufficient_data,insufficient_data,False,,AMBIGUOUS,UNSUPPORTED_MAPPING: basketball MONEYLINE has no production-verified layout/ordering (Invalid or unsupported linked label: '[CD Campinho vs Illiabum Clube](https://oddshub.io/basketball/international-club-friendlies/74879398?market=ML)'),AMBIGUOUS,AMBIGUOUS,UNSUPPORTED_MAPPING: basketball MONEYLINE has no production-verified layout/ordering (Invalid or unsupported linked label: '[CD Campinho vs Illiabum Clube](https://oddshub.io/basketball/international-club-friendlies/74879398?market=ML)'),206f93a4a16fa3e1c41273b677f4bb69802b73ceea710de8392d399557999f9a,AMBIGUOUS,CONSISTENT_WITH_DOCUMENTED_RULE; policy/format limitations retained,Insufficient mapping/baseline or unresolved book orientation; no executable target.
254,1475314653,68216,2026-09-23T20:04:51.709+00:00,2026-09-23T20:04:51+00:00,PARSED,,True,basketball,Europe - Eurocup Qualification Women,Chartres vs Levharti Chomutov,SPREAD,-14.5,-14.5,,"[{""price"": ""1.826"", ""arrow"": null, ""parenthetical"": null, ""highlighted"": false}, {""price"": ""1.840"", ""arrow"": null, ""parenthetical"": null, ""highlighted"": false}]","[{""price"": ""1.549"", ""arrow"": ""\u2b07"", ""parenthetical"": ""1.740"", ""highlighted"": false}, {""price"": ""2.190"", ""arrow"": ""\u2b06"", ""parenthetical"": ""1.925"", ""highlighted"": false}]",0.0,UNCHANGED,,,,,,HOME,109.76%,,,HOME,ACCEPT,STALE,,INSUFFICIENT,Unchanged opening/current line; price-only strategy not established,no_movement,insufficient_data,False,,AMBIGUOUS,No opening-to-current line movement; price-only target policy is unproven,AMBIGUOUS,AMBIGUOUS,No opening-to-current line movement; price-only target policy is unproven,c4bfde2b964d931bd10723f9f16222452d7c8e339e1beee5f9d82e46f23f369b,AMBIGUOUS,CONSISTENT_WITH_DOCUMENTED_RULE; policy/format limitations retained,Insufficient mapping/baseline or unresolved book orientation; no executable target.
283,1475314653,68245,2026-09-23T21:29:07.594+00:00,2026-09-23T21:29:07+00:00,AMBIGUOUS,,True,basketball,Chile - LNB,CD Castro vs CSD Colo Colo,MONEYLINE,,,,"[{""price"": ""2.520"", ""arrow"": null, ""parenthetical"": null, ""highlighted"": false}, {""price"": ""1.374"", ""arrow"": null, ""parenthetical"": null, ""highlighted"": false}]","[{""price"": ""1.628"", ""arrow"": ""\u2b07"", ""parenthetical"": ""1.724"", ""highlighted"": false}, {""price"": ""2.000"", ""arrow"": ""\u2b06"", ""parenthetical"": ""1.877"", ""highlighted"": false}]",,,,,,,,UNVERIFIED_POSITION_1,117.76%,,,,AMBIGUOUS,,,INSUFFICIENT,Missing opening/current line or unverified market/quote mapping,insufficient_data,insufficient_data,False,,AMBIGUOUS,UNSUPPORTED_MAPPING: basketball MONEYLINE has no production-verified layout/ordering (Invalid or unsupported linked label: '[CD Castro vs CSD Colo Colo](https://oddshub.io/basketball/chile-lnb-relegation-round/74758890?market=ML)'),AMBIGUOUS,AMBIGUOUS,UNSUPPORTED_MAPPING: basketball MONEYLINE has no production-verified layout/ordering (Invalid or unsupported linked label: '[CD Castro vs CSD Colo Colo](https://oddshub.io/basketball/chile-lnb-relegation-round/74758890?market=ML)'),d6a709c3eef233a0a9d819a65cb9823e83ee44d73f4773eb915044d5d92ae4f4,AMBIGUOUS,CONSISTENT_WITH_DOCUMENTED_RULE; policy/format limitations retained,Insufficient mapping/baseline or unresolved book orientation; no executable target.
318,1475314653,68282,2026-09-23T23:19:03.835+00:00,2026-09-23T23:19:03+00:00,AMBIGUOUS,,True,basketball,WNBA,New York Liberty vs Atlanta Dream,SPREAD,-1.5,4.5,,"[{""price"": ""1.909"", ""arrow"": null, ""parenthetical"": null, ""highlighted"": false}, {""price"": ""1.909"", ""arrow"": null, ""parenthetical"": null, ""highlighted"": false}]","[{""price"": ""1.961"", ""arrow"": ""\u2b06"", ""parenthetical"": ""1.952"", ""highlighted"": false}, {""price"": ""1.862"", ""arrow"": ""\u2b07"", ""parenthetical"": ""1.900"", ""highlighted"": false}]",6.0,UP,AWAY,-4.5,1.34,4.5,3.05,,None (not equal lines),True,0.0,,AMBIGUOUS,,,HIGH_DIRECTION_ONLY,No supplied equal-line EV bound to the sharp side,clear_sharp_side_signal,no_proven_same_side_value,False,,AMBIGUOUS,Bet365 spread line equals Pinnacle as displayed but OddsNotifier reports unequal lines: spread sign reference cannot be normalised safely,AMBIGUOUS,AMBIGUOUS,Bet365 spread line equals Pinnacle as displayed but OddsNotifier reports unequal lines: spread sign reference cannot be normalised safely,0a888f9cd18c8d7aaf4e0e12d649ef33cbd02af62dd29e99b54a8a86652bc148,AMBIGUOUS,CONSISTENT_WITH_DOCUMENTED_RULE; policy/format limitations retained,Insufficient mapping/baseline or unresolved book orientation; no executable target.
364,1475314653,68329,2026-09-24T01:32:49.684+00:00,2026-09-24T01:32:49+00:00,PARSED_PARTIAL,,True,basketball,WNBA,Seattle Storm vs Dallas Wings,SPREAD,9.5,7.5,,"[{""price"": ""1.909"", ""arrow"": null, ""parenthetical"": null, ""highlighted"": false}, {""price"": ""1.909"", ""arrow"": null, ""parenthetical"": null, ""highlighted"": false}]","[{""price"": ""1.869"", ""arrow"": ""\u2b07"", ""parenthetical"": ""1.917"", ""highlighted"": false}, {""price"": ""1.990"", ""arrow"": ""\u2b06"", ""parenthetical"": ""1.934"", ""highlighted"": false}]",2.0,DOWN,HOME,-9.5,1.80,9.5,1.83,,None (not equal lines),False,-17.0,,AMBIGUOUS,,,HIGH_DIRECTION_ONLY,Cross-book favourite disagreement; Bet365 orientation needs verification,clear_sharp_side_signal,ambiguous,False,,AMBIGUOUS,Pinnacle (7.5) and Bet365 (-9.5) favour different teams by 17.0 points: the Bet365 spread appears to have an unresolved sign reference; do not assume a perspective correction,AMBIGUOUS,AMBIGUOUS,Pinnacle (7.5) and Bet365 (-9.5) favour different teams by 17.0 points: the Bet365 spread appears to have an unresolved sign reference; do not assume a perspective correction,61e51c613c45d46ec87487598ff814d5d263de7041b6c7c0d18805a70d8dee2c,AMBIGUOUS,CONSISTENT_WITH_DOCUMENTED_RULE; policy/format limitations retained,Insufficient mapping/baseline or unresolved book orientation; no executable target.
402,1475314653,68367,2026-09-24T02:55:01.710+00:00,2026-09-24T02:55:01+00:00,PARSED_PARTIAL,,True,basketball,Puerto Rico - Superior Nacional Women,Gigantes de Carolina vs Atenienses de Manati,SPREAD,2,-2.5,,"[{""price"": ""1.847"", ""arrow"": null, ""parenthetical"": null, ""highlighted"": false}, {""price"": ""1.813"", ""arrow"": null, ""parenthetical"": null, ""highlighted"": false}]","[{""price"": ""1.746"", ""arrow"": ""\u2b07"", ""parenthetical"": ""1.813"", ""highlighted"": false}, {""price"": ""1.917"", ""arrow"": ""\u2b06"", ""parenthetical"": ""1.854"", ""highlighted"": false}]",4.5,DOWN,HOME,1.5,1.83,-1.5,1.83,,None (not equal lines),False,4.0,HOME,ACCEPT,,True,HIGH_DIRECTION_ONLY,Cross-book favourite disagreement; Bet365 orientation needs verification,clear_sharp_side_signal,ambiguous,False,,AMBIGUOUS,Pinnacle (-2.5) and Bet365 (1.5) favour different teams by 4.0 points: the Bet365 spread appears to have an unresolved sign reference; do not assume a perspective correction,AMBIGUOUS,AMBIGUOUS,Pinnacle (-2.5) and Bet365 (1.5) favour different teams by 4.0 points: the Bet365 spread appears to have an unresolved sign reference; do not assume a perspective correction,d28afbe37fb75f7fc7ce776bb3ee8bf02eb739bd87df7ce2ff080caa693a8eb6,AMBIGUOUS,CONSISTENT_WITH_DOCUMENTED_RULE; policy/format limitations retained,Insufficient mapping/baseline or unresolved book orientation; no executable target.
410,1475314653,68375,2026-09-24T03:06:46.739+00:00,2026-09-24T03:06:46+00:00,AMBIGUOUS,,True,basketball,Puerto Rico - Superior Nacional Women,Gigantes de Carolina vs Atenienses de Manati,MONEYLINE,,,,"[{""price"": ""2.020"", ""arrow"": null, ""parenthetical"": null, ""highlighted"": false}, {""price"": ""1.675"", ""arrow"": null, ""parenthetical"": null, ""highlighted"": false}]","[{""price"": ""1.561"", ""arrow"": ""\u2b07"", ""parenthetical"": ""1.591"", ""highlighted"": false}, {""price"": ""2.200"", ""arrow"": ""\u2b06"", ""parenthetical"": ""2.150"", ""highlighted"": false}]",,,,,,,,UNVERIFIED_POSITION_1,116.58%,,,,AMBIGUOUS,,,INSUFFICIENT,Missing opening/current line or unverified market/quote mapping,insufficient_data,insufficient_data,False,,AMBIGUOUS,UNSUPPORTED_MAPPING: basketball MONEYLINE has no production-verified layout/ordering (Invalid or unsupported linked label: '[Gigantes de Carolina vs Atenienses de Manati](https://oddshub.io/basketball/puerto-rico-bsnf-women/74318430?market=ML)'),AMBIGUOUS,AMBIGUOUS,UNSUPPORTED_MAPPING: basketball MONEYLINE has no production-verified layout/ordering (Invalid or unsupported linked label: '[Gigantes de Carolina vs Atenienses de Manati](https://oddshub.io/basketball/puerto-rico-bsnf-women/74318430?market=ML)'),438d6bc46cc222e435337d26a549a2b26b05ee38b97f394c300f82016953e253,AMBIGUOUS,CONSISTENT_WITH_DOCUMENTED_RULE; policy/format limitations retained,Insufficient mapping/baseline or unresolved book orientation; no executable target.
485,1475314653,68450,2026-09-24T06:06:18.295+00:00,2026-09-24T06:06:18+00:00,AMBIGUOUS,,True,basketball,Asian Games - Women,Chinese Taipei vs Philippines,MONEYLINE,,,,"[{""price"": ""1.704"", ""arrow"": null, ""parenthetical"": null, ""highlighted"": false}, {""price"": ""2.170"", ""arrow"": null, ""parenthetical"": null, ""highlighted"": false}]","[{""price"": ""1.476"", ""arrow"": ""\u2b07"", ""parenthetical"": ""1.526"", ""highlighted"": false}, {""price"": ""2.670"", ""arrow"": ""\u2b06"", ""parenthetical"": ""2.530"", ""highlighted"": false}]",,,,,,,,UNVERIFIED_POSITION_1,119.95%,,,,AMBIGUOUS,,,INSUFFICIENT,Missing opening/current line or unverified market/quote mapping,insufficient_data,insufficient_data,False,,AMBIGUOUS,UNSUPPORTED_MAPPING: basketball MONEYLINE has no production-verified layout/ordering (Invalid or unsupported linked label: '[Chinese Taipei vs Philippines](https://oddshub.io/basketball/international-asian-games-women-knockout-stage/74977660?market=ML)'),AMBIGUOUS,AMBIGUOUS,UNSUPPORTED_MAPPING: basketball MONEYLINE has no production-verified layout/ordering (Invalid or unsupported linked label: '[Chinese Taipei vs Philippines](https://oddshub.io/basketball/international-asian-games-women-knockout-stage/74977660?market=ML)'),2908ded6d514f0e1666329d90c96dc0ae1aa57aedc9172a3958c810c17a59dac,AMBIGUOUS,CONSISTENT_WITH_DOCUMENTED_RULE; policy/format limitations retained,Insufficient mapping/baseline or unresolved book orientation; no executable target.
499,1475314653,68464,2026-09-24T06:31:11.808+00:00,2026-09-24T06:31:11+00:00,AMBIGUOUS,,True,basketball,Puerto Rico - Superior Nacional Women,Cangrejeras de Santurce vs Cariduros de Fajardo,MONEYLINE,,,,"[{""price"": ""1.140"", ""arrow"": null, ""parenthetical"": null, ""highlighted"": false}, {""price"": ""4.090"", ""arrow"": null, ""parenthetical"": null, ""highlighted"": false}]","[{""price"": ""1.333"", ""arrow"": ""\u2b06"", ""parenthetical"": ""1.303"", ""highlighted"": false}, {""price"": ""2.810"", ""arrow"": ""\u2b07"", ""parenthetical"": ""2.940"", ""highlighted"": false}]",,,,,,,,UNVERIFIED_POSITION_2,113.41%,,,,AMBIGUOUS,,,INSUFFICIENT,Missing opening/current line or unverified market/quote mapping,insufficient_data,insufficient_data,False,,AMBIGUOUS,UNSUPPORTED_MAPPING: basketball MONEYLINE has no production-verified layout/ordering (Invalid or unsupported linked label: '[Cangrejeras de Santurce vs Cariduros de Fajardo](https://oddshub.io/basketball/puerto-rico-bsnf-women/74318432?market=ML)'),AMBIGUOUS,AMBIGUOUS,UNSUPPORTED_MAPPING: basketball MONEYLINE has no production-verified layout/ordering (Invalid or unsupported linked label: '[Cangrejeras de Santurce vs Cariduros de Fajardo](https://oddshub.io/basketball/puerto-rico-bsnf-women/74318432?market=ML)'),6e3b3ca316eb45e4ce96fbb9c325b8e5342e9e56b5e8e33950ba6cc2d997bfaf,AMBIGUOUS,CONSISTENT_WITH_DOCUMENTED_RULE; policy/format limitations retained,Insufficient mapping/baseline or unresolved book orientation; no executable target.
504,1475314653,68469,2026-09-24T06:35:53.934+00:00,2026-09-24T06:35:53+00:00,AMBIGUOUS,,True,basketball,Puerto Rico - Superior Nacional Women,Gigantes de Carolina vs Atenienses de Manati,MONEYLINE,,,,"[{""price"": ""2.020"", ""arrow"": null, ""parenthetical"": null, ""highlighted"": false}, {""price"": ""1.675"", ""arrow"": null, ""parenthetical"": null, ""highlighted"": false}]","[{""price"": ""1.342"", ""arrow"": ""\u2b07"", ""parenthetical"": ""1.373"", ""highlighted"": false}, {""price"": ""2.770"", ""arrow"": ""\u2b06"", ""parenthetical"": ""2.670"", ""highlighted"": false}]",,,,,,,,UNVERIFIED_POSITION_1,115.42%,,,,AMBIGUOUS,,,INSUFFICIENT,Missing opening/current line or unverified market/quote mapping,insufficient_data,insufficient_data,False,,AMBIGUOUS,UNSUPPORTED_MAPPING: basketball MONEYLINE has no production-verified layout/ordering (Invalid or unsupported linked label: '[Gigantes de Carolina vs Atenienses de Manati](https://oddshub.io/basketball/puerto-rico-bsnf-women/74318430?market=ML)'),AMBIGUOUS,AMBIGUOUS,UNSUPPORTED_MAPPING: basketball MONEYLINE has no production-verified layout/ordering (Invalid or unsupported linked label: '[Gigantes de Carolina vs Atenienses de Manati](https://oddshub.io/basketball/puerto-rico-bsnf-women/74318430?market=ML)'),21b3c1d2022207d01b9ed8ee858dbefbc113ba5975678877423fe18e06edeb66,AMBIGUOUS,CONSISTENT_WITH_DOCUMENTED_RULE; policy/format limitations retained,Insufficient mapping/baseline or unresolved book orientation; no executable target.
512,1475314653,68477,2026-09-24T06:43:30.195+00:00,2026-09-24T06:43:30+00:00,AMBIGUOUS,,True,basketball,Puerto Rico - Superior Nacional Women,Cangrejeras de Santurce vs Cariduros de Fajardo,MONEYLINE,,,,"[{""price"": ""1.140"", ""arrow"": null, ""parenthetical"": null, ""highlighted"": false}, {""price"": ""4.090"", ""arrow"": null, ""parenthetical"": null, ""highlighted"": false}]","[{""price"": ""1.332"", ""arrow"": ""\u2b06"", ""parenthetical"": ""1.318"", ""highlighted"": false}, {""price"": ""2.820"", ""arrow"": ""\u2b07"", ""parenthetical"": ""2.870"", ""highlighted"": false}]",,,,,,,,UNVERIFIED_POSITION_2,113.07%,,,,AMBIGUOUS,,,INSUFFICIENT,Missing opening/current line or unverified market/quote mapping,insufficient_data,insufficient_data,False,,AMBIGUOUS,UNSUPPORTED_MAPPING: basketball MONEYLINE has no production-verified layout/ordering (Invalid or unsupported linked label: '[Cangrejeras de Santurce vs Cariduros de Fajardo](https://oddshub.io/basketball/puerto-rico-bsnf-women/74318432?market=ML)'),AMBIGUOUS,AMBIGUOUS,UNSUPPORTED_MAPPING: basketball MONEYLINE has no production-verified layout/ordering (Invalid or unsupported linked label: '[Cangrejeras de Santurce vs Cariduros de Fajardo](https://oddshub.io/basketball/puerto-rico-bsnf-women/74318432?market=ML)'),c076e0c35e64a8efedf105e3321add3fd415152fd58af003d08578b1fb869445,AMBIGUOUS,CONSISTENT_WITH_DOCUMENTED_RULE; policy/format limitations retained,Insufficient mapping/baseline or unresolved book orientation; no executable target.
571,1475314653,68548,2026-09-24T09:16:14.482+00:00,2026-09-24T09:16:14+00:00,DUPLICATE,,True,basketball,World - Club Friendlies,National Formosa University vs National Taiwan Sport University,SPREAD,5.5,5.5,,"[{""price"": ""1.833"", ""arrow"": null, ""parenthetical"": null, ""highlighted"": false}, {""price"": ""1.833"", ""arrow"": null, ""parenthetical"": null, ""highlighted"": false}]","[{""price"": ""2.200"", ""arrow"": ""\u2b06"", ""parenthetical"": ""2.130"", ""highlighted"": false}, {""price"": ""1.549"", ""arrow"": ""\u2b07"", ""parenthetical"": ""1.584"", ""highlighted"": false}]",0.0,UNCHANGED,,,,,,AWAY,109.94%,,,AWAY,ACCEPT,,,INSUFFICIENT,Unchanged opening/current line; price-only strategy not established,no_movement,insufficient_data,False,,AMBIGUOUS,No opening-to-current line movement; price-only target policy is unproven,AMBIGUOUS,AMBIGUOUS,No opening-to-current line movement; price-only target policy is unproven,651b9c4aee7b9b13f441a07609378c75dd4d14ab430cb429fd984c943c8d0df9,AMBIGUOUS,CONSISTENT_WITH_DOCUMENTED_RULE; policy/format limitations retained,Insufficient mapping/baseline or unresolved book orientation; no executable target.
592,1475314653,68569,2026-09-24T09:59:13.561+00:00,2026-09-24T09:59:13+00:00,AMBIGUOUS,,True,basketball,World - Intercontinental Cup,Atletico Boca Juniors vs NBA G League United,MONEYLINE,,,,"[{""price"": ""6.340"", ""arrow"": null, ""parenthetical"": null, ""highlighted"": false}, {""price"": ""1.068"", ""arrow"": null, ""parenthetical"": null, ""highlighted"": false}]","[{""price"": ""4.130"", ""arrow"": ""\u2b07"", ""parenthetical"": ""4.240"", ""highlighted"": false}, {""price"": ""1.176"", ""arrow"": ""\u2b06"", ""parenthetical"": ""1.166"", ""highlighted"": false}]",,,,,,,,UNVERIFIED_POSITION_1,120.61%,,,,AMBIGUOUS,,,INSUFFICIENT,Missing opening/current line or unverified market/quote mapping,insufficient_data,insufficient_data,False,,AMBIGUOUS,UNSUPPORTED_MAPPING: basketball MONEYLINE has no production-verified layout/ordering (Invalid or unsupported linked label: '[Atletico Boca Juniors vs NBA G League United](https://oddshub.io/basketball/international-fiba-intercontinental-cup-group-b/73609476?market=ML)'),AMBIGUOUS,AMBIGUOUS,UNSUPPORTED_MAPPING: basketball MONEYLINE has no production-verified layout/ordering (Invalid or unsupported linked label: '[Atletico Boca Juniors vs NBA G League United](https://oddshub.io/basketball/international-fiba-intercontinental-cup-group-b/73609476?market=ML)'),b98b4fb2759c04156fc0a91ca7f1c0ccc6e3255a56a8a7ac8411baf9a5c8332f,AMBIGUOUS,CONSISTENT_WITH_DOCUMENTED_RULE; policy/format limitations retained,Insufficient mapping/baseline or unresolved book orientation; no executable target.
658,1475314653,68641,2026-09-24T14:46:24.881+00:00,2026-09-24T14:46:24+00:00,AMBIGUOUS,,True,basketball,WNBA,Minnesota Lynx vs Indiana Fever,SPREAD,3,4,,"[{""price"": ""1.909"", ""arrow"": null, ""parenthetical"": null, ""highlighted"": false}, {""price"": ""1.909"", ""arrow"": null, ""parenthetical"": null, ""highlighted"": false}]","[{""price"": ""1.970"", ""arrow"": ""\u2b06"", ""parenthetical"": ""1.900"", ""highlighted"": false}, {""price"": ""1.847"", ""arrow"": ""\u2b07"", ""parenthetical"": ""1.917"", ""highlighted"": false}]",1,UP,AWAY,-4,1.34,4,3.05,,None (not equal lines),True,0,,AMBIGUOUS,,,HIGH_DIRECTION_ONLY,No supplied equal-line EV bound to the sharp side,clear_sharp_side_signal,no_proven_same_side_value,False,,AMBIGUOUS,Bet365 spread line equals Pinnacle as displayed but OddsNotifier reports unequal lines: spread sign reference cannot be normalised safely,AMBIGUOUS,AMBIGUOUS,Bet365 spread line equals Pinnacle as displayed but OddsNotifier reports unequal lines: spread sign reference cannot be normalised safely,cb7aa0d179c5e08e52f8c014ad53dfbeb9c404022538228e7c2bf185acf7c484,AMBIGUOUS,CONSISTENT_WITH_DOCUMENTED_RULE; policy/format limitations retained,Insufficient mapping/baseline or unresolved book orientation; no executable target.
663,1475314653,68646,2026-09-24T14:48:37.251+00:00,2026-09-24T14:48:37+00:00,PARSED_PARTIAL,,True,basketball,World - Club Friendlies,Anyang Jungkwanjang Red Boosters vs Suwon KT Sonicboom,SPREAD,-2.5,2,,"[{""price"": ""1.833"", ""arrow"": null, ""parenthetical"": null, ""highlighted"": false}, {""price"": ""1.833"", ""arrow"": null, ""parenthetical"": null, ""highlighted"": false}]","[{""price"": ""1.990"", ""arrow"": ""\u2b06"", ""parenthetical"": ""1.840"", ""highlighted"": false}, {""price"": ""1.684"", ""arrow"": ""\u2b07"", ""parenthetical"": ""1.819"", ""highlighted"": false}]",4.5,UP,AWAY,1.5,1.83,-1.5,1.83,,None (not equal lines),False,3.5,AWAY,ACCEPT,,True,HIGH_DIRECTION_ONLY,Cross-book favourite disagreement; Bet365 orientation needs verification,clear_sharp_side_signal,ambiguous,False,,AMBIGUOUS,Pinnacle (2) and Bet365 (-1.5) favour different teams by 3.5 points: the Bet365 spread appears to have an unresolved sign reference; do not assume a perspective correction,AMBIGUOUS,AMBIGUOUS,Pinnacle (2) and Bet365 (-1.5) favour different teams by 3.5 points: the Bet365 spread appears to have an unresolved sign reference; do not assume a perspective correction,966d16807311c56d9c9a9e5b31ecf5c7317cdd804c6c8339fca48f29a5612153,AMBIGUOUS,CONSISTENT_WITH_DOCUMENTED_RULE; policy/format limitations retained,Insufficient mapping/baseline or unresolved book orientation; no executable target.
669,1475314653,68652,2026-09-24T15:03:27.499+00:00,2026-09-24T15:03:27+00:00,AMBIGUOUS,,True,basketball,Brazil - Paulista FPB U20,Araraquara vs Mogi Das Cruzes,MONEYLINE,,,,"[{""price"": ""3.580"", ""arrow"": null, ""parenthetical"": null, ""highlighted"": false}, {""price"": ""1.194"", ""arrow"": null, ""parenthetical"": null, ""highlighted"": false}]","[{""price"": ""2.380"", ""arrow"": ""\u2b07"", ""parenthetical"": ""2.450"", ""highlighted"": false}, {""price"": ""1.473"", ""arrow"": ""\u2b06"", ""parenthetical"": ""1.446"", ""highlighted"": false}]",,,,,,,,UNVERIFIED_POSITION_1,116.35%,,,,AMBIGUOUS,,,INSUFFICIENT,Missing opening/current line or unverified market/quote mapping,insufficient_data,insufficient_data,False,,AMBIGUOUS,UNSUPPORTED_MAPPING: basketball MONEYLINE has no production-verified layout/ordering (Invalid or unsupported linked label: '[Araraquara vs Mogi Das Cruzes](https://oddshub.io/basketball/brazil-paulista-fpb-u20/29103431039?market=ML)'),AMBIGUOUS,AMBIGUOUS,UNSUPPORTED_MAPPING: basketball MONEYLINE has no production-verified layout/ordering (Invalid or unsupported linked label: '[Araraquara vs Mogi Das Cruzes](https://oddshub.io/basketball/brazil-paulista-fpb-u20/29103431039?market=ML)'),a814d7667e74f98f985d43d33bb01791574eda7a87da308368e7b86726b5ecfd,AMBIGUOUS,CONSISTENT_WITH_DOCUMENTED_RULE; policy/format limitations retained,Insufficient mapping/baseline or unresolved book orientation; no executable target.
695,1475314653,68680,2026-09-24T15:42:28.659+00:00,2026-09-24T15:42:28+00:00,AMBIGUOUS,,True,basketball,Czech Republic - 1. Liga,CZ Academy vs Sokol Prazsky,MONEYLINE,,,,"[{""price"": ""1.271"", ""arrow"": null, ""parenthetical"": null, ""highlighted"": false}, {""price"": ""2.890"", ""arrow"": null, ""parenthetical"": null, ""highlighted"": false}]","[{""price"": ""1.775"", ""arrow"": ""\u2b06"", ""parenthetical"": ""1.675"", ""highlighted"": false}, {""price"": ""1.819"", ""arrow"": ""\u2b07"", ""parenthetical"": ""1.943"", ""highlighted"": false}]",,,,,,,,UNVERIFIED_POSITION_2,110.87%,,,,AMBIGUOUS,,,INSUFFICIENT,Missing opening/current line or unverified market/quote mapping,insufficient_data,insufficient_data,False,,AMBIGUOUS,UNSUPPORTED_MAPPING: basketball MONEYLINE has no production-verified layout/ordering (Invalid or unsupported linked label: '[CZ Academy vs Sokol Prazsky](https://oddshub.io/basketball/czech-republic-1-liga-group-west/72628510?market=ML)'),AMBIGUOUS,AMBIGUOUS,UNSUPPORTED_MAPPING: basketball MONEYLINE has no production-verified layout/ordering (Invalid or unsupported linked label: '[CZ Academy vs Sokol Prazsky](https://oddshub.io/basketball/czech-republic-1-liga-group-west/72628510?market=ML)'),f3d29cb72f19a6a0d3dbee914e49caacee40959828fc884027dbf5103ccd5ecd,AMBIGUOUS,CONSISTENT_WITH_DOCUMENTED_RULE; policy/format limitations retained,Insufficient mapping/baseline or unresolved book orientation; no executable target.
705,1475314653,68690,2026-09-24T15:58:26.376+00:00,2026-09-24T15:58:26+00:00,AMBIGUOUS,,True,basketball,Puerto Rico - Superior Nacional Women,Explosivas de Moca vs Leonas De Ponce,MONEYLINE,,,,"[{""price"": ""1.156"", ""arrow"": null, ""parenthetical"": null, ""highlighted"": false}, {""price"": ""3.910"", ""arrow"": null, ""parenthetical"": null, ""highlighted"": false}]","[{""price"": ""1.320"", ""arrow"": ""\u2b06"", ""parenthetical"": ""1.304"", ""highlighted"": false}, {""price"": ""2.860"", ""arrow"": ""\u2b07"", ""parenthetical"": ""2.930"", ""highlighted"": false}]",,,,,,,,UNVERIFIED_POSITION_2,110.51%,,,,AMBIGUOUS,,,INSUFFICIENT,Missing opening/current line or unverified market/quote mapping,insufficient_data,insufficient_data,False,,AMBIGUOUS,UNSUPPORTED_MAPPING: basketball MONEYLINE has no production-verified layout/ordering (Invalid or unsupported linked label: '[Explosivas de Moca vs Leonas De Ponce](https://oddshub.io/basketball/puerto-rico-bsnf-women/74318436?market=ML)'),AMBIGUOUS,AMBIGUOUS,UNSUPPORTED_MAPPING: basketball MONEYLINE has no production-verified layout/ordering (Invalid or unsupported linked label: '[Explosivas de Moca vs Leonas De Ponce](https://oddshub.io/basketball/puerto-rico-bsnf-women/74318436?market=ML)'),74edfd786bac4df1dfd2c225b97b0c1206f0c8692cc943e832a855f22ae5a82c,AMBIGUOUS,CONSISTENT_WITH_DOCUMENTED_RULE; policy/format limitations retained,Insufficient mapping/baseline or unresolved book orientation; no executable target.
730,1475314653,68715,2026-09-24T16:28:47.315+00:00,2026-09-24T16:28:47+00:00,AMBIGUOUS,,True,basketball,Brazil - Paulista FPB U20,Araraquara vs Mogi Das Cruzes,MONEYLINE,,,,"[{""price"": ""3.580"", ""arrow"": null, ""parenthetical"": null, ""highlighted"": false}, {""price"": ""1.194"", ""arrow"": null, ""parenthetical"": null, ""highlighted"": false}]","[{""price"": ""2.050"", ""arrow"": ""\u2b07"", ""parenthetical"": ""2.100"", ""highlighted"": false}, {""price"": ""1.653"", ""arrow"": ""\u2b06"", ""parenthetical"": ""1.625"", ""highlighted"": false}]",,,,,,,,UNVERIFIED_POSITION_1,140.32%,,,,AMBIGUOUS,,,INSUFFICIENT,Missing opening/current line or unverified market/quote mapping,insufficient_data,insufficient_data,False,,AMBIGUOUS,UNSUPPORTED_MAPPING: basketball MONEYLINE has no production-verified layout/ordering (Invalid or unsupported linked label: '[Araraquara vs Mogi Das Cruzes](https://oddshub.io/basketball/brazil-paulista-fpb-u20/29103431039?market=ML)'),AMBIGUOUS,AMBIGUOUS,UNSUPPORTED_MAPPING: basketball MONEYLINE has no production-verified layout/ordering (Invalid or unsupported linked label: '[Araraquara vs Mogi Das Cruzes](https://oddshub.io/basketball/brazil-paulista-fpb-u20/29103431039?market=ML)'),b312451fac74347003d13b9320e973576bce85670e19183e034637f304a0e528,AMBIGUOUS,CONSISTENT_WITH_DOCUMENTED_RULE; policy/format limitations retained,Insufficient mapping/baseline or unresolved book orientation; no executable target.
754,1475314653,68739,2026-09-24T17:17:37.140+00:00,2026-09-24T17:17:37+00:00,AMBIGUOUS,,True,basketball,Czech Republic - 1. Liga,SKB Zlin vs BK Napos Vysoka Nad Labem,MONEYLINE,,,,"[{""price"": ""1.040"", ""arrow"": null, ""parenthetical"": null, ""highlighted"": false}, {""price"": ""5.370"", ""arrow"": null, ""parenthetical"": null, ""highlighted"": false}]","[{""price"": ""1.450"", ""arrow"": ""\u2b06"", ""parenthetical"": ""1.380"", ""highlighted"": false}, {""price"": ""2.320"", ""arrow"": ""\u2b07"", ""parenthetical"": ""2.500"", ""highlighted"": false}]",,,,,,,,UNVERIFIED_POSITION_2,115.75%,,,,AMBIGUOUS,,,INSUFFICIENT,Missing opening/current line or unverified market/quote mapping,insufficient_data,insufficient_data,False,,AMBIGUOUS,UNSUPPORTED_MAPPING: basketball MONEYLINE has no production-verified layout/ordering (Invalid or unsupported linked label: '[SKB Zlin vs BK Napos Vysoka Nad Labem](https://oddshub.io/basketball/czech-republic-1-liga-group-east/72628984?market=ML)'),AMBIGUOUS,AMBIGUOUS,UNSUPPORTED_MAPPING: basketball MONEYLINE has no production-verified layout/ordering (Invalid or unsupported linked label: '[SKB Zlin vs BK Napos Vysoka Nad Labem](https://oddshub.io/basketball/czech-republic-1-liga-group-east/72628984?market=ML)'),5ffcc4978ce26b6a2eed353b2cc97cb9310fa43ab2aca4b8b4d13a2ceece4759,AMBIGUOUS,CONSISTENT_WITH_DOCUMENTED_RULE; policy/format limitations retained,Insufficient mapping/baseline or unresolved book orientation; no executable target.
823,1475314653,68810,2026-09-24T18:51:59.716+00:00,2026-09-24T18:51:59+00:00,PARSED_PARTIAL,,True,basketball,Chile - LNB,CD Castro vs CSD Colo Colo,SPREAD,4.5,1,-1,"[{""price"": ""1.854"", ""arrow"": null, ""parenthetical"": null, ""highlighted"": false}, {""price"": ""1.746"", ""arrow"": null, ""parenthetical"": null, ""highlighted"": false}]","[{""price"": ""1.847"", ""arrow"": ""\u2b07"", ""parenthetical"": ""1.892"", ""highlighted"": false}, {""price"": ""1.819"", ""arrow"": ""\u2b06"", ""parenthetical"": ""1.775"", ""highlighted"": false}]",3.5,DOWN,HOME,-2.5,1.83,2.5,1.83,,None (not equal lines),False,-3.5,AWAY,ACCEPT,,False,HIGH_DIRECTION_ONLY,Cross-book favourite disagreement; Bet365 orientation needs verification,clear_sharp_side_signal,ambiguous,True,,AMBIGUOUS,Pinnacle (1) and Bet365 (-2.5) favour different teams by 3.5 points: the Bet365 spread appears to have an unresolved sign reference; do not assume a perspective correction,AMBIGUOUS,AMBIGUOUS,Pinnacle (1) and Bet365 (-2.5) favour different teams by 3.5 points: the Bet365 spread appears to have an unresolved sign reference; do not assume a perspective correction,4b095242d9debc893f1556f1d3db82c6c99551175525b6b423d170354e00944a,AMBIGUOUS,CONSISTENT_WITH_DOCUMENTED_RULE; policy/format limitations retained,Insufficient mapping/baseline or unresolved book orientation; no executable target.
828,1475314653,68816,2026-09-24T18:55:45.493+00:00,2026-09-24T18:55:45+00:00,PARSED_PARTIAL,,True,basketball,Chile - LNB,CD Castro vs CSD Colo Colo,SPREAD,4.5,1.5,2,"[{""price"": ""1.854"", ""arrow"": null, ""parenthetical"": null, ""highlighted"": false}, {""price"": ""1.746"", ""arrow"": null, ""parenthetical"": null, ""highlighted"": false}]","[{""price"": ""1.826"", ""arrow"": ""\u2b06"", ""parenthetical"": ""1.781"", ""highlighted"": false}, {""price"": ""1.840"", ""arrow"": ""\u2b07"", ""parenthetical"": ""1.892"", ""highlighted"": false}]",3.0,DOWN,HOME,-2.5,1.83,2.5,1.83,,None (not equal lines),False,-4.0,AWAY,ACCEPT,,False,HIGH_DIRECTION_ONLY,Cross-book favourite disagreement; Bet365 orientation needs verification,clear_sharp_side_signal,ambiguous,False,,AMBIGUOUS,Pinnacle (1.5) and Bet365 (-2.5) favour different teams by 4.0 points: the Bet365 spread appears to have an unresolved sign reference; do not assume a perspective correction,AMBIGUOUS,AMBIGUOUS,Pinnacle (1.5) and Bet365 (-2.5) favour different teams by 4.0 points: the Bet365 spread appears to have an unresolved sign reference; do not assume a perspective correction,f2befbf1eaaa990e2ee7598881c1761cdcdc4dd8ddaa47145a3892cbdb05eba1,AMBIGUOUS,CONSISTENT_WITH_DOCUMENTED_RULE; policy/format limitations retained,Insufficient mapping/baseline or unresolved book orientation; no executable target.
894,1475314653,68900,2026-09-24T21:57:08.367+00:00,2026-09-24T21:57:08+00:00,AMBIGUOUS,,True,basketball,Chile - LNB,CD Las Animas vs CD Espanol De Talca,MONEYLINE,,,,"[{""price"": ""1.039"", ""arrow"": null, ""parenthetical"": null, ""highlighted"": false}, {""price"": ""5.390"", ""arrow"": null, ""parenthetical"": null, ""highlighted"": false}]","[{""price"": ""1.182"", ""arrow"": ""\u2b06"", ""parenthetical"": ""1.167"", ""highlighted"": false}, {""price"": ""3.670"", ""arrow"": ""\u2b07"", ""parenthetical"": ""3.810"", ""highlighted"": false}]",,,,,,,,UNVERIFIED_POSITION_2,114.90%,,,,AMBIGUOUS,,,INSUFFICIENT,Missing opening/current line or unverified market/quote mapping,insufficient_data,insufficient_data,False,,AMBIGUOUS,UNSUPPORTED_MAPPING: basketball MONEYLINE has no production-verified layout/ordering (Invalid or unsupported linked label: '[CD Las Animas vs CD Espanol De Talca](https://oddshub.io/basketball/chile-lnb-relegation-round/74758892?market=ML)'),AMBIGUOUS,AMBIGUOUS,UNSUPPORTED_MAPPING: basketball MONEYLINE has no production-verified layout/ordering (Invalid or unsupported linked label: '[CD Las Animas vs CD Espanol De Talca](https://oddshub.io/basketball/chile-lnb-relegation-round/74758892?market=ML)'),e31b25f002045c30a0f8a9ac75deff0b898ba8f1c4f42eb8589dc4f6eab5250c,AMBIGUOUS,CONSISTENT_WITH_DOCUMENTED_RULE; policy/format limitations retained,Insufficient mapping/baseline or unresolved book orientation; no executable target.
909,1475314653,68915,2026-09-24T21:59:37.892+00:00,2026-09-24T21:59:37+00:00,AMBIGUOUS,,True,basketball,Chile - LNB,CD Las Animas vs CD Espanol De Talca,MONEYLINE,,,,"[{""price"": ""1.039"", ""arrow"": null, ""parenthetical"": null, ""highlighted"": false}, {""price"": ""5.390"", ""arrow"": null, ""parenthetical"": null, ""highlighted"": false}]","[{""price"": ""1.190"", ""arrow"": ""\u2b06"", ""parenthetical"": ""1.184"", ""highlighted"": false}, {""price"": ""3.610"", ""arrow"": ""\u2b07"", ""parenthetical"": ""3.660"", ""highlighted"": false}]",,,,,,,,UNVERIFIED_POSITION_2,118.43%,,,,AMBIGUOUS,,,INSUFFICIENT,Missing opening/current line or unverified market/quote mapping,insufficient_data,insufficient_data,False,,AMBIGUOUS,UNSUPPORTED_MAPPING: basketball MONEYLINE has no production-verified layout/ordering (Invalid or unsupported linked label: '[CD Las Animas vs CD Espanol De Talca](https://oddshub.io/basketball/chile-lnb-relegation-round/74758892?market=ML)'),AMBIGUOUS,AMBIGUOUS,UNSUPPORTED_MAPPING: basketball MONEYLINE has no production-verified layout/ordering (Invalid or unsupported linked label: '[CD Las Animas vs CD Espanol De Talca](https://oddshub.io/basketball/chile-lnb-relegation-round/74758892?market=ML)'),37c9af9e0479e25d3073d4387b37271f29b0a43340b7f6ea9149260bd7b63834,AMBIGUOUS,CONSISTENT_WITH_DOCUMENTED_RULE; policy/format limitations retained,Insufficient mapping/baseline or unresolved book orientation; no executable target.
911,1475314653,68917,2026-09-24T21:59:53.408+00:00,2026-09-24T21:59:53+00:00,AMBIGUOUS,,True,basketball,Chile - LNB,CD Las Animas vs CD Espanol De Talca,MONEYLINE,,,,"[{""price"": ""1.039"", ""arrow"": null, ""parenthetical"": null, ""highlighted"": false}, {""price"": ""5.390"", ""arrow"": null, ""parenthetical"": null, ""highlighted"": false}]","[{""price"": ""1.202"", ""arrow"": ""\u2b06"", ""parenthetical"": ""1.185"", ""highlighted"": false}, {""price"": ""3.510"", ""arrow"": ""\u2b07"", ""parenthetical"": ""3.640"", ""highlighted"": false}]",,,,,,,,UNVERIFIED_POSITION_2,123.85%,,,,AMBIGUOUS,,,INSUFFICIENT,Missing opening/current line or unverified market/quote mapping,insufficient_data,insufficient_data,False,,AMBIGUOUS,UNSUPPORTED_MAPPING: basketball MONEYLINE has no production-verified layout/ordering (Invalid or unsupported linked label: '[CD Las Animas vs CD Espanol De Talca](https://oddshub.io/basketball/chile-lnb-relegation-round/74758892?market=ML)'),AMBIGUOUS,AMBIGUOUS,UNSUPPORTED_MAPPING: basketball MONEYLINE has no production-verified layout/ordering (Invalid or unsupported linked label: '[CD Las Animas vs CD Espanol De Talca](https://oddshub.io/basketball/chile-lnb-relegation-round/74758892?market=ML)'),d9dcd56defcd1161faaa7ea0115d0285a8389512481c6050b18f7226f631a1b9,AMBIGUOUS,CONSISTENT_WITH_DOCUMENTED_RULE; policy/format limitations retained,Insufficient mapping/baseline or unresolved book orientation; no executable target.
915,1475314653,68921,2026-09-24T22:08:41.431+00:00,2026-09-24T22:08:41+00:00,PARSED_PARTIAL,,True,basketball,France - Nationale 1,Orchies vs Lyon,SPREAD,-5.5,1,,"[{""price"": ""1.869"", ""arrow"": null, ""parenthetical"": null, ""highlighted"": false}, {""price"": ""1.793"", ""arrow"": null, ""parenthetical"": null, ""highlighted"": false}]","[{""price"": ""1.943"", ""arrow"": ""\u2b06"", ""parenthetical"": ""1.819"", ""highlighted"": false}, {""price"": ""1.729"", ""arrow"": ""\u2b07"", ""parenthetical"": ""1.840"", ""highlighted"": false}]",6.5,UP,AWAY,3.5,1.83,-3.5,1.83,,None (not equal lines),False,4.5,AWAY,ACCEPT,,True,HIGH_DIRECTION_ONLY,Cross-book favourite disagreement; Bet365 orientation needs verification,clear_sharp_side_signal,ambiguous,False,,AMBIGUOUS,Pinnacle (1) and Bet365 (-3.5) favour different teams by 4.5 points: the Bet365 spread appears to have an unresolved sign reference; do not assume a perspective correction,AMBIGUOUS,AMBIGUOUS,Pinnacle (1) and Bet365 (-3.5) favour different teams by 4.5 points: the Bet365 spread appears to have an unresolved sign reference; do not assume a perspective correction,4d7bc00df74bb9c4a2888fe0ed5e4e25146242460550b8f773827c4afb8d35fa,AMBIGUOUS,CONSISTENT_WITH_DOCUMENTED_RULE; policy/format limitations retained,Insufficient mapping/baseline or unresolved book orientation; no executable target.
920,1475314653,68926,2026-09-24T22:13:20.242+00:00,2026-09-24T22:13:20+00:00,AMBIGUOUS,,True,basketball,Chile - LNB,CD Las Animas vs CD Espanol De Talca,MONEYLINE,,,,"[{""price"": ""1.039"", ""arrow"": null, ""parenthetical"": null, ""highlighted"": false}, {""price"": ""5.390"", ""arrow"": null, ""parenthetical"": null, ""highlighted"": false}]","[{""price"": ""1.207"", ""arrow"": ""\u2b06"", ""parenthetical"": ""1.189"", ""highlighted"": false}, {""price"": ""3.480"", ""arrow"": ""\u2b07"", ""parenthetical"": ""3.610"", ""highlighted"": false}]",,,,,,,,UNVERIFIED_POSITION_2,110.18%,,,,AMBIGUOUS,,,INSUFFICIENT,Missing opening/current line or unverified market/quote mapping,insufficient_data,insufficient_data,False,,AMBIGUOUS,UNSUPPORTED_MAPPING: basketball MONEYLINE has no production-verified layout/ordering (Invalid or unsupported linked label: '[CD Las Animas vs CD Espanol De Talca](https://oddshub.io/basketball/chile-lnb-relegation-round/74758892?market=ML)'),AMBIGUOUS,AMBIGUOUS,UNSUPPORTED_MAPPING: basketball MONEYLINE has no production-verified layout/ordering (Invalid or unsupported linked label: '[CD Las Animas vs CD Espanol De Talca](https://oddshub.io/basketball/chile-lnb-relegation-round/74758892?market=ML)'),937b2277c6d2912cbf46f586dc00019219cb8c9051d6804ecf73fae12c57d399,AMBIGUOUS,CONSISTENT_WITH_DOCUMENTED_RULE; policy/format limitations retained,Insufficient mapping/baseline or unresolved book orientation; no executable target.
935,1475314653,68941,2026-09-24T22:15:26.395+00:00,2026-09-24T22:15:26+00:00,AMBIGUOUS,,True,basketball,Chile - LNB,CD Las Animas vs CD Espanol De Talca,MONEYLINE,,,,"[{""price"": ""1.039"", ""arrow"": null, ""parenthetical"": null, ""highlighted"": false}, {""price"": ""5.390"", ""arrow"": null, ""parenthetical"": null, ""highlighted"": false}]","[{""price"": ""1.350"", ""arrow"": ""\u2b06"", ""parenthetical"": ""1.319"", ""highlighted"": false}, {""price"": ""2.740"", ""arrow"": ""\u2b07"", ""parenthetical"": ""2.870"", ""highlighted"": false}]",,,,,,,,UNVERIFIED_POSITION_2,157.89%,,,,AMBIGUOUS,,,INSUFFICIENT,Missing opening/current line or unverified market/quote mapping,insufficient_data,insufficient_data,False,,AMBIGUOUS,UNSUPPORTED_MAPPING: basketball MONEYLINE has no production-verified layout/ordering (Invalid or unsupported linked label: '[CD Las Animas vs CD Espanol De Talca](https://oddshub.io/basketball/chile-lnb-relegation-round/74758892?market=ML)'),AMBIGUOUS,AMBIGUOUS,UNSUPPORTED_MAPPING: basketball MONEYLINE has no production-verified layout/ordering (Invalid or unsupported linked label: '[CD Las Animas vs CD Espanol De Talca](https://oddshub.io/basketball/chile-lnb-relegation-round/74758892?market=ML)'),39ac3a0f5638e4cf8f27e9db5f134f63c89c7970bf46a435597560ac69bd8505,AMBIGUOUS,CONSISTENT_WITH_DOCUMENTED_RULE; policy/format limitations retained,Insufficient mapping/baseline or unresolved book orientation; no executable target.
953,1475314653,68959,2026-09-24T22:24:29.834+00:00,2026-09-24T22:24:29+00:00,AMBIGUOUS,,True,basketball,Chile - LNB,CD ABA Ancud vs CEB Puerto Montt,MONEYLINE,,,,"[{""price"": ""1.900"", ""arrow"": null, ""parenthetical"": null, ""highlighted"": false}, {""price"": ""1.709"", ""arrow"": null, ""parenthetical"": null, ""highlighted"": false}]","[{""price"": ""1.201"", ""arrow"": ""\u2b07"", ""parenthetical"": ""1.245"", ""highlighted"": false}, {""price"": ""3.520"", ""arrow"": ""\u2b06"", ""parenthetical"": ""3.230"", ""highlighted"": false}]",,,,,,,,UNVERIFIED_POSITION_1,111.21%,,,,AMBIGUOUS,,,INSUFFICIENT,Missing opening/current line or unverified market/quote mapping,insufficient_data,insufficient_data,False,,AMBIGUOUS,UNSUPPORTED_MAPPING: basketball MONEYLINE has no production-verified layout/ordering (Invalid or unsupported linked label: '[CD ABA Ancud vs CEB Puerto Montt](https://oddshub.io/basketball/chile-lnb-relegation-round/74758870?market=ML)'),AMBIGUOUS,AMBIGUOUS,UNSUPPORTED_MAPPING: basketball MONEYLINE has no production-verified layout/ordering (Invalid or unsupported linked label: '[CD ABA Ancud vs CEB Puerto Montt](https://oddshub.io/basketball/chile-lnb-relegation-round/74758870?market=ML)'),daa5e2b464ff72de336a07f7d8b854065a90f7891f03ab8b03ff7750b0e31501,AMBIGUOUS,CONSISTENT_WITH_DOCUMENTED_RULE; policy/format limitations retained,Insufficient mapping/baseline or unresolved book orientation; no executable target.
957,1475314653,68963,2026-09-24T22:27:30.581+00:00,2026-09-24T22:27:30+00:00,AMBIGUOUS,,True,basketball,Uruguay - Tercera de Ascenso,Bohemios vs Reducto,,,,,"[{""price"": ""1.268"", ""arrow"": null, ""parenthetical"": null, ""highlighted"": false}, {""price"": ""3.100"", ""arrow"": null, ""parenthetical"": null, ""highlighted"": false}]","[{""price"": ""1.363"", ""arrow"": ""\u2b06"", ""parenthetical"": ""1.355"", ""highlighted"": false}, {""price"": ""2.870"", ""arrow"": ""\u2b07"", ""parenthetical"": ""2.910"", ""highlighted"": false}]",,,,,,,,UNVERIFIED_POSITION_2,112.03%,,,,AMBIGUOUS,,,INSUFFICIENT,Missing opening/current line or unverified market/quote mapping,insufficient_data,insufficient_data,False,,AMBIGUOUS,MARKET_UNRESOLVED: basketball alert without a market label or fixture link; market not guessed (Invalid or unsupported linked label: 'Bohemios vs Reducto'),AMBIGUOUS,AMBIGUOUS,MARKET_UNRESOLVED: basketball alert without a market label or fixture link; market not guessed (Invalid or unsupported linked label: 'Bohemios vs Reducto'),1bc49cf688f56b790ed099b2dffd9a2975bf267e5db13b22b2dc6f8e7d797058,AMBIGUOUS,CONSISTENT_WITH_DOCUMENTED_RULE; policy/format limitations retained,Insufficient mapping/baseline or unresolved book orientation; no executable target.
1003,1475314653,69009,2026-09-24T23:25:27.559+00:00,2026-09-24T23:25:27+00:00,PARSED_PARTIAL,,True,basketball,Czech Republic - 1. Liga,SKB Zlin vs BK Napos Vysoka Nad Labem,SPREAD,-13.5,2.5,3,"[{""price"": ""1.806"", ""arrow"": null, ""parenthetical"": null, ""highlighted"": false}, {""price"": ""1.793"", ""arrow"": null, ""parenthetical"": null, ""highlighted"": false}]","[{""price"": ""1.793"", ""arrow"": ""\u2b06"", ""parenthetical"": ""1.769"", ""highlighted"": false}, {""price"": ""1.806"", ""arrow"": ""\u2b07"", ""parenthetical"": ""1.833"", ""highlighted"": false}]",16.0,UP,AWAY,2.5,1.83,-2.5,1.83,,None (not equal lines),False,5.0,AWAY,ACCEPT,,True,HIGH_DIRECTION_ONLY,Cross-book favourite disagreement; Bet365 orientation needs verification,clear_sharp_side_signal,ambiguous,True,,AMBIGUOUS,Pinnacle (2.5) and Bet365 (-2.5) favour different teams by 5.0 points: the Bet365 spread appears to have an unresolved sign reference; do not assume a perspective correction,AMBIGUOUS,AMBIGUOUS,Pinnacle (2.5) and Bet365 (-2.5) favour different teams by 5.0 points: the Bet365 spread appears to have an unresolved sign reference; do not assume a perspective correction,581fa6e0504efaade3698a85d24e1664b7d3d071bf9afe3f01a9c6d21bc15b82,AMBIGUOUS,CONSISTENT_WITH_DOCUMENTED_RULE; policy/format limitations retained,Insufficient mapping/baseline or unresolved book orientation; no executable target.
1009,1475314653,69015,2026-09-24T23:41:42.021+00:00,2026-09-24T23:41:41+00:00,PARSED_PARTIAL,,True,basketball,Czech Republic - 1. Liga,SKB Zlin vs BK Napos Vysoka Nad Labem,SPREAD,-13.5,1,,"[{""price"": ""1.806"", ""arrow"": null, ""parenthetical"": null, ""highlighted"": false}, {""price"": ""1.793"", ""arrow"": null, ""parenthetical"": null, ""highlighted"": false}]","[{""price"": ""1.833"", ""arrow"": ""\u2b06"", ""parenthetical"": ""1.775"", ""highlighted"": false}, {""price"": ""1.769"", ""arrow"": ""\u2b07"", ""parenthetical"": ""1.826"", ""highlighted"": false}]",14.5,UP,AWAY,1,1.83,-1,1.83,,None (not equal lines),False,2,AWAY,ACCEPT,,True,HIGH_DIRECTION_ONLY,Cross-book favourite disagreement; Bet365 orientation needs verification,clear_sharp_side_signal,ambiguous,False,,AMBIGUOUS,Pinnacle (1) and Bet365 (-1) favour different teams by 2 points: the Bet365 spread appears to have an unresolved sign reference; do not assume a perspective correction,AMBIGUOUS,AMBIGUOUS,Pinnacle (1) and Bet365 (-1) favour different teams by 2 points: the Bet365 spread appears to have an unresolved sign reference; do not assume a perspective correction,c5bd92182ab649515fb02b8faf6e72dc03d051e73191fa6bae0633cfedc538aa,AMBIGUOUS,CONSISTENT_WITH_DOCUMENTED_RULE; policy/format limitations retained,Insufficient mapping/baseline or unresolved book orientation; no executable target.
1013,1475314653,69019,2026-09-24T23:43:40.792+00:00,2026-09-24T23:43:40+00:00,PARSED_PARTIAL,,True,basketball,France - Nationale 1,Besancon vs Val De Seine,SPREAD,-6.5,3,,"[{""price"": ""1.854"", ""arrow"": null, ""parenthetical"": null, ""highlighted"": false}, {""price"": ""1.813"", ""arrow"": null, ""parenthetical"": null, ""highlighted"": false}]","[{""price"": ""1.854"", ""arrow"": ""\u2b06"", ""parenthetical"": ""1.800"", ""highlighted"": false}, {""price"": ""1.813"", ""arrow"": ""\u2b07"", ""parenthetical"": ""1.862"", ""highlighted"": false}]",9.5,UP,AWAY,1.5,1.83,-1.5,1.83,,None (not equal lines),False,4.5,AWAY,ACCEPT,,True,HIGH_DIRECTION_ONLY,Cross-book favourite disagreement; Bet365 orientation needs verification,clear_sharp_side_signal,ambiguous,False,,AMBIGUOUS,Pinnacle (3) and Bet365 (-1.5) favour different teams by 4.5 points: the Bet365 spread appears to have an unresolved sign reference; do not assume a perspective correction,AMBIGUOUS,AMBIGUOUS,Pinnacle (3) and Bet365 (-1.5) favour different teams by 4.5 points: the Bet365 spread appears to have an unresolved sign reference; do not assume a perspective correction,ceada1b112c5750e80a8dfcdb0559e098a2ca4681e4ce0ec5a6303829bcc0b6f,AMBIGUOUS,CONSISTENT_WITH_DOCUMENTED_RULE; policy/format limitations retained,Insufficient mapping/baseline or unresolved book orientation; no executable target.
1018,1475314653,69024,2026-09-24T23:48:56.728+00:00,2026-09-24T23:48:56+00:00,PARSED_PARTIAL,,True,basketball,France - Nationale 1,Orchies vs Lyon,SPREAD,-5.5,3,,"[{""price"": ""1.869"", ""arrow"": null, ""parenthetical"": null, ""highlighted"": false}, {""price"": ""1.793"", ""arrow"": null, ""parenthetical"": null, ""highlighted"": false}]","[{""price"": ""1.934"", ""arrow"": ""\u2b06"", ""parenthetical"": ""1.854"", ""highlighted"": false}, {""price"": ""1.735"", ""arrow"": ""\u2b07"", ""parenthetical"": ""1.813"", ""highlighted"": false}]",8.5,UP,AWAY,3.5,1.83,-3.5,1.83,,None (not equal lines),False,6.5,AWAY,ACCEPT,,True,HIGH_DIRECTION_ONLY,Cross-book favourite disagreement; Bet365 orientation needs verification,clear_sharp_side_signal,ambiguous,False,,AMBIGUOUS,Pinnacle (3) and Bet365 (-3.5) favour different teams by 6.5 points: the Bet365 spread appears to have an unresolved sign reference; do not assume a perspective correction,AMBIGUOUS,AMBIGUOUS,Pinnacle (3) and Bet365 (-3.5) favour different teams by 6.5 points: the Bet365 spread appears to have an unresolved sign reference; do not assume a perspective correction,e1d3318089dcf878d757918fe441d6c054904e0cbd1dcb6b53b006afe8fc9791,AMBIGUOUS,CONSISTENT_WITH_DOCUMENTED_RULE; policy/format limitations retained,Insufficient mapping/baseline or unresolved book orientation; no executable target.
1023,1475314653,69029,2026-09-24T23:54:45.894+00:00,2026-09-24T23:54:45+00:00,AMBIGUOUS,,True,basketball,Czech Republic - 1. Liga,CZ Academy vs Sokol Prazsky,MONEYLINE,,,,"[{""price"": ""1.271"", ""arrow"": null, ""parenthetical"": null, ""highlighted"": false}, {""price"": ""2.890"", ""arrow"": null, ""parenthetical"": null, ""highlighted"": false}]","[{""price"": ""2.930"", ""arrow"": ""\u2b06"", ""parenthetical"": ""2.700"", ""highlighted"": false}, {""price"": ""1.261"", ""arrow"": ""\u2b07"", ""parenthetical"": ""1.319"", ""highlighted"": false}]",,,,,,,,UNVERIFIED_POSITION_2,119.17%,,,,AMBIGUOUS,,,INSUFFICIENT,Missing opening/current line or unverified market/quote mapping,insufficient_data,insufficient_data,False,,AMBIGUOUS,UNSUPPORTED_MAPPING: basketball MONEYLINE has no production-verified layout/ordering (Invalid or unsupported linked label: '[CZ Academy vs Sokol Prazsky](https://oddshub.io/basketball/czech-republic-1-liga-group-west/72628510?market=ML)'),AMBIGUOUS,AMBIGUOUS,UNSUPPORTED_MAPPING: basketball MONEYLINE has no production-verified layout/ordering (Invalid or unsupported linked label: '[CZ Academy vs Sokol Prazsky](https://oddshub.io/basketball/czech-republic-1-liga-group-west/72628510?market=ML)'),7f059d07532b9eb0e26fc2f92bd18a21000d951abec6ccca8115c9adb378511d,AMBIGUOUS,CONSISTENT_WITH_DOCUMENTED_RULE; policy/format limitations retained,Insufficient mapping/baseline or unresolved book orientation; no executable target.
1074,1475314653,69090,2026-09-25T01:54:24.628+00:00,2026-09-25T01:54:24+00:00,AMBIGUOUS,,True,basketball,Puerto Rico - Superior Nacional Women,Explosivas de Moca vs Leonas De Ponce,MONEYLINE,,,,"[{""price"": ""1.156"", ""arrow"": null, ""parenthetical"": null, ""highlighted"": false}, {""price"": ""3.910"", ""arrow"": null, ""parenthetical"": null, ""highlighted"": false}]","[{""price"": ""1.595"", ""arrow"": ""\u2b06"", ""parenthetical"": ""1.558"", ""highlighted"": false}, {""price"": ""2.140"", ""arrow"": ""\u2b07"", ""parenthetical"": ""2.210"", ""highlighted"": false}]",,,,,,,,UNVERIFIED_POSITION_2,114.43%,,,,AMBIGUOUS,,,INSUFFICIENT,Missing opening/current line or unverified market/quote mapping,insufficient_data,insufficient_data,False,,AMBIGUOUS,UNSUPPORTED_MAPPING: basketball MONEYLINE has no production-verified layout/ordering (Invalid or unsupported linked label: '[Explosivas de Moca vs Leonas De Ponce](https://oddshub.io/basketball/puerto-rico-bsnf-women/74318436?market=ML)'),AMBIGUOUS,AMBIGUOUS,UNSUPPORTED_MAPPING: basketball MONEYLINE has no production-verified layout/ordering (Invalid or unsupported linked label: '[Explosivas de Moca vs Leonas De Ponce](https://oddshub.io/basketball/puerto-rico-bsnf-women/74318436?market=ML)'),9be2ee978c92dfafe3a6ff28648f4004ed9c350796cd99a3b1b3d8cf9e8cf942,AMBIGUOUS,CONSISTENT_WITH_DOCUMENTED_RULE; policy/format limitations retained,Insufficient mapping/baseline or unresolved book orientation; no executable target.
1076,1475314653,69092,2026-09-25T01:54:29.652+00:00,2026-09-25T01:54:29+00:00,AMBIGUOUS,,True,basketball,Puerto Rico - Superior Nacional Women,Explosivas de Moca vs Leonas De Ponce,MONEYLINE,,,,"[{""price"": ""1.156"", ""arrow"": null, ""parenthetical"": null, ""highlighted"": false}, {""price"": ""3.910"", ""arrow"": null, ""parenthetical"": null, ""highlighted"": false}]","[{""price"": ""1.632"", ""arrow"": ""\u2b06"", ""parenthetical"": ""1.595"", ""highlighted"": false}, {""price"": ""2.080"", ""arrow"": ""\u2b07"", ""parenthetical"": ""2.140"", ""highlighted"": false}]",,,,,,,,UNVERIFIED_POSITION_2,118.44%,,,,AMBIGUOUS,,,INSUFFICIENT,Missing opening/current line or unverified market/quote mapping,insufficient_data,insufficient_data,False,,AMBIGUOUS,UNSUPPORTED_MAPPING: basketball MONEYLINE has no production-verified layout/ordering (Invalid or unsupported linked label: '[Explosivas de Moca vs Leonas De Ponce](https://oddshub.io/basketball/puerto-rico-bsnf-women/74318436?market=ML)'),AMBIGUOUS,AMBIGUOUS,UNSUPPORTED_MAPPING: basketball MONEYLINE has no production-verified layout/ordering (Invalid or unsupported linked label: '[Explosivas de Moca vs Leonas De Ponce](https://oddshub.io/basketball/puerto-rico-bsnf-women/74318436?market=ML)'),538070bd198408c51168d05e9c2eaafb43ba9e5854ceedb87926e48694651eee,AMBIGUOUS,CONSISTENT_WITH_DOCUMENTED_RULE; policy/format limitations retained,Insufficient mapping/baseline or unresolved book orientation; no executable target.
1101,1475314653,69119,2026-09-25T03:50:04.491+00:00,2026-09-25T03:50:04+00:00,PARSED_PARTIAL,,True,basketball,Asian Games - Women,Republic of Korea vs China,SPREAD,16,13.5,,"[{""price"": ""1.952"", ""arrow"": null, ""parenthetical"": null, ""highlighted"": false}, {""price"": ""1.869"", ""arrow"": null, ""parenthetical"": null, ""highlighted"": false}]","[{""price"": ""1.729"", ""arrow"": ""\u2b07"", ""parenthetical"": ""1.943"", ""highlighted"": false}, {""price"": ""2.100"", ""arrow"": ""\u2b06"", ""parenthetical"": ""1.869"", ""highlighted"": false}]",2.5,DOWN,HOME,-15.5,1.83,15.5,1.83,,None (not equal lines),False,-29.0,,AMBIGUOUS,,,HIGH_DIRECTION_ONLY,Cross-book favourite disagreement; Bet365 orientation needs verification,clear_sharp_side_signal,ambiguous,False,,AMBIGUOUS,Pinnacle (13.5) and Bet365 (-15.5) favour different teams by 29.0 points: the Bet365 spread appears to have an unresolved sign reference; do not assume a perspective correction,AMBIGUOUS,AMBIGUOUS,Pinnacle (13.5) and Bet365 (-15.5) favour different teams by 29.0 points: the Bet365 spread appears to have an unresolved sign reference; do not assume a perspective correction,900f25218f95f898a68e71ed9fbd50fa5f27275f07155478900d2c7087feebfa,AMBIGUOUS,CONSISTENT_WITH_DOCUMENTED_RULE; policy/format limitations retained,Insufficient mapping/baseline or unresolved book orientation; no executable target.
1115,1475314653,69133,2026-09-25T04:31:49.537+00:00,2026-09-25T04:31:49+00:00,AMBIGUOUS,,True,basketball,Puerto Rico - Superior Nacional Women,Explosivas de Moca vs Leonas De Ponce,MONEYLINE,,,,"[{""price"": ""1.156"", ""arrow"": null, ""parenthetical"": null, ""highlighted"": false}, {""price"": ""3.910"", ""arrow"": null, ""parenthetical"": null, ""highlighted"": false}]","[{""price"": ""1.925"", ""arrow"": ""\u2b06"", ""parenthetical"": ""1.854"", ""highlighted"": false}, {""price"": ""1.746"", ""arrow"": ""\u2b07"", ""parenthetical"": ""1.813"", ""highlighted"": false}]",,,,,,,,UNVERIFIED_POSITION_2,118.79%,,,,AMBIGUOUS,,,INSUFFICIENT,Missing opening/current line or unverified market/quote mapping,insufficient_data,insufficient_data,False,,AMBIGUOUS,UNSUPPORTED_MAPPING: basketball MONEYLINE has no production-verified layout/ordering (Invalid or unsupported linked label: '[Explosivas de Moca vs Leonas De Ponce](https://oddshub.io/basketball/puerto-rico-bsnf-women/74318436?market=ML)'),AMBIGUOUS,AMBIGUOUS,UNSUPPORTED_MAPPING: basketball MONEYLINE has no production-verified layout/ordering (Invalid or unsupported linked label: '[Explosivas de Moca vs Leonas De Ponce](https://oddshub.io/basketball/puerto-rico-bsnf-women/74318436?market=ML)'),10585d0d9039a943d0840ed6b1df1d12b722c0fe07d575c54baf4c2186f79f10,AMBIGUOUS,CONSISTENT_WITH_DOCUMENTED_RULE; policy/format limitations retained,Insufficient mapping/baseline or unresolved book orientation; no executable target.
1138,1475314653,69156,2026-09-25T05:43:05.297+00:00,2026-09-25T05:43:05+00:00,AMBIGUOUS,,True,basketball,Philippines - NCAA,Arellano Chiefs vs UPHSD Altas,,,,,"[{""price"": ""1.884"", ""arrow"": null, ""parenthetical"": null, ""highlighted"": false}, {""price"": ""1.724"", ""arrow"": null, ""parenthetical"": null, ""highlighted"": false}]","[{""price"": ""1.367"", ""arrow"": ""\u2b07"", ""parenthetical"": ""1.420"", ""highlighted"": false}, {""price"": ""2.680"", ""arrow"": ""\u2b06"", ""parenthetical"": ""2.520"", ""highlighted"": false}]",,,,,,,,UNVERIFIED_POSITION_1,124.18%,,,,AMBIGUOUS,,,INSUFFICIENT,Missing opening/current line or unverified market/quote mapping,insufficient_data,insufficient_data,False,,AMBIGUOUS,MARKET_UNRESOLVED: basketball alert without a market label or fixture link; market not guessed (Invalid or unsupported linked label: 'Arellano Chiefs vs UPHSD Altas'),AMBIGUOUS,AMBIGUOUS,MARKET_UNRESOLVED: basketball alert without a market label or fixture link; market not guessed (Invalid or unsupported linked label: 'Arellano Chiefs vs UPHSD Altas'),e7dc61fb02fd6a3d117e3100ccc93f7199111d39390de8e042436c02f539c143,AMBIGUOUS,CONSISTENT_WITH_DOCUMENTED_RULE; policy/format limitations retained,Insufficient mapping/baseline or unresolved book orientation; no executable target.
1158,1475314653,69176,2026-09-25T05:59:43.951+00:00,2026-09-25T05:59:43+00:00,AMBIGUOUS,,True,basketball,World - Club Friendlies,Anyang Jungkwanjang Red Boosters vs Suwon KT Sonicboom,,,,,"[{""price"": ""1.632"", ""arrow"": null, ""parenthetical"": null, ""highlighted"": false}, {""price"": ""2.080"", ""arrow"": null, ""parenthetical"": null, ""highlighted"": false}]","[{""price"": ""1.909"", ""arrow"": ""\u2b07"", ""parenthetical"": ""1.980"", ""highlighted"": false}, {""price"": ""1.833"", ""arrow"": ""\u2b06"", ""parenthetical"": ""1.769"", ""highlighted"": false}]",,,,,,,,UNVERIFIED_POSITION_1,128.05%,,,,AMBIGUOUS,,,INSUFFICIENT,Missing opening/current line or unverified market/quote mapping,insufficient_data,insufficient_data,False,,AMBIGUOUS,MARKET_UNRESOLVED: basketball alert without a market label or fixture link; market not guessed (Invalid or unsupported linked label: 'Anyang Jungkwanjang Red Boosters vs Suwon KT Sonicboom'),AMBIGUOUS,AMBIGUOUS,MARKET_UNRESOLVED: basketball alert without a market label or fixture link; market not guessed (Invalid or unsupported linked label: 'Anyang Jungkwanjang Red Boosters vs Suwon KT Sonicboom'),6e59b26cce38eca85436333461702d591bb1ab38eae8069390c3d2474564f696,AMBIGUOUS,CONSISTENT_WITH_DOCUMENTED_RULE; policy/format limitations retained,Insufficient mapping/baseline or unresolved book orientation; no executable target.
1159,1475314653,69177,2026-09-25T05:59:45.182+00:00,2026-09-25T05:59:45+00:00,PARSED_PARTIAL,,True,basketball,World - Club Friendlies,Anyang Jungkwanjang Red Boosters vs Suwon KT Sonicboom,TOTALS,164.5,164.5,,"[{""price"": ""1.840"", ""arrow"": null, ""parenthetical"": null, ""highlighted"": false}, {""price"": ""1.826"", ""arrow"": null, ""parenthetical"": null, ""highlighted"": false}]","[{""price"": ""1.813"", ""arrow"": ""\u2b07"", ""parenthetical"": ""1.884"", ""highlighted"": false}, {""price"": ""1.934"", ""arrow"": ""\u2b06"", ""parenthetical"": ""1.854"", ""highlighted"": false}]",0.0,UNCHANGED,,,,,,,None (not equal lines),,,OVER,ACCEPT,,,INSUFFICIENT,Unchanged opening/current line; price-only strategy not established,no_movement,insufficient_data,False,,AMBIGUOUS,No opening-to-current line movement; price-only target policy is unproven,AMBIGUOUS,AMBIGUOUS,No opening-to-current line movement; price-only target policy is unproven,9b0156cf83fa95b423685dbdfd6c7bf2acea63ed4f654353a173f3795fbd9158,AMBIGUOUS,CONSISTENT_WITH_DOCUMENTED_RULE; policy/format limitations retained,Insufficient mapping/baseline or unresolved book orientation; no executable target.
1275,1475314653,69321,2026-09-25T13:33:56.321+00:00,2026-09-25T13:33:56+00:00,AMBIGUOUS,,True,basketball,Japan - B2 League,Ehime Orange Vikings vs Aomori Wats,MONEYLINE,,,,"[{""price"": ""1.051"", ""arrow"": null, ""parenthetical"": null, ""highlighted"": false}, {""price"": ""5.890"", ""arrow"": null, ""parenthetical"": null, ""highlighted"": false}]","[{""price"": ""1.432"", ""arrow"": ""\u2b06"", ""parenthetical"": ""1.409"", ""highlighted"": false}, {""price"": ""2.490"", ""arrow"": ""\u2b07"", ""parenthetical"": ""2.550"", ""highlighted"": false}]",,,,,,,,UNVERIFIED_POSITION_2,123.63%,,,,AMBIGUOUS,,,INSUFFICIENT,Missing opening/current line or unverified market/quote mapping,insufficient_data,insufficient_data,False,,AMBIGUOUS,UNSUPPORTED_MAPPING: basketball MONEYLINE has no production-verified layout/ordering (Invalid or unsupported linked label: '[Ehime Orange Vikings vs Aomori Wats](https://oddshub.io/basketball/japan-b2-league/72702818?market=ML)'),AMBIGUOUS,AMBIGUOUS,UNSUPPORTED_MAPPING: basketball MONEYLINE has no production-verified layout/ordering (Invalid or unsupported linked label: '[Ehime Orange Vikings vs Aomori Wats](https://oddshub.io/basketball/japan-b2-league/72702818?market=ML)'),17d05ddf2bc2d1964a3eb2881f6504e6d2a02e525b8ed74860d4cd1551ad72af,AMBIGUOUS,CONSISTENT_WITH_DOCUMENTED_RULE; policy/format limitations retained,Insufficient mapping/baseline or unresolved book orientation; no executable target.
1285,1475314653,69331,2026-09-25T13:56:41.162+00:00,2026-09-25T13:56:41+00:00,PARSED,,True,basketball,World - Club Friendlies,AD Sanjoanense vs CD Campinho,TOTALS,139.5,139.5,,"[{""price"": ""1.833"", ""arrow"": null, ""parenthetical"": null, ""highlighted"": false}, {""price"": ""1.833"", ""arrow"": null, ""parenthetical"": null, ""highlighted"": false}]","[{""price"": ""2.120"", ""arrow"": ""\u2b06"", ""parenthetical"": ""2.070"", ""highlighted"": false}, {""price"": ""1.606"", ""arrow"": ""\u2b07"", ""parenthetical"": ""1.641"", ""highlighted"": false}]",0.0,UNCHANGED,,,,,,UNDER,106.01%,,,UNDER,ACCEPT,STALE,,INSUFFICIENT,Unchanged opening/current line; price-only strategy not established,no_movement,insufficient_data,False,,AMBIGUOUS,No opening-to-current line movement; price-only target policy is unproven,AMBIGUOUS,AMBIGUOUS,No opening-to-current line movement; price-only target policy is unproven,0cbadfec563177fb14944c4af77ce6cc85d6a4a4a33be171365e05c8ad3588a1,AMBIGUOUS,CONSISTENT_WITH_DOCUMENTED_RULE; policy/format limitations retained,Insufficient mapping/baseline or unresolved book orientation; no executable target.
1321,1475314653,69372,2026-09-25T15:38:23.822+00:00,2026-09-25T15:38:23+00:00,AMBIGUOUS,,True,basketball,Japan - B2 League,Ehime Orange Vikings vs Aomori Wats,MONEYLINE,,,,"[{""price"": ""1.051"", ""arrow"": null, ""parenthetical"": null, ""highlighted"": false}, {""price"": ""5.890"", ""arrow"": null, ""parenthetical"": null, ""highlighted"": false}]","[{""price"": ""1.467"", ""arrow"": ""\u2b06"", ""parenthetical"": ""1.442"", ""highlighted"": false}, {""price"": ""2.400"", ""arrow"": ""\u2b07"", ""parenthetical"": ""2.470"", ""highlighted"": false}]",,,,,,,,UNVERIFIED_POSITION_2,115.31%,,,,AMBIGUOUS,,,INSUFFICIENT,Missing opening/current line or unverified market/quote mapping,insufficient_data,insufficient_data,False,,AMBIGUOUS,UNSUPPORTED_MAPPING: basketball MONEYLINE has no production-verified layout/ordering (Invalid or unsupported linked label: '[Ehime Orange Vikings vs Aomori Wats](https://oddshub.io/basketball/japan-b2-league/72702818?market=ML)'),AMBIGUOUS,AMBIGUOUS,UNSUPPORTED_MAPPING: basketball MONEYLINE has no production-verified layout/ordering (Invalid or unsupported linked label: '[Ehime Orange Vikings vs Aomori Wats](https://oddshub.io/basketball/japan-b2-league/72702818?market=ML)'),647b136e46bdb7db114554fc082988220134e39061f649597b48af167ff682ef,AMBIGUOUS,CONSISTENT_WITH_DOCUMENTED_RULE; policy/format limitations retained,Insufficient mapping/baseline or unresolved book orientation; no executable target.
1338,1475314653,69389,2026-09-25T16:08:43.145+00:00,2026-09-25T16:08:43+00:00,AMBIGUOUS,,True,basketball,World - Club Friendlies,Clube Galitos vs Alianca Sangalhos,,,,,"[{""price"": ""1.226"", ""arrow"": null, ""parenthetical"": null, ""highlighted"": false}, {""price"": ""3.350"", ""arrow"": null, ""parenthetical"": null, ""highlighted"": false}]","[{""price"": ""1.555"", ""arrow"": ""\u2b06"", ""parenthetical"": ""1.460"", ""highlighted"": false}, {""price"": ""2.220"", ""arrow"": ""\u2b07"", ""parenthetical"": ""2.420"", ""highlighted"": false}]",,,,,,,,UNVERIFIED_POSITION_2,127.62%,,,,AMBIGUOUS,,,INSUFFICIENT,Missing opening/current line or unverified market/quote mapping,insufficient_data,insufficient_data,False,,AMBIGUOUS,MARKET_UNRESOLVED: basketball alert without a market label or fixture link; market not guessed (Invalid or unsupported linked label: 'Clube Galitos vs Alianca Sangalhos'),AMBIGUOUS,AMBIGUOUS,MARKET_UNRESOLVED: basketball alert without a market label or fixture link; market not guessed (Invalid or unsupported linked label: 'Clube Galitos vs Alianca Sangalhos'),e3fc90b79b2f19192ba3e2798d23769e7ee6f249fe0f311c66dad6d0f6dea999,AMBIGUOUS,CONSISTENT_WITH_DOCUMENTED_RULE; policy/format limitations retained,Insufficient mapping/baseline or unresolved book orientation; no executable target.
1340,1475314653,69391,2026-09-25T16:08:50.378+00:00,2026-09-25T16:08:50+00:00,AMBIGUOUS,,True,basketball,World - Club Friendlies,Clube Galitos vs Alianca Sangalhos,,,,,"[{""price"": ""1.226"", ""arrow"": null, ""parenthetical"": null, ""highlighted"": false}, {""price"": ""3.350"", ""arrow"": null, ""parenthetical"": null, ""highlighted"": false}]","[{""price"": ""1.694"", ""arrow"": ""\u2b06"", ""parenthetical"": ""1.555"", ""highlighted"": false}, {""price"": ""1.990"", ""arrow"": ""\u2b07"", ""parenthetical"": ""2.220"", ""highlighted"": false}]",,,,,,,,UNVERIFIED_POSITION_2,145.25%,,,,AMBIGUOUS,,,INSUFFICIENT,Missing opening/current line or unverified market/quote mapping,insufficient_data,insufficient_data,False,,AMBIGUOUS,MARKET_UNRESOLVED: basketball alert without a market label or fixture link; market not guessed (Invalid or unsupported linked label: 'Clube Galitos vs Alianca Sangalhos'),AMBIGUOUS,AMBIGUOUS,MARKET_UNRESOLVED: basketball alert without a market label or fixture link; market not guessed (Invalid or unsupported linked label: 'Clube Galitos vs Alianca Sangalhos'),07acaf4015104621b158a7ed5bdbe9fb91b189c322817cfec685cbcf8aecc95c,AMBIGUOUS,CONSISTENT_WITH_DOCUMENTED_RULE; policy/format limitations retained,Insufficient mapping/baseline or unresolved book orientation; no executable target.
1381,1475314653,69434,2026-09-25T16:43:13.764+00:00,2026-09-25T16:43:13+00:00,AMBIGUOUS,,True,basketball,Sweden - Basketligan,Sodertalje BBK vs Sloga Uppsala,MONEYLINE,,,,"[{""price"": ""1.027"", ""arrow"": null, ""parenthetical"": null, ""highlighted"": false}, {""price"": ""8.980"", ""arrow"": null, ""parenthetical"": null, ""highlighted"": false}]","[{""price"": ""1.442"", ""arrow"": ""\u2b06"", ""parenthetical"": ""1.423"", ""highlighted"": false}, {""price"": ""2.600"", ""arrow"": ""\u2b07"", ""parenthetical"": ""2.660"", ""highlighted"": false}]",,,,,,,,UNVERIFIED_POSITION_2,110.22%,,,,AMBIGUOUS,,,INSUFFICIENT,Missing opening/current line or unverified market/quote mapping,insufficient_data,insufficient_data,False,,AMBIGUOUS,UNSUPPORTED_MAPPING: basketball MONEYLINE has no production-verified layout/ordering (Invalid or unsupported linked label: '[Sodertalje BBK vs Sloga Uppsala](https://oddshub.io/basketball/sweden-ligan/72016276?market=ML)'),AMBIGUOUS,AMBIGUOUS,UNSUPPORTED_MAPPING: basketball MONEYLINE has no production-verified layout/ordering (Invalid or unsupported linked label: '[Sodertalje BBK vs Sloga Uppsala](https://oddshub.io/basketball/sweden-ligan/72016276?market=ML)'),3a132f426e843079ffb7d76dd38a743ce59a4b3873465caf574625cc7f5e9da9,AMBIGUOUS,CONSISTENT_WITH_DOCUMENTED_RULE; policy/format limitations retained,Insufficient mapping/baseline or unresolved book orientation; no executable target.
1394,1475314653,69448,2026-09-25T16:47:43.263+00:00,2026-09-25T16:47:43+00:00,DUPLICATE,,True,basketball,Czech Republic - 1. Liga,Basketbal Olomouc vs Sk Zabovresky,SPREAD,-3.5,2.5,,"[{""price"": ""1.800"", ""arrow"": null, ""parenthetical"": null, ""highlighted"": false}, {""price"": ""1.800"", ""arrow"": null, ""parenthetical"": null, ""highlighted"": false}]","[{""price"": ""1.833"", ""arrow"": ""\u2b06"", ""parenthetical"": ""1.793"", ""highlighted"": false}, {""price"": ""1.826"", ""arrow"": ""\u2b07"", ""parenthetical"": ""1.869"", ""highlighted"": false}]",6.0,UP,AWAY,1.5,1.83,-1.5,1.83,,None (not equal lines),False,4.0,AWAY,ACCEPT,,True,HIGH_DIRECTION_ONLY,Cross-book favourite disagreement; Bet365 orientation needs verification,clear_sharp_side_signal,ambiguous,False,,AMBIGUOUS,Pinnacle (2.5) and Bet365 (-1.5) favour different teams by 4.0 points: the Bet365 spread appears to have an unresolved sign reference; do not assume a perspective correction,AMBIGUOUS,AMBIGUOUS,Pinnacle (2.5) and Bet365 (-1.5) favour different teams by 4.0 points: the Bet365 spread appears to have an unresolved sign reference; do not assume a perspective correction,4b22d25ad174f9657827bbca8522c5dc9567641c314da49a809d1cba65b07a89,AMBIGUOUS,CONSISTENT_WITH_DOCUMENTED_RULE; policy/format limitations retained,Insufficient mapping/baseline or unresolved book orientation; no executable target.
1410,1475314653,69465,2026-09-25T17:14:36.299+00:00,2026-09-25T17:14:36+00:00,PARSED,,True,basketball,Japan - B2 League,Veltex Shizuoka vs Fighting Eagles Nagoya,SPREAD,10.5,10.5,,"[{""price"": ""1.833"", ""arrow"": null, ""parenthetical"": null, ""highlighted"": false}, {""price"": ""1.833"", ""arrow"": null, ""parenthetical"": null, ""highlighted"": false}]","[{""price"": ""1.598"", ""arrow"": ""\u2b07"", ""parenthetical"": ""1.746"", ""highlighted"": false}, {""price"": ""2.110"", ""arrow"": ""\u2b06"", ""parenthetical"": ""1.925"", ""highlighted"": false}]",0.0,UNCHANGED,,,,,,HOME,106.15%,,,HOME,ACCEPT,STALE,,INSUFFICIENT,Unchanged opening/current line; price-only strategy not established,no_movement,insufficient_data,False,,AMBIGUOUS,No opening-to-current line movement; price-only target policy is unproven,AMBIGUOUS,AMBIGUOUS,No opening-to-current line movement; price-only target policy is unproven,5a30a94d6a6d682a20e87335599acaead9361747b6965eac62c869c2c08411c8,AMBIGUOUS,CONSISTENT_WITH_DOCUMENTED_RULE; policy/format limitations retained,Insufficient mapping/baseline or unresolved book orientation; no executable target.
1411,1475314653,69466,2026-09-25T17:14:44.389+00:00,2026-09-25T17:14:44+00:00,DUPLICATE,,True,basketball,Japan - B2 League,Veltex Shizuoka vs Fighting Eagles Nagoya,SPREAD,10.5,10.5,,"[{""price"": ""1.833"", ""arrow"": null, ""parenthetical"": null, ""highlighted"": false}, {""price"": ""1.833"", ""arrow"": null, ""parenthetical"": null, ""highlighted"": false}]","[{""price"": ""1.552"", ""arrow"": ""\u2b07"", ""parenthetical"": ""1.598"", ""highlighted"": false}, {""price"": ""2.190"", ""arrow"": ""\u2b06"", ""parenthetical"": ""2.110"", ""highlighted"": false}]",0.0,UNCHANGED,,,,,,HOME,109.62%,,,HOME,ACCEPT,,,INSUFFICIENT,Unchanged opening/current line; price-only strategy not established,no_movement,insufficient_data,False,,AMBIGUOUS,No opening-to-current line movement; price-only target policy is unproven,AMBIGUOUS,AMBIGUOUS,No opening-to-current line movement; price-only target policy is unproven,885ffd8d05495489d1eaf990b683cec02acea38d52daf77724fc6f8d324c65c7,AMBIGUOUS,CONSISTENT_WITH_DOCUMENTED_RULE; policy/format limitations retained,Insufficient mapping/baseline or unresolved book orientation; no executable target.
1417,1475314653,69472,2026-09-25T17:16:45.893+00:00,2026-09-25T17:16:45+00:00,DUPLICATE,,True,basketball,Japan - B2 League,Veltex Shizuoka vs Fighting Eagles Nagoya,SPREAD,10.5,10.5,7,"[{""price"": ""1.833"", ""arrow"": null, ""parenthetical"": null, ""highlighted"": false}, {""price"": ""1.833"", ""arrow"": null, ""parenthetical"": null, ""highlighted"": false}]","[{""price"": ""1.558"", ""arrow"": ""\u2b07"", ""parenthetical"": ""1.862"", ""highlighted"": false}, {""price"": ""2.180"", ""arrow"": ""\u2b06"", ""parenthetical"": ""1.806"", ""highlighted"": false}]",0.0,UNCHANGED,,,,,,HOME,109.18%,,,HOME,ACCEPT,,,INSUFFICIENT,Unchanged opening/current line; price-only strategy not established,no_movement,insufficient_data,False,,AMBIGUOUS,No opening-to-current line movement; price-only target policy is unproven,AMBIGUOUS,AMBIGUOUS,No opening-to-current line movement; price-only target policy is unproven,b37e38749e99186ddfa23f0e8aa05212f7c0d25f41eb86aa001646feb0386bed,AMBIGUOUS,CONSISTENT_WITH_DOCUMENTED_RULE; policy/format limitations retained,Insufficient mapping/baseline or unresolved book orientation; no executable target.
1444,1475314653,69506,2026-09-25T17:53:25.496+00:00,2026-09-25T17:53:25+00:00,AMBIGUOUS,,True,basketball,France - Nationale 1,Besancon vs Val De Seine,MONEYLINE,,,,"[{""price"": ""1.271"", ""arrow"": null, ""parenthetical"": null, ""highlighted"": false}, {""price"": ""3.090"", ""arrow"": null, ""parenthetical"": null, ""highlighted"": false}]","[{""price"": ""1.581"", ""arrow"": ""\u2b07"", ""parenthetical"": ""1.746"", ""highlighted"": false}, {""price"": ""2.270"", ""arrow"": ""\u2b06"", ""parenthetical"": ""2.010"", ""highlighted"": false}]",,,,,,,,UNVERIFIED_POSITION_1,111.53%,,,,AMBIGUOUS,,,INSUFFICIENT,Missing opening/current line or unverified market/quote mapping,insufficient_data,insufficient_data,False,,AMBIGUOUS,UNSUPPORTED_MAPPING: basketball MONEYLINE has no production-verified layout/ordering (Invalid or unsupported linked label: '[Besancon vs Val De Seine](https://oddshub.io/basketball/france-nationale-1-group-a/73456576?market=ML)'),AMBIGUOUS,AMBIGUOUS,UNSUPPORTED_MAPPING: basketball MONEYLINE has no production-verified layout/ordering (Invalid or unsupported linked label: '[Besancon vs Val De Seine](https://oddshub.io/basketball/france-nationale-1-group-a/73456576?market=ML)'),ddb1d6089042d3d144ae7ed246798f2ce504a51555d349a745e3400b9568243f,AMBIGUOUS,CONSISTENT_WITH_DOCUMENTED_RULE; policy/format limitations retained,Insufficient mapping/baseline or unresolved book orientation; no executable target.
84,1475314653,68037,2026-09-23T15:16:22.322+00:00,2026-09-23T15:16:22+00:00,INVALID,,True,basketball,Finland - Suomen Cup,Bisons Loimaa vs Salon Vilpas Vikings,TOTALS,167.5,158,159,"[{""price"": ""1.806"", ""arrow"": null, ""parenthetical"": null, ""highlighted"": false}, {""price"": ""1.793"", ""arrow"": null, ""parenthetical"": null, ""highlighted"": false}]","[{""price"": ""1.833"", ""arrow"": ""\u2b07"", ""parenthetical"": ""1.847"", ""highlighted"": false}, {""price"": ""1.833"", ""arrow"": ""\u2b06"", ""parenthetical"": ""1.819"", ""highlighted"": false}]",9.5,DOWN,UNDER,163.5,1.83,163.5,1.83,,None (not equal lines),False,5.5,UNDER,ACCEPT,,True,HIGH_DIRECTION_ONLY,,clear_sharp_side_signal,favourable_line_unpriced,False,UNDER,REJECT,sharp_movement: Minimum Pinnacle movement policy is not configured; no threshold invented,REJECT,ACCEPT,All rules passed,9d2d56f773e693243bf884350478ab1434db0394bbd617c41d00bcf132b9f17c,ACCEPT,CONSISTENT_WITH_DOCUMENTED_RULE; policy/format limitations retained,Counterfactual only. Net direction and same-side offer checked; no profitability claim; production blocked by unset policy.
86,1475314653,68039,2026-09-23T15:16:32.247+00:00,2026-09-23T15:16:32+00:00,INVALID,,True,basketball,Finland - Suomen Cup,Bisons Loimaa vs Salon Vilpas Vikings,TOTALS,167.5,157.5,157,"[{""price"": ""1.806"", ""arrow"": null, ""parenthetical"": null, ""highlighted"": false}, {""price"": ""1.793"", ""arrow"": null, ""parenthetical"": null, ""highlighted"": false}]","[{""price"": ""1.900"", ""arrow"": ""\u2b06"", ""parenthetical"": ""1.800"", ""highlighted"": false}, {""price"": ""1.769"", ""arrow"": ""\u2b07"", ""parenthetical"": ""1.862"", ""highlighted"": false}]",10.0,DOWN,UNDER,163.5,1.83,163.5,1.83,,None (not equal lines),False,6.0,UNDER,ACCEPT,,True,HIGH_DIRECTION_ONLY,,clear_sharp_side_signal,favourable_line_unpriced,True,UNDER,REJECT,sharp_movement: Minimum Pinnacle movement policy is not configured; no threshold invented,REJECT,ACCEPT,All rules passed,b2245ed3fa86b1bfd2c0e6eb722102c457335429e715fbf012bc44b128268933,ACCEPT,CONSISTENT_WITH_DOCUMENTED_RULE; policy/format limitations retained,Counterfactual only. Net direction and same-side offer checked; no profitability claim; production blocked by unset policy.
97,1475314653,68050,2026-09-23T15:17:59.407+00:00,2026-09-23T15:17:59+00:00,INVALID,,True,basketball,Finland - Suomen Cup,Bisons Loimaa vs Salon Vilpas Vikings,TOTALS,167.5,156,155.5,"[{""price"": ""1.806"", ""arrow"": null, ""parenthetical"": null, ""highlighted"": false}, {""price"": ""1.793"", ""arrow"": null, ""parenthetical"": null, ""highlighted"": false}]","[{""price"": ""1.847"", ""arrow"": ""\u2b06"", ""parenthetical"": ""1.800"", ""highlighted"": false}, {""price"": ""1.819"", ""arrow"": ""\u2b07"", ""parenthetical"": ""1.869"", ""highlighted"": false}]",11.5,DOWN,UNDER,163.5,1.83,163.5,1.83,,None (not equal lines),False,7.5,UNDER,ACCEPT,,True,HIGH_DIRECTION_ONLY,,clear_sharp_side_signal,favourable_line_unpriced,True,UNDER,REJECT,sharp_movement: Minimum Pinnacle movement policy is not configured; no threshold invented,REJECT,ACCEPT,All rules passed,2cc6d62fbeb34f90742e5b6da119d42a2dd20099e53b54fc47a1fe5289f63447,ACCEPT,CONSISTENT_WITH_DOCUMENTED_RULE; policy/format limitations retained,Counterfactual only. Net direction and same-side offer checked; no profitability claim; production blocked by unset policy.
100,1475314653,68053,2026-09-23T15:18:16.295+00:00,2026-09-23T15:18:16+00:00,INVALID,,True,basketball,Finland - Suomen Cup,Bisons Loimaa vs Salon Vilpas Vikings,TOTALS,167.5,155.5,156.5,"[{""price"": ""1.806"", ""arrow"": null, ""parenthetical"": null, ""highlighted"": false}, {""price"": ""1.793"", ""arrow"": null, ""parenthetical"": null, ""highlighted"": false}]","[{""price"": ""1.813"", ""arrow"": ""\u2b07"", ""parenthetical"": ""1.909"", ""highlighted"": false}, {""price"": ""1.854"", ""arrow"": ""\u2b06"", ""parenthetical"": ""1.763"", ""highlighted"": false}]",12.0,DOWN,UNDER,163.5,1.83,163.5,1.83,,None (not equal lines),False,8.0,UNDER,ACCEPT,,True,HIGH_DIRECTION_ONLY,,clear_sharp_side_signal,favourable_line_unpriced,False,UNDER,REJECT,sharp_movement: Minimum Pinnacle movement policy is not configured; no threshold invented,REJECT,ACCEPT,All rules passed,5a4f77185b7d7026f73beac17f0e4e7bb1a047026b6d9df31417f804bced0b89,ACCEPT,CONSISTENT_WITH_DOCUMENTED_RULE; policy/format limitations retained,Counterfactual only. Net direction and same-side offer checked; no profitability claim; production blocked by unset policy.
127,1475314653,68081,2026-09-23T15:39:10.749+00:00,2026-09-23T15:39:10+00:00,PARSED,,True,basketball,Europe - Eurocup Qualification Women,AEO Proteas Voulas vs Elitzur Ramla,SPREAD,17,15.5,,"[{""price"": ""1.793"", ""arrow"": null, ""parenthetical"": null, ""highlighted"": false}, {""price"": ""1.869"", ""arrow"": null, ""parenthetical"": null, ""highlighted"": false}]","[{""price"": ""1.602"", ""arrow"": ""\u2b07"", ""parenthetical"": ""1.653"", ""highlighted"": false}, {""price"": ""2.200"", ""arrow"": ""\u2b06"", ""parenthetical"": ""2.110"", ""highlighted"": false}]",1.5,DOWN,HOME,15.5,1.83,-15.5,1.83,HOME,107.66%,True,0.0,HOME,ACCEPT,STALE,True,HIGH_DIRECTION_ONLY,,clear_sharp_side_signal,equal_line_supplied_edge,False,HOME,REJECT,sharp_movement: Minimum Pinnacle movement policy is not configured; no threshold invented,REJECT,ACCEPT,All rules passed,6ee5209ca70a48c10081371f712abb07e3ef66b47850995b92b8d3cd494023de,ACCEPT,CONSISTENT_WITH_DOCUMENTED_RULE; policy/format limitations retained,Counterfactual only. Net direction and same-side offer checked; no profitability claim; production blocked by unset policy.
136,1475314653,68090,2026-09-23T15:46:55.960+00:00,2026-09-23T15:46:55+00:00,PARSED,,True,basketball,Israel - League Cup,Hapoel Haemek vs Elitzur Kiryat Atta,TOTALS,168.5,171.5,,"[{""price"": ""1.840"", ""arrow"": null, ""parenthetical"": null, ""highlighted"": false}, {""price"": ""1.826"", ""arrow"": null, ""parenthetical"": null, ""highlighted"": false}]","[{""price"": ""1.806"", ""arrow"": ""\u2b07"", ""parenthetical"": ""1.862"", ""highlighted"": false}, {""price"": ""1.943"", ""arrow"": ""\u2b06"", ""parenthetical"": ""1.877"", ""highlighted"": false}]",3.0,UP,OVER,171.5,2.15,171.5,1.62,OVER,111.84%,True,0.0,OVER,ACCEPT,STALE,True,HIGH_DIRECTION_ONLY,,clear_sharp_side_signal,equal_line_supplied_edge,False,OVER,REJECT,sharp_movement: Minimum Pinnacle movement policy is not configured; no threshold invented,REJECT,ACCEPT,All rules passed,6789d219de148dfb06da1500d54dccdfa47393806e4292bcb358318cbacc92e4,ACCEPT,CONSISTENT_WITH_DOCUMENTED_RULE; policy/format limitations retained,Counterfactual only. Net direction and same-side offer checked; no profitability claim; production blocked by unset policy.
204,1475314653,68165,2026-09-23T18:22:29.004+00:00,2026-09-23T18:22:29+00:00,PARSED_PARTIAL,,True,basketball,Brazil - Paulista FPB U20,Basquete Santos vs Mogi das Cruzes,TOTALS,151,141,,"[{""price"": ""1.813"", ""arrow"": null, ""parenthetical"": null, ""highlighted"": false}, {""price"": ""1.854"", ""arrow"": null, ""parenthetical"": null, ""highlighted"": false}]","[{""price"": ""1.917"", ""arrow"": ""\u2b06"", ""parenthetical"": ""1.884"", ""highlighted"": false}, {""price"": ""1.819"", ""arrow"": ""\u2b07"", ""parenthetical"": ""1.854"", ""highlighted"": false}]",10,DOWN,UNDER,144.5,1.83,144.5,1.83,,None (not equal lines),False,3.5,UNDER,ACCEPT,,True,HIGH_DIRECTION_ONLY,,clear_sharp_side_signal,favourable_line_unpriced,False,UNDER,REJECT,sharp_movement: Minimum Pinnacle movement policy is not configured; no threshold invented,REJECT,ACCEPT,All rules passed,61815e1670a00809ca28bc6b280558510ec545181afb30d0dbde63c0cd30f164,ACCEPT,CONSISTENT_WITH_DOCUMENTED_RULE; policy/format limitations retained,Counterfactual only. Net direction and same-side offer checked; no profitability claim; production blocked by unset policy.
213,1475314653,68175,2026-09-23T18:56:59.608+00:00,2026-09-23T18:56:59+00:00,PARSED_PARTIAL,,True,basketball,Chile - LNB,CD Castro vs CSD Colo Colo,SPREAD,4.5,2.5,3.5,"[{""price"": ""1.854"", ""arrow"": null, ""parenthetical"": null, ""highlighted"": false}, {""price"": ""1.746"", ""arrow"": null, ""parenthetical"": null, ""highlighted"": false}]","[{""price"": ""1.781"", ""arrow"": ""\u2b06"", ""parenthetical"": ""1.775"", ""highlighted"": false}, {""price"": ""1.819"", ""arrow"": ""\u2b07"", ""parenthetical"": ""1.826"", ""highlighted"": false}]",2.0,DOWN,HOME,4.5,1.83,-4.5,1.83,,None (not equal lines),False,2.0,HOME,ACCEPT,,True,HIGH_DIRECTION_ONLY,,clear_sharp_side_signal,favourable_line_unpriced,False,HOME,REJECT,sharp_movement: Minimum Pinnacle movement policy is not configured; no threshold invented,REJECT,ACCEPT,All rules passed,78ced188a7e726abe42ec3eb2a8fd82e4332b853b05c9b23a6d8956f80bc255f,ACCEPT,CONSISTENT_WITH_DOCUMENTED_RULE; policy/format limitations retained,Counterfactual only. Net direction and same-side offer checked; no profitability claim; production blocked by unset policy.
264,1475314653,68226,2026-09-23T20:21:18.069+00:00,2026-09-23T20:21:18+00:00,PARSED_PARTIAL,,True,basketball,Brazil - Paulista League Women,Apagebask Guarulhos vs Santo Andre,SPREAD,26.5,31.5,,"[{""price"": ""1.819"", ""arrow"": null, ""parenthetical"": null, ""highlighted"": false}, {""price"": ""1.781"", ""arrow"": null, ""parenthetical"": null, ""highlighted"": false}]","[{""price"": ""1.833"", ""arrow"": ""\u2b06"", ""parenthetical"": ""1.793"", ""highlighted"": false}, {""price"": ""1.769"", ""arrow"": ""\u2b07"", ""parenthetical"": ""1.806"", ""highlighted"": false}]",5.0,UP,AWAY,-28.5,1.83,28.5,1.83,,None (not equal lines),False,3.0,AWAY,ACCEPT,,True,HIGH_DIRECTION_ONLY,,clear_sharp_side_signal,favourable_line_unpriced,False,AWAY,REJECT,sharp_movement: Minimum Pinnacle movement policy is not configured; no threshold invented,REJECT,ACCEPT,All rules passed,11d5a882ecb2526e95a91d5e046f32ec8cea02e6b7f40ca3fad08b36adaed813,ACCEPT,CONSISTENT_WITH_DOCUMENTED_RULE; policy/format limitations retained,Counterfactual only. Net direction and same-side offer checked; no profitability claim; production blocked by unset policy.
298,1475314653,68261,2026-09-23T22:10:37.883+00:00,2026-09-23T22:10:37+00:00,PARSED_PARTIAL,,True,basketball,Europe - Eurocup Qualification Women,BC Beroe vs Ferrol,SPREAD,6.5,17.5,,"[{""price"": ""1.833"", ""arrow"": null, ""parenthetical"": null, ""highlighted"": false}, {""price"": ""1.833"", ""arrow"": null, ""parenthetical"": null, ""highlighted"": false}]","[{""price"": ""1.884"", ""arrow"": ""\u2b06"", ""parenthetical"": ""1.806"", ""highlighted"": false}, {""price"": ""1.787"", ""arrow"": ""\u2b07"", ""parenthetical"": ""1.862"", ""highlighted"": false}]",11.0,UP,AWAY,-14.5,1.83,14.5,1.83,,None (not equal lines),False,3.0,AWAY,ACCEPT,,True,HIGH_DIRECTION_ONLY,,clear_sharp_side_signal,favourable_line_unpriced,False,AWAY,REJECT,sharp_movement: Minimum Pinnacle movement policy is not configured; no threshold invented,REJECT,ACCEPT,All rules passed,72d7ed397d91fe516ce07c54d7562825c452f5501826d1e6bf15c1f85198f764,ACCEPT,CONSISTENT_WITH_DOCUMENTED_RULE; policy/format limitations retained,Counterfactual only. Net direction and same-side offer checked; no profitability claim; production blocked by unset policy.
309,1475314653,68272,2026-09-23T22:38:22.033+00:00,2026-09-23T22:38:22+00:00,PARSED_PARTIAL,,True,basketball,Brazil - Campeonato FCB,APAB Blumenau vs Ajab Secel,TOTALS,154.5,151.5,,"[{""price"": ""1.840"", ""arrow"": null, ""parenthetical"": null, ""highlighted"": false}, {""price"": ""1.826"", ""arrow"": null, ""parenthetical"": null, ""highlighted"": false}]","[{""price"": ""1.869"", ""arrow"": ""\u2b06"", ""parenthetical"": ""1.826"", ""highlighted"": false}, {""price"": ""1.800"", ""arrow"": ""\u2b07"", ""parenthetical"": ""1.840"", ""highlighted"": false}]",3.0,DOWN,UNDER,154.5,1.83,154.5,1.83,,None (not equal lines),False,3.0,UNDER,ACCEPT,,True,HIGH_DIRECTION_ONLY,,clear_sharp_side_signal,favourable_line_unpriced,False,UNDER,REJECT,sharp_movement: Minimum Pinnacle movement policy is not configured; no threshold invented,REJECT,ACCEPT,All rules passed,3515fdd39b0d103aaabe56c5c470fab9accc379e5322de6b2f0e224e3e59864c,ACCEPT,CONSISTENT_WITH_DOCUMENTED_RULE; policy/format limitations retained,Counterfactual only. Net direction and same-side offer checked; no profitability claim; production blocked by unset policy.
356,1475314653,68321,2026-09-24T00:55:55.936+00:00,2026-09-24T00:55:55+00:00,PARSED_PARTIAL,,True,basketball,Chile - LNB,CD Castro vs CSD Colo Colo,SPREAD,4.5,-6,-5.5,"[{""price"": ""1.854"", ""arrow"": null, ""parenthetical"": null, ""highlighted"": false}, {""price"": ""1.746"", ""arrow"": null, ""parenthetical"": null, ""highlighted"": false}]","[{""price"": ""1.769"", ""arrow"": ""\u2b07"", ""parenthetical"": ""1.854"", ""highlighted"": false}, {""price"": ""1.833"", ""arrow"": ""\u2b06"", ""parenthetical"": ""1.746"", ""highlighted"": false}]",10.5,DOWN,HOME,-1.5,1.83,1.5,1.83,,None (not equal lines),False,4.5,HOME,ACCEPT,,True,HIGH_DIRECTION_ONLY,,clear_sharp_side_signal,favourable_line_unpriced,False,HOME,REJECT,sharp_movement: Minimum Pinnacle movement policy is not configured; no threshold invented,REJECT,ACCEPT,All rules passed,cc075251253f566871838ced5a59a15a7739e9f86ad0ddd6d1c100c75171b8e7,ACCEPT,CONSISTENT_WITH_DOCUMENTED_RULE; policy/format limitations retained,Counterfactual only. Net direction and same-side offer checked; no profitability claim; production blocked by unset policy.
379,1475314653,68344,2026-09-24T02:18:41.082+00:00,2026-09-24T02:18:41+00:00,PARSED_PARTIAL,,True,basketball,World - Club Friendlies,Goyang Skygunners vs Seoul SK Knights,SPREAD,2.5,12,,"[{""price"": ""1.833"", ""arrow"": null, ""parenthetical"": null, ""highlighted"": false}, {""price"": ""1.833"", ""arrow"": null, ""parenthetical"": null, ""highlighted"": false}]","[{""price"": ""1.917"", ""arrow"": ""\u2b06"", ""parenthetical"": ""1.847"", ""highlighted"": false}, {""price"": ""1.746"", ""arrow"": ""\u2b07"", ""parenthetical"": ""1.819"", ""highlighted"": false}]",9.5,UP,AWAY,-7.5,1.83,7.5,1.83,,None (not equal lines),False,4.5,AWAY,ACCEPT,,True,HIGH_DIRECTION_ONLY,,clear_sharp_side_signal,favourable_line_unpriced,False,AWAY,REJECT,sharp_movement: Minimum Pinnacle movement policy is not configured; no threshold invented,REJECT,ACCEPT,All rules passed,c150ba8d276828289767dd91691505adf19301b39b8537a75d8f0db6208ca6c4,ACCEPT,CONSISTENT_WITH_DOCUMENTED_RULE; policy/format limitations retained,Counterfactual only. Net direction and same-side offer checked; no profitability claim; production blocked by unset policy.
385,1475314653,68350,2026-09-24T02:25:10.175+00:00,2026-09-24T02:25:10+00:00,DUPLICATE,,True,basketball,World - Club Friendlies,Goyang Skygunners vs Seoul SK Knights,SPREAD,2.5,7.5,,"[{""price"": ""1.833"", ""arrow"": null, ""parenthetical"": null, ""highlighted"": false}, {""price"": ""1.833"", ""arrow"": null, ""parenthetical"": null, ""highlighted"": false}]","[{""price"": ""2.250"", ""arrow"": ""\u2b06"", ""parenthetical"": ""2.120"", ""highlighted"": false}, {""price"": ""1.523"", ""arrow"": ""\u2b07"", ""parenthetical"": ""1.588"", ""highlighted"": false}]",5.0,UP,AWAY,-7.5,1.83,7.5,1.83,AWAY,111.99%,True,0.0,AWAY,ACCEPT,,True,HIGH_DIRECTION_ONLY,,clear_sharp_side_signal,equal_line_supplied_edge,False,AWAY,REJECT,sharp_movement: Minimum Pinnacle movement policy is not configured; no threshold invented,REJECT,ACCEPT,All rules passed,6c319fbb9a1d1aa0a6787bcd691850e91c9cdce54e6294ed137a52432b1fdb7e,ACCEPT,CONSISTENT_WITH_DOCUMENTED_RULE; policy/format limitations retained,Counterfactual only. Net direction and same-side offer checked; no profitability claim; production blocked by unset policy.
398,1475314653,68363,2026-09-24T02:50:32.509+00:00,2026-09-24T02:50:32+00:00,PARSED,,True,basketball,World - Intercontinental Cup,Atletico Boca Juniors vs NBA G League United,SPREAD,13,9,,"[{""price"": ""1.869"", ""arrow"": null, ""parenthetical"": null, ""highlighted"": false}, {""price"": ""1.869"", ""arrow"": null, ""parenthetical"": null, ""highlighted"": false}]","[{""price"": ""1.719"", ""arrow"": ""\u2b07"", ""parenthetical"": ""1.877"", ""highlighted"": false}, {""price"": ""2.030"", ""arrow"": ""\u2b06"", ""parenthetical"": ""1.862"", ""highlighted"": false}]",4,DOWN,HOME,9,2.20,-9,1.60,HOME,120.18%,True,0,HOME,ACCEPT,STALE,True,HIGH_DIRECTION_ONLY,,clear_sharp_side_signal,equal_line_supplied_edge,False,HOME,REJECT,sharp_movement: Minimum Pinnacle movement policy is not configured; no threshold invented,REJECT,ACCEPT,All rules passed,7baec4e0d4ced3dde5fb773b0c398db921be67eb696ff0a21f14598ae82c2362,ACCEPT,CONSISTENT_WITH_DOCUMENTED_RULE; policy/format limitations retained,Counterfactual only. Net direction and same-side offer checked; no profitability claim; production blocked by unset policy.
401,1475314653,68366,2026-09-24T02:54:46.716+00:00,2026-09-24T02:54:46+00:00,DUPLICATE,,True,basketball,Puerto Rico - Superior Nacional Women,Gigantes de Carolina vs Atenienses de Manati,SPREAD,2,1.5,,"[{""price"": ""1.847"", ""arrow"": null, ""parenthetical"": null, ""highlighted"": false}, {""price"": ""1.813"", ""arrow"": null, ""parenthetical"": null, ""highlighted"": false}]","[{""price"": ""1.543"", ""arrow"": ""\u2b07"", ""parenthetical"": ""1.564"", ""highlighted"": false}, {""price"": ""2.210"", ""arrow"": ""\u2b06"", ""parenthetical"": ""2.170"", ""highlighted"": false}]",0.5,DOWN,HOME,1.5,1.83,-1.5,1.83,HOME,110.38%,True,0.0,HOME,ACCEPT,,True,HIGH_DIRECTION_ONLY,,clear_sharp_side_signal,equal_line_supplied_edge,False,HOME,REJECT,sharp_movement: Minimum Pinnacle movement policy is not configured; no threshold invented,REJECT,ACCEPT,All rules passed,5ea40c0d2cb41acf0c2c8299ee507733cae119da4f9258a7b3d9a771bf50b468,ACCEPT,CONSISTENT_WITH_DOCUMENTED_RULE; policy/format limitations retained,Counterfactual only. Net direction and same-side offer checked; no profitability claim; production blocked by unset policy.
421,1475314653,68386,2026-09-24T03:12:26.916+00:00,2026-09-24T03:12:26+00:00,PARSED,,True,basketball,Puerto Rico - Superior Nacional Women,Gigantes de Carolina vs Atenienses de Manati,SPREAD,2,-1.5,,"[{""price"": ""1.847"", ""arrow"": null, ""parenthetical"": null, ""highlighted"": false}, {""price"": ""1.813"", ""arrow"": null, ""parenthetical"": null, ""highlighted"": false}]","[{""price"": ""1.534"", ""arrow"": ""\u2b07"", ""parenthetical"": ""1.564"", ""highlighted"": false}, {""price"": ""2.220"", ""arrow"": ""\u2b06"", ""parenthetical"": ""2.170"", ""highlighted"": false}]",3.5,DOWN,HOME,-1.5,1.83,1.5,1.83,HOME,110.97%,True,0.0,HOME,ACCEPT,STALE,True,HIGH_DIRECTION_ONLY,,clear_sharp_side_signal,equal_line_supplied_edge,False,HOME,REJECT,sharp_movement: Minimum Pinnacle movement policy is not configured; no threshold invented,REJECT,ACCEPT,All rules passed,cd1bccdcf45a3ce3d831ed27e13bbd7b55f07ddf476a871ccc461cd72310eafd,ACCEPT,CONSISTENT_WITH_DOCUMENTED_RULE; policy/format limitations retained,Counterfactual only. Net direction and same-side offer checked; no profitability claim; production blocked by unset policy.
488,1475314653,68453,2026-09-24T06:21:57.366+00:00,2026-09-24T06:21:57+00:00,DUPLICATE,,True,basketball,Puerto Rico - Superior Nacional Women,Gigantes de Carolina vs Atenienses de Manati,SPREAD,2,-1.5,,"[{""price"": ""1.847"", ""arrow"": null, ""parenthetical"": null, ""highlighted"": false}, {""price"": ""1.813"", ""arrow"": null, ""parenthetical"": null, ""highlighted"": false}]","[{""price"": ""1.529"", ""arrow"": ""\u2b07"", ""parenthetical"": ""1.564"", ""highlighted"": false}, {""price"": ""2.230"", ""arrow"": ""\u2b06"", ""parenthetical"": ""2.170"", ""highlighted"": false}]",3.5,DOWN,HOME,-1.5,1.83,1.5,1.83,HOME,111.37%,True,0.0,HOME,ACCEPT,,True,HIGH_DIRECTION_ONLY,,clear_sharp_side_signal,equal_line_supplied_edge,False,HOME,REJECT,sharp_movement: Minimum Pinnacle movement policy is not configured; no threshold invented,REJECT,ACCEPT,All rules passed,c6a851e3fb654e5580760ea45886f08d9fe3562a3af1141cceb695c4848b19d4,ACCEPT,CONSISTENT_WITH_DOCUMENTED_RULE; policy/format limitations retained,Counterfactual only. Net direction and same-side offer checked; no profitability claim; production blocked by unset policy.
492,1475314653,68457,2026-09-24T06:27:44.830+00:00,2026-09-24T06:27:44+00:00,DUPLICATE,,True,basketball,Puerto Rico - Superior Nacional Women,Gigantes de Carolina vs Atenienses de Manati,SPREAD,2,-2.5,,"[{""price"": ""1.847"", ""arrow"": null, ""parenthetical"": null, ""highlighted"": false}, {""price"": ""1.813"", ""arrow"": null, ""parenthetical"": null, ""highlighted"": false}]","[{""price"": ""1.495"", ""arrow"": ""\u2b07"", ""parenthetical"": ""1.518"", ""highlighted"": false}, {""price"": ""2.310"", ""arrow"": ""\u2b06"", ""parenthetical"": ""2.250"", ""highlighted"": false}]",4.5,DOWN,HOME,-2.5,1.83,2.5,1.83,HOME,114.31%,True,0.0,HOME,ACCEPT,,True,HIGH_DIRECTION_ONLY,,clear_sharp_side_signal,equal_line_supplied_edge,False,HOME,REJECT,sharp_movement: Minimum Pinnacle movement policy is not configured; no threshold invented,REJECT,ACCEPT,All rules passed,dd7d2dd949f76f5df75ce043fa2b1c6b92ef31f418c56599a13b6b306e9892b4,ACCEPT,CONSISTENT_WITH_DOCUMENTED_RULE; policy/format limitations retained,Counterfactual only. Net direction and same-side offer checked; no profitability claim; production blocked by unset policy.
519,1475314653,68484,2026-09-24T06:49:06.089+00:00,2026-09-24T06:49:06+00:00,PARSED_PARTIAL,,True,basketball,Puerto Rico - Superior Nacional Women,Gigantes de Carolina vs Atenienses de Manati,SPREAD,2,-7.5,,"[{""price"": ""1.847"", ""arrow"": null, ""parenthetical"": null, ""highlighted"": false}, {""price"": ""1.813"", ""arrow"": null, ""parenthetical"": null, ""highlighted"": false}]","[{""price"": ""1.769"", ""arrow"": ""\u2b07"", ""parenthetical"": ""1.813"", ""highlighted"": false}, {""price"": ""1.900"", ""arrow"": ""\u2b06"", ""parenthetical"": ""1.854"", ""highlighted"": false}]",9.5,DOWN,HOME,-2.5,1.83,2.5,1.83,,None (not equal lines),False,5.0,HOME,ACCEPT,,True,HIGH_DIRECTION_ONLY,,clear_sharp_side_signal,favourable_line_unpriced,False,HOME,REJECT,sharp_movement: Minimum Pinnacle movement policy is not configured; no threshold invented,REJECT,ACCEPT,All rules passed,55e2b8adea2d6e32a6126375504779c1840288cfdba93a728dd91f345f2ef8b5,ACCEPT,CONSISTENT_WITH_DOCUMENTED_RULE; policy/format limitations retained,Counterfactual only. Net direction and same-side offer checked; no profitability claim; production blocked by unset policy.
524,1475314653,68489,2026-09-24T06:56:59.054+00:00,2026-09-24T06:56:59+00:00,PARSED_PARTIAL,,True,basketball,Philippines - NCAA,LPU Pirates vs SBU Red Lions,TOTALS,154.5,159.5,157.5,"[{""price"": ""1.884"", ""arrow"": null, ""parenthetical"": null, ""highlighted"": false}, {""price"": ""1.719"", ""arrow"": null, ""parenthetical"": null, ""highlighted"": false}]","[{""price"": ""1.819"", ""arrow"": ""\u2b07"", ""parenthetical"": ""1.833"", ""highlighted"": false}, {""price"": ""1.847"", ""arrow"": ""\u2b06"", ""parenthetical"": ""1.833"", ""highlighted"": false}]",5.0,UP,OVER,153.5,1.83,153.5,1.83,,None (not equal lines),False,6.0,OVER,ACCEPT,,True,HIGH_DIRECTION_ONLY,,clear_sharp_side_signal,favourable_line_unpriced,False,OVER,REJECT,sharp_movement: Minimum Pinnacle movement policy is not configured; no threshold invented,REJECT,ACCEPT,All rules passed,23359218fdb85ecaae38f66a75dd0552286abbab6c836f83f5427b3c9bdd6973,ACCEPT,CONSISTENT_WITH_DOCUMENTED_RULE; policy/format limitations retained,Counterfactual only. Net direction and same-side offer checked; no profitability claim; production blocked by unset policy.
587,1475314653,68564,2026-09-24T09:53:00.040+00:00,2026-09-24T09:53:00+00:00,DUPLICATE,,True,basketball,Europe - Eurocup Qualification Women,BC Beroe vs Ferrol,SPREAD,6.5,17.5,,"[{""price"": ""1.833"", ""arrow"": null, ""parenthetical"": null, ""highlighted"": false}, {""price"": ""1.833"", ""arrow"": null, ""parenthetical"": null, ""highlighted"": false}]","[{""price"": ""2.180"", ""arrow"": ""\u2b06"", ""parenthetical"": ""2.040"", ""highlighted"": false}, {""price"": ""1.558"", ""arrow"": ""\u2b07"", ""parenthetical"": ""1.645"", ""highlighted"": false}]",11.0,UP,AWAY,-17.5,1.83,17.5,1.83,AWAY,109.18%,True,0.0,AWAY,ACCEPT,,True,HIGH_DIRECTION_ONLY,,clear_sharp_side_signal,equal_line_supplied_edge,False,AWAY,REJECT,sharp_movement: Minimum Pinnacle movement policy is not configured; no threshold invented,REJECT,ACCEPT,All rules passed,328cd4ead7f1dd0f73a437c481b86d9ecafce4bcbdf8da55718cb54daea80ac8,ACCEPT,CONSISTENT_WITH_DOCUMENTED_RULE; policy/format limitations retained,Counterfactual only. Net direction and same-side offer checked; no profitability claim; production blocked by unset policy.
588,1475314653,68565,2026-09-24T09:54:53.739+00:00,2026-09-24T09:54:53+00:00,PARSED_PARTIAL,,True,basketball,World - Intercontinental Cup,Atletico Boca Juniors vs NBA G League United,TOTALS,178.5,187,,"[{""price"": ""1.869"", ""arrow"": null, ""parenthetical"": null, ""highlighted"": false}, {""price"": ""1.869"", ""arrow"": null, ""parenthetical"": null, ""highlighted"": false}]","[{""price"": ""1.840"", ""arrow"": ""\u2b07"", ""parenthetical"": ""1.877"", ""highlighted"": false}, {""price"": ""1.900"", ""arrow"": ""\u2b06"", ""parenthetical"": ""1.862"", ""highlighted"": false}]",8.5,UP,OVER,182.5,1.83,182.5,1.83,,None (not equal lines),False,4.5,OVER,ACCEPT,,True,HIGH_DIRECTION_ONLY,,clear_sharp_side_signal,favourable_line_unpriced,False,OVER,REJECT,sharp_movement: Minimum Pinnacle movement policy is not configured; no threshold invented,REJECT,ACCEPT,All rules passed,8d9fd0ab7fa3707c136eb8273c17ae138a6c4cf5c68a7f96fbdc5f15cfe0a82b,ACCEPT,CONSISTENT_WITH_DOCUMENTED_RULE; policy/format limitations retained,Counterfactual only. Net direction and same-side offer checked; no profitability claim; production blocked by unset policy.
614,1475314653,68591,2026-09-24T11:18:42.463+00:00,2026-09-24T11:18:42+00:00,PARSED,,True,basketball,World - Intercontinental Cup,Atletico Boca Juniors vs NBA G League United,TOTALS,178.5,186.5,,"[{""price"": ""1.869"", ""arrow"": null, ""parenthetical"": null, ""highlighted"": false}, {""price"": ""1.869"", ""arrow"": null, ""parenthetical"": null, ""highlighted"": false}]","[{""price"": ""1.826"", ""arrow"": ""\u2b07"", ""parenthetical"": ""1.877"", ""highlighted"": false}, {""price"": ""1.909"", ""arrow"": ""\u2b06"", ""parenthetical"": ""1.862"", ""highlighted"": false}]",8.0,UP,OVER,186.5,2.22,186.5,1.58,OVER,113.74%,True,0.0,OVER,ACCEPT,STALE,True,HIGH_DIRECTION_ONLY,,clear_sharp_side_signal,equal_line_supplied_edge,False,OVER,REJECT,sharp_movement: Minimum Pinnacle movement policy is not configured; no threshold invented,REJECT,ACCEPT,All rules passed,909c9606640ae65f2ef0fc04e518dc1eed25070ce7d02781d2766c5bd9f9e789,ACCEPT,CONSISTENT_WITH_DOCUMENTED_RULE; policy/format limitations retained,Counterfactual only. Net direction and same-side offer checked; no profitability claim; production blocked by unset policy.
616,1475314653,68593,2026-09-24T11:23:22.685+00:00,2026-09-24T11:23:22+00:00,PARSED,,True,basketball,Puerto Rico - Superior Nacional Women,Cangrejeras de Santurce vs Cariduros de Fajardo,SPREAD,-9.5,-7.5,,"[{""price"": ""1.833"", ""arrow"": null, ""parenthetical"": null, ""highlighted"": false}, {""price"": ""1.833"", ""arrow"": null, ""parenthetical"": null, ""highlighted"": false}]","[{""price"": ""2.140"", ""arrow"": ""\u2b06"", ""parenthetical"": ""2.000"", ""highlighted"": false}, {""price"": ""1.581"", ""arrow"": ""\u2b07"", ""parenthetical"": ""1.684"", ""highlighted"": false}]",2.0,UP,AWAY,7.5,1.83,-7.5,1.83,AWAY,107.44%,True,0.0,AWAY,ACCEPT,STALE,True,HIGH_DIRECTION_ONLY,,clear_sharp_side_signal,equal_line_supplied_edge,False,AWAY,REJECT,sharp_movement: Minimum Pinnacle movement policy is not configured; no threshold invented,REJECT,ACCEPT,All rules passed,6381262b8ada60ef3181a9b803ada4c55a33abbd21e8135296f8c36e3e6bd3ec,ACCEPT,CONSISTENT_WITH_DOCUMENTED_RULE; policy/format limitations retained,Counterfactual only. Net direction and same-side offer checked; no profitability claim; production blocked by unset policy.
635,1475314653,68614,2026-09-24T12:32:03.205+00:00,2026-09-24T12:32:03+00:00,PARSED,,True,basketball,WNBA,Connecticut Sun vs Toronto Tempo,TOTALS,169,166,,"[{""price"": ""1.892"", ""arrow"": null, ""parenthetical"": null, ""highlighted"": false}, {""price"": ""1.892"", ""arrow"": null, ""parenthetical"": null, ""highlighted"": false}]","[{""price"": ""1.934"", ""arrow"": ""\u2b06"", ""parenthetical"": ""1.892"", ""highlighted"": false}, {""price"": ""1.884"", ""arrow"": ""\u2b07"", ""parenthetical"": ""1.925"", ""highlighted"": false}]",3,DOWN,UNDER,166,2.15,166,1.62,UNDER,109.01%,True,0,UNDER,ACCEPT,STALE,True,HIGH_DIRECTION_ONLY,,clear_sharp_side_signal,equal_line_supplied_edge,False,UNDER,REJECT,sharp_movement: Minimum Pinnacle movement policy is not configured; no threshold invented,REJECT,ACCEPT,All rules passed,0f83d2bd60a95e5aa585b68372e777cdd238123141ab25acfc8154dca77d475b,ACCEPT,CONSISTENT_WITH_DOCUMENTED_RULE; policy/format limitations retained,Counterfactual only. Net direction and same-side offer checked; no profitability claim; production blocked by unset policy.
696,1475314653,68681,2026-09-24T15:42:38.575+00:00,2026-09-24T15:42:38+00:00,PARSED_PARTIAL,,True,basketball,Puerto Rico - Superior Nacional Women,Explosivas de Moca vs Leonas De Ponce,SPREAD,-9,-7,,"[{""price"": ""1.847"", ""arrow"": null, ""parenthetical"": null, ""highlighted"": false}, {""price"": ""1.819"", ""arrow"": null, ""parenthetical"": null, ""highlighted"": false}]","[{""price"": ""1.892"", ""arrow"": ""\u2b06"", ""parenthetical"": ""1.833"", ""highlighted"": false}, {""price"": ""1.769"", ""arrow"": ""\u2b07"", ""parenthetical"": ""1.826"", ""highlighted"": false}]",2,UP,AWAY,9.5,1.83,-9.5,1.83,,None (not equal lines),False,2.5,AWAY,ACCEPT,,True,HIGH_DIRECTION_ONLY,,clear_sharp_side_signal,favourable_line_unpriced,False,AWAY,REJECT,sharp_movement: Minimum Pinnacle movement policy is not configured; no threshold invented,REJECT,ACCEPT,All rules passed,162d8b045a67c5732d3278090f8f0a68d02cc092cc8634b32b562da6133e0e52,ACCEPT,CONSISTENT_WITH_DOCUMENTED_RULE; policy/format limitations retained,Counterfactual only. Net direction and same-side offer checked; no profitability claim; production blocked by unset policy.
748,1475314653,68733,2026-09-24T17:08:15.532+00:00,2026-09-24T17:08:15+00:00,PARSED_PARTIAL,,True,basketball,Puerto Rico - Superior Nacional Women,Cangrejeras de Santurce vs Cariduros de Fajardo,TOTALS,139,136.5,,"[{""price"": ""1.819"", ""arrow"": null, ""parenthetical"": null, ""highlighted"": false}, {""price"": ""1.847"", ""arrow"": null, ""parenthetical"": null, ""highlighted"": false}]","[{""price"": ""1.869"", ""arrow"": ""\u2b06"", ""parenthetical"": ""1.833"", ""highlighted"": false}, {""price"": ""1.800"", ""arrow"": ""\u2b07"", ""parenthetical"": ""1.833"", ""highlighted"": false}]",2.5,DOWN,UNDER,139.5,1.83,139.5,1.83,,None (not equal lines),False,3.0,UNDER,ACCEPT,,True,HIGH_DIRECTION_ONLY,,clear_sharp_side_signal,favourable_line_unpriced,False,UNDER,REJECT,sharp_movement: Minimum Pinnacle movement policy is not configured; no threshold invented,REJECT,ACCEPT,All rules passed,311c0bfb30304b0dffdd98399de8be5cdcde8f3beac2e7bf570cdf13f5b31f04,ACCEPT,CONSISTENT_WITH_DOCUMENTED_RULE; policy/format limitations retained,Counterfactual only. Net direction and same-side offer checked; no profitability claim; production blocked by unset policy.
764,1475314653,68749,2026-09-24T17:59:40.899+00:00,2026-09-24T17:59:40+00:00,PARSED_PARTIAL,,True,basketball,Chile - LNB,CD Castro vs CSD Colo Colo,TOTALS,154.5,156.5,155.5,"[{""price"": ""1.854"", ""arrow"": null, ""parenthetical"": null, ""highlighted"": false}, {""price"": ""1.746"", ""arrow"": null, ""parenthetical"": null, ""highlighted"": false}]","[{""price"": ""1.781"", ""arrow"": ""\u2b06"", ""parenthetical"": ""1.775"", ""highlighted"": false}, {""price"": ""1.819"", ""arrow"": ""\u2b07"", ""parenthetical"": ""1.826"", ""highlighted"": false}]",2.0,UP,OVER,154.5,1.83,154.5,1.83,,None (not equal lines),False,2.0,OVER,ACCEPT,,True,HIGH_DIRECTION_ONLY,,clear_sharp_side_signal,favourable_line_unpriced,False,OVER,REJECT,sharp_movement: Minimum Pinnacle movement policy is not configured; no threshold invented,REJECT,ACCEPT,All rules passed,bbfc8deed1b48fcbecc2305d029baaeb832f490410f1c41d6bbe8f58ad961783,ACCEPT,CONSISTENT_WITH_DOCUMENTED_RULE; policy/format limitations retained,Counterfactual only. Net direction and same-side offer checked; no profitability claim; production blocked by unset policy.
765,1475314653,68750,2026-09-24T18:00:13.284+00:00,2026-09-24T18:00:13+00:00,PARSED_PARTIAL,,True,basketball,Chile - LNB,CD Castro vs CSD Colo Colo,TOTALS,154.5,158,156.5,"[{""price"": ""1.854"", ""arrow"": null, ""parenthetical"": null, ""highlighted"": false}, {""price"": ""1.746"", ""arrow"": null, ""parenthetical"": null, ""highlighted"": false}]","[{""price"": ""1.819"", ""arrow"": ""\u2b06"", ""parenthetical"": ""1.781"", ""highlighted"": false}, {""price"": ""1.781"", ""arrow"": ""\u2b07"", ""parenthetical"": ""1.819"", ""highlighted"": false}]",3.5,UP,OVER,154.5,1.83,154.5,1.83,,None (not equal lines),False,3.5,OVER,ACCEPT,,True,HIGH_DIRECTION_ONLY,,clear_sharp_side_signal,favourable_line_unpriced,False,OVER,REJECT,sharp_movement: Minimum Pinnacle movement policy is not configured; no threshold invented,REJECT,ACCEPT,All rules passed,860583f52134452bf0e24f410c93feecc6739f3a939f600d830b307f4cb81922,ACCEPT,CONSISTENT_WITH_DOCUMENTED_RULE; policy/format limitations retained,Counterfactual only. Net direction and same-side offer checked; no profitability claim; production blocked by unset policy.
814,1475314653,68801,2026-09-24T18:34:43.665+00:00,2026-09-24T18:34:43+00:00,PARSED_PARTIAL,,True,basketball,France - Nationale 1,Berck Fliers Range vs Pays Salonais Basket 13,SPREAD,-6,-2.5,,"[{""price"": ""1.840"", ""arrow"": null, ""parenthetical"": null, ""highlighted"": false}, {""price"": ""1.826"", ""arrow"": null, ""parenthetical"": null, ""highlighted"": false}]","[{""price"": ""1.917"", ""arrow"": ""\u2b06"", ""parenthetical"": ""1.806"", ""highlighted"": false}, {""price"": ""1.757"", ""arrow"": ""\u2b07"", ""parenthetical"": ""1.862"", ""highlighted"": false}]",3.5,UP,AWAY,5.5,1.83,-5.5,1.83,,None (not equal lines),False,3.0,AWAY,ACCEPT,,True,HIGH_DIRECTION_ONLY,,clear_sharp_side_signal,favourable_line_unpriced,False,AWAY,REJECT,sharp_movement: Minimum Pinnacle movement policy is not configured; no threshold invented,REJECT,ACCEPT,All rules passed,217a6d839b7da8e7465b8449dc50dd1a7d86e33885df0562d0d27adb878c83e9,ACCEPT,CONSISTENT_WITH_DOCUMENTED_RULE; policy/format limitations retained,Counterfactual only. Net direction and same-side offer checked; no profitability claim; production blocked by unset policy.
838,1475314653,68826,2026-09-24T19:26:47.393+00:00,2026-09-24T19:26:47+00:00,PARSED_PARTIAL,,True,basketball,Chile - LNB,CD ABA Ancud vs CEB Puerto Montt,TOTALS,159,164,,"[{""price"": ""1.877"", ""arrow"": null, ""parenthetical"": null, ""highlighted"": false}, {""price"": ""1.724"", ""arrow"": null, ""parenthetical"": null, ""highlighted"": false}]","[{""price"": ""1.793"", ""arrow"": ""\u2b07"", ""parenthetical"": ""1.833"", ""highlighted"": false}, {""price"": ""1.877"", ""arrow"": ""\u2b06"", ""parenthetical"": ""1.833"", ""highlighted"": false}]",5,UP,OVER,156.5,1.83,156.5,1.83,,None (not equal lines),False,7.5,OVER,ACCEPT,,True,HIGH_DIRECTION_ONLY,,clear_sharp_side_signal,favourable_line_unpriced,False,OVER,REJECT,sharp_movement: Minimum Pinnacle movement policy is not configured; no threshold invented,REJECT,ACCEPT,All rules passed,890792721261b7dfb37edec98b0c084e398df5f533180c4138bdfe8a32412670,ACCEPT,CONSISTENT_WITH_DOCUMENTED_RULE; policy/format limitations retained,Counterfactual only. Net direction and same-side offer checked; no profitability claim; production blocked by unset policy.
842,1475314653,68830,2026-09-24T19:35:30.064+00:00,2026-09-24T19:35:30+00:00,PARSED_PARTIAL,,True,basketball,Chile - LNB,CD ABA Ancud vs CEB Puerto Montt,TOTALS,159,165,164,"[{""price"": ""1.877"", ""arrow"": null, ""parenthetical"": null, ""highlighted"": false}, {""price"": ""1.724"", ""arrow"": null, ""parenthetical"": null, ""highlighted"": false}]","[{""price"": ""1.854"", ""arrow"": ""\u2b06"", ""parenthetical"": ""1.751"", ""highlighted"": false}, {""price"": ""1.813"", ""arrow"": ""\u2b07"", ""parenthetical"": ""1.925"", ""highlighted"": false}]",6,UP,OVER,156.5,1.83,156.5,1.83,,None (not equal lines),False,8.5,OVER,ACCEPT,,True,HIGH_DIRECTION_ONLY,,clear_sharp_side_signal,favourable_line_unpriced,False,OVER,REJECT,sharp_movement: Minimum Pinnacle movement policy is not configured; no threshold invented,REJECT,ACCEPT,All rules passed,7f666726843563218be59ca04fc094702fb13a01f1515bd1148a752e4b116713,ACCEPT,CONSISTENT_WITH_DOCUMENTED_RULE; policy/format limitations retained,Counterfactual only. Net direction and same-side offer checked; no profitability claim; production blocked by unset policy.
860,1475314653,68853,2026-09-24T20:23:40.745+00:00,2026-09-24T20:23:40+00:00,PARSED_PARTIAL,,True,basketball,Paraguay - Primera,Deportivo San Jose vs Capiata Bulls,TOTALS,170.5,163,,"[{""price"": ""1.840"", ""arrow"": null, ""parenthetical"": null, ""highlighted"": false}, {""price"": ""1.826"", ""arrow"": null, ""parenthetical"": null, ""highlighted"": false}]","[{""price"": ""1.900"", ""arrow"": ""\u2b06"", ""parenthetical"": ""1.862"", ""highlighted"": false}, {""price"": ""1.840"", ""arrow"": ""\u2b07"", ""parenthetical"": ""1.877"", ""highlighted"": false}]",7.5,DOWN,UNDER,166.5,1.83,166.5,1.83,,None (not equal lines),False,3.5,UNDER,ACCEPT,,True,HIGH_DIRECTION_ONLY,,clear_sharp_side_signal,favourable_line_unpriced,False,UNDER,REJECT,sharp_movement: Minimum Pinnacle movement policy is not configured; no threshold invented,REJECT,ACCEPT,All rules passed,85dfb5d08bfc7963b29b1a3ea8164d22075cf672c6145c03b9909bb803555dcd,ACCEPT,CONSISTENT_WITH_DOCUMENTED_RULE; policy/format limitations retained,Counterfactual only. Net direction and same-side offer checked; no profitability claim; production blocked by unset policy.
874,1475314653,68874,2026-09-24T21:35:24.619+00:00,2026-09-24T21:35:24+00:00,PARSED,,True,basketball,Brazil - Paulista FPB U20,Araraquara vs Mogi Das Cruzes,SPREAD,8,7.5,4.5,"[{""price"": ""1.840"", ""arrow"": null, ""parenthetical"": null, ""highlighted"": false}, {""price"": ""1.826"", ""arrow"": null, ""parenthetical"": null, ""highlighted"": false}]","[{""price"": ""1.574"", ""arrow"": ""\u2b07"", ""parenthetical"": ""1.900"", ""highlighted"": false}, {""price"": ""2.250"", ""arrow"": ""\u2b06"", ""parenthetical"": ""1.840"", ""highlighted"": false}]",0.5,DOWN,HOME,7.5,1.83,-7.5,1.83,HOME,109.70%,True,0.0,HOME,ACCEPT,TARGET_NOT_FOUND,True,HIGH_DIRECTION_ONLY,,clear_sharp_side_signal,equal_line_supplied_edge,True,HOME,REJECT,sharp_movement: Minimum Pinnacle movement policy is not configured; no threshold invented,REJECT,ACCEPT,All rules passed,3e66aba577182c0d337412e9003030831a69d39cc236b739e6ea231f778990ef,ACCEPT,CONSISTENT_WITH_DOCUMENTED_RULE; policy/format limitations retained,Counterfactual only. Net direction and same-side offer checked; no profitability claim; production blocked by unset policy.
877,1475314653,68878,2026-09-24T21:52:14.458+00:00,2026-09-24T21:52:14+00:00,PARSED,,True,basketball,France - Nationale 1,Besancon vs Val De Seine,SPREAD,-6.5,-1.5,,"[{""price"": ""1.854"", ""arrow"": null, ""parenthetical"": null, ""highlighted"": false}, {""price"": ""1.813"", ""arrow"": null, ""parenthetical"": null, ""highlighted"": false}]","[{""price"": ""2.120"", ""arrow"": ""\u2b06"", ""parenthetical"": ""1.990"", ""highlighted"": false}, {""price"": ""1.591"", ""arrow"": ""\u2b07"", ""parenthetical"": ""1.680"", ""highlighted"": false}]",5.0,UP,AWAY,1.5,1.83,-1.5,1.83,AWAY,106.63%,True,0.0,AWAY,ACCEPT,COMPLETED,True,HIGH_DIRECTION_ONLY,,clear_sharp_side_signal,equal_line_supplied_edge,False,AWAY,REJECT,sharp_movement: Minimum Pinnacle movement policy is not configured; no threshold invented,REJECT,ACCEPT,All rules passed,bcc4033b4aadf8585987306bfadd977a237b5dca88f2d2e8a9ea4824b99d542b,ACCEPT,CONSISTENT_WITH_DOCUMENTED_RULE; policy/format limitations retained,Counterfactual only. Net direction and same-side offer checked; no profitability claim; production blocked by unset policy.
885,1475314653,68891,2026-09-24T21:55:57.446+00:00,2026-09-24T21:55:57+00:00,PARSED_PARTIAL,,True,basketball,Chile - LNB,CD Las Animas vs CD Espanol De Talca,TOTALS,162.5,160.5,161.5,"[{""price"": ""1.862"", ""arrow"": null, ""parenthetical"": null, ""highlighted"": false}, {""price"": ""1.740"", ""arrow"": null, ""parenthetical"": null, ""highlighted"": false}]","[{""price"": ""1.813"", ""arrow"": ""\u2b07"", ""parenthetical"": ""1.917"", ""highlighted"": false}, {""price"": ""1.854"", ""arrow"": ""\u2b06"", ""parenthetical"": ""1.751"", ""highlighted"": false}]",2.0,DOWN,UNDER,162.5,1.83,162.5,1.83,,None (not equal lines),False,2.0,UNDER,ACCEPT,,True,HIGH_DIRECTION_ONLY,,clear_sharp_side_signal,favourable_line_unpriced,False,UNDER,REJECT,sharp_movement: Minimum Pinnacle movement policy is not configured; no threshold invented,REJECT,ACCEPT,All rules passed,48a749543002834527dd9ea992b926e31ea0712c031eaf83f009f7f04e008a76,ACCEPT,CONSISTENT_WITH_DOCUMENTED_RULE; policy/format limitations retained,Counterfactual only. Net direction and same-side offer checked; no profitability claim; production blocked by unset policy.
898,1475314653,68904,2026-09-24T21:57:36.720+00:00,2026-09-24T21:57:36+00:00,PARSED_PARTIAL,,True,basketball,Chile - LNB,CD Las Animas vs CD Espanol De Talca,SPREAD,-14,-8.5,-8,"[{""price"": ""1.884"", ""arrow"": null, ""parenthetical"": null, ""highlighted"": false}, {""price"": ""1.724"", ""arrow"": null, ""parenthetical"": null, ""highlighted"": false}]","[{""price"": ""1.819"", ""arrow"": ""\u2b06"", ""parenthetical"": ""1.694"", ""highlighted"": false}, {""price"": ""1.847"", ""arrow"": ""\u2b07"", ""parenthetical"": ""1.990"", ""highlighted"": false}]",5.5,UP,AWAY,13,1.83,-13,1.83,,None (not equal lines),False,4.5,AWAY,ACCEPT,,True,HIGH_DIRECTION_ONLY,,clear_sharp_side_signal,favourable_line_unpriced,True,AWAY,REJECT,sharp_movement: Minimum Pinnacle movement policy is not configured; no threshold invented,REJECT,ACCEPT,All rules passed,1c71882370298d6480e0588282527e95fa3b49923886ef67515481d2e1627572,ACCEPT,CONSISTENT_WITH_DOCUMENTED_RULE; policy/format limitations retained,Counterfactual only. Net direction and same-side offer checked; no profitability claim; production blocked by unset policy.
933,1475314653,68939,2026-09-24T22:15:20.251+00:00,2026-09-24T22:15:20+00:00,PARSED_PARTIAL,,True,basketball,Chile - LNB,CD Las Animas vs CD Espanol De Talca,SPREAD,-14,-4.5,-5.5,"[{""price"": ""1.884"", ""arrow"": null, ""parenthetical"": null, ""highlighted"": false}, {""price"": ""1.724"", ""arrow"": null, ""parenthetical"": null, ""highlighted"": false}]","[{""price"": ""1.793"", ""arrow"": ""\u2b06"", ""parenthetical"": ""1.793"", ""highlighted"": false}, {""price"": ""1.877"", ""arrow"": ""\u2b06"", ""parenthetical"": ""1.877"", ""highlighted"": false}]",9.5,UP,AWAY,11.5,1.86,-11.5,1.80,,None (not equal lines),False,7.0,AWAY,ACCEPT,,True,HIGH_DIRECTION_ONLY,,clear_sharp_side_signal,favourable_line_unpriced,False,AWAY,REJECT,sharp_movement: Minimum Pinnacle movement policy is not configured; no threshold invented,REJECT,ACCEPT,All rules passed,6ed040d7faa9f0bf61f8164603acd7dd15c39a2ce609b62483df96af1cfd37eb,ACCEPT,CONSISTENT_WITH_DOCUMENTED_RULE; policy/format limitations retained,Counterfactual only. Net direction and same-side offer checked; no profitability claim; production blocked by unset policy.
940,1475314653,68946,2026-09-24T22:16:33.333+00:00,2026-09-24T22:16:33+00:00,PARSED_PARTIAL,,True,basketball,Chile - LNB,CD Las Animas vs CD Espanol De Talca,SPREAD,-14,-4.5,,"[{""price"": ""1.884"", ""arrow"": null, ""parenthetical"": null, ""highlighted"": false}, {""price"": ""1.724"", ""arrow"": null, ""parenthetical"": null, ""highlighted"": false}]","[{""price"": ""1.862"", ""arrow"": ""\u2b06"", ""parenthetical"": ""1.793"", ""highlighted"": false}, {""price"": ""1.806"", ""arrow"": ""\u2b07"", ""parenthetical"": ""1.877"", ""highlighted"": false}]",9.5,UP,AWAY,11.5,1.86,-11.5,1.80,,None (not equal lines),False,7.0,AWAY,ACCEPT,,True,HIGH_DIRECTION_ONLY,,clear_sharp_side_signal,favourable_line_unpriced,False,AWAY,REJECT,sharp_movement: Minimum Pinnacle movement policy is not configured; no threshold invented,REJECT,ACCEPT,All rules passed,b6ef9c228b7548344f106137665c2fa9aea6a8d7cac5672194d453b923b60d6e,ACCEPT,CONSISTENT_WITH_DOCUMENTED_RULE; policy/format limitations retained,Counterfactual only. Net direction and same-side offer checked; no profitability claim; production blocked by unset policy.
963,1475314653,68969,2026-09-24T22:29:21.897+00:00,2026-09-24T22:29:21+00:00,PARSED_PARTIAL,,True,basketball,Chile - LNB,CD ABA Ancud vs CEB Puerto Montt,SPREAD,1.5,-11,-10,"[{""price"": ""1.819"", ""arrow"": null, ""parenthetical"": null, ""highlighted"": false}, {""price"": ""1.781"", ""arrow"": null, ""parenthetical"": null, ""highlighted"": false}]","[{""price"": ""1.862"", ""arrow"": ""\u2b06"", ""parenthetical"": ""1.819"", ""highlighted"": false}, {""price"": ""1.800"", ""arrow"": ""\u2b07"", ""parenthetical"": ""1.847"", ""highlighted"": false}]",12.5,DOWN,HOME,-7.5,1.83,7.5,1.83,,None (not equal lines),False,3.5,HOME,ACCEPT,,True,HIGH_DIRECTION_ONLY,,clear_sharp_side_signal,favourable_line_unpriced,False,HOME,REJECT,sharp_movement: Minimum Pinnacle movement policy is not configured; no threshold invented,REJECT,ACCEPT,All rules passed,3f156a6fbe620baccedab8e9ec0f9795679f9b3a7265b795c293d266b1fe6bdd,ACCEPT,CONSISTENT_WITH_DOCUMENTED_RULE; policy/format limitations retained,Counterfactual only. Net direction and same-side offer checked; no profitability claim; production blocked by unset policy.
972,1475314653,68978,2026-09-24T22:30:52.436+00:00,2026-09-24T22:30:52+00:00,PARSED_PARTIAL,,True,basketball,Chile - LNB,CD ABA Ancud vs CEB Puerto Montt,SPREAD,1.5,-12.5,-12,"[{""price"": ""1.819"", ""arrow"": null, ""parenthetical"": null, ""highlighted"": false}, {""price"": ""1.781"", ""arrow"": null, ""parenthetical"": null, ""highlighted"": false}]","[{""price"": ""1.806"", ""arrow"": ""\u2b07"", ""parenthetical"": ""1.819"", ""highlighted"": false}, {""price"": ""1.854"", ""arrow"": ""\u2b06"", ""parenthetical"": ""1.847"", ""highlighted"": false}]",14.0,DOWN,HOME,-7.5,1.83,7.5,1.83,,None (not equal lines),False,5.0,HOME,ACCEPT,,True,HIGH_DIRECTION_ONLY,,clear_sharp_side_signal,favourable_line_unpriced,False,HOME,REJECT,sharp_movement: Minimum Pinnacle movement policy is not configured; no threshold invented,REJECT,ACCEPT,All rules passed,d2fc261508483b8a0fe79429e846302db37c3ce5d5691723e903445167ebe420,ACCEPT,CONSISTENT_WITH_DOCUMENTED_RULE; policy/format limitations retained,Counterfactual only. Net direction and same-side offer checked; no profitability claim; production blocked by unset policy.
1047,1475314653,69054,2026-09-25T00:09:48.104+00:00,2026-09-25T00:09:48+00:00,PARSED_PARTIAL,,True,basketball,France - Nationale 1,Toulouse vs Rennes,SPREAD,-8,-2.5,,"[{""price"": ""1.862"", ""arrow"": null, ""parenthetical"": null, ""highlighted"": false}, {""price"": ""1.806"", ""arrow"": null, ""parenthetical"": null, ""highlighted"": false}]","[{""price"": ""1.952"", ""arrow"": ""\u2b06"", ""parenthetical"": ""1.806"", ""highlighted"": false}, {""price"": ""1.724"", ""arrow"": ""\u2b07"", ""parenthetical"": ""1.847"", ""highlighted"": false}]",5.5,UP,AWAY,5.5,1.83,-5.5,1.83,,None (not equal lines),False,3.0,AWAY,ACCEPT,,True,HIGH_DIRECTION_ONLY,,clear_sharp_side_signal,favourable_line_unpriced,False,AWAY,REJECT,sharp_movement: Minimum Pinnacle movement policy is not configured; no threshold invented,REJECT,ACCEPT,All rules passed,2d2927fd912a7f395efb1e9ff698b6d5292d8d1c56f1617dd459c4dab52f076d,ACCEPT,CONSISTENT_WITH_DOCUMENTED_RULE; policy/format limitations retained,Counterfactual only. Net direction and same-side offer checked; no profitability claim; production blocked by unset policy.
1087,1475314653,69105,2026-09-25T02:35:22.485+00:00,2026-09-25T02:35:22+00:00,PARSED,,True,basketball,Puerto Rico - Superior Nacional Women,Explosivas de Moca vs Leonas De Ponce,SPREAD,-9,-5.5,,"[{""price"": ""1.847"", ""arrow"": null, ""parenthetical"": null, ""highlighted"": false}, {""price"": ""1.819"", ""arrow"": null, ""parenthetical"": null, ""highlighted"": false}]","[{""price"": ""2.260"", ""arrow"": ""\u2b06"", ""parenthetical"": ""2.150"", ""highlighted"": false}, {""price"": ""1.515"", ""arrow"": ""\u2b07"", ""parenthetical"": ""1.574"", ""highlighted"": false}]",3.5,UP,AWAY,5.5,1.80,-5.5,1.86,AWAY,110.69%,True,0.0,AWAY,ACCEPT,STALE,True,HIGH_DIRECTION_ONLY,,clear_sharp_side_signal,equal_line_supplied_edge,False,AWAY,REJECT,sharp_movement: Minimum Pinnacle movement policy is not configured; no threshold invented,REJECT,ACCEPT,All rules passed,5a5488744a8c7da06c47a6852fbaf0fcdd2a035d7dca80452f5cc1e72eb0f52a,ACCEPT,CONSISTENT_WITH_DOCUMENTED_RULE; policy/format limitations retained,Counterfactual only. Net direction and same-side offer checked; no profitability claim; production blocked by unset policy.
1105,1475314653,69123,2026-09-25T04:22:31.455+00:00,2026-09-25T04:22:31+00:00,PARSED,,True,basketball,Estonian - Latvian Basketball League,Valmiera Glass VIA vs BK Ventspils,SPREAD,-9.5,-5,,"[{""price"": ""1.833"", ""arrow"": null, ""parenthetical"": null, ""highlighted"": false}, {""price"": ""1.900"", ""arrow"": null, ""parenthetical"": null, ""highlighted"": false}]","[{""price"": ""1.925"", ""arrow"": ""\u2b06"", ""parenthetical"": ""1.862"", ""highlighted"": false}, {""price"": ""1.806"", ""arrow"": ""\u2b07"", ""parenthetical"": ""1.869"", ""highlighted"": false}]",4.5,UP,AWAY,5,2.05,-5,1.68,AWAY,106.14%,True,0,AWAY,ACCEPT,STALE,True,HIGH_DIRECTION_ONLY,,clear_sharp_side_signal,equal_line_supplied_edge,False,AWAY,REJECT,sharp_movement: Minimum Pinnacle movement policy is not configured; no threshold invented,REJECT,ACCEPT,All rules passed,5fb8ba145b0aacff4170640532a3a3096cff766487b3c821f0cb77e4bad0b314,ACCEPT,CONSISTENT_WITH_DOCUMENTED_RULE; policy/format limitations retained,Counterfactual only. Net direction and same-side offer checked; no profitability claim; production blocked by unset policy.
1200,1475314653,69221,2026-09-25T08:34:56.673+00:00,2026-09-25T08:34:56+00:00,PARSED,,True,basketball,Turkey - Super League,Tofas SK vs Bordo Sportif RS,SPREAD,-5.5,-6,,"[{""price"": ""1.806"", ""arrow"": null, ""parenthetical"": null, ""highlighted"": false}, {""price"": ""1.854"", ""arrow"": null, ""parenthetical"": null, ""highlighted"": false}]","[{""price"": ""1.625"", ""arrow"": ""\u2b07"", ""parenthetical"": ""1.869"", ""highlighted"": false}, {""price"": ""2.070"", ""arrow"": ""\u2b06"", ""parenthetical"": ""1.800"", ""highlighted"": false}]",0.5,DOWN,HOME,-6,1.90,6,1.80,HOME,108.24%,True,0,HOME,ACCEPT,STALE,True,HIGH_DIRECTION_ONLY,,clear_sharp_side_signal,equal_line_supplied_edge,False,HOME,REJECT,sharp_movement: Minimum Pinnacle movement policy is not configured; no threshold invented,REJECT,ACCEPT,All rules passed,4a4f237b0b98672a800ed529b1ea4f0ac6349754157e3ceb6f23dec67d0f31c5,ACCEPT,CONSISTENT_WITH_DOCUMENTED_RULE; policy/format limitations retained,Counterfactual only. Net direction and same-side offer checked; no profitability claim; production blocked by unset policy.
1225,1475314653,69253,2026-09-25T12:05:27.640+00:00,2026-09-25T12:05:27+00:00,PARSED,,True,basketball,Sweden - Basketligan,Boras Basket vs Nassjo Basket,SPREAD,-17.5,-13.5,,"[{""price"": ""1.884"", ""arrow"": null, ""parenthetical"": null, ""highlighted"": false}, {""price"": ""1.854"", ""arrow"": null, ""parenthetical"": null, ""highlighted"": false}]","[{""price"": ""1.917"", ""arrow"": ""\u2b06"", ""parenthetical"": ""1.877"", ""highlighted"": false}, {""price"": ""1.826"", ""arrow"": ""\u2b07"", ""parenthetical"": ""1.862"", ""highlighted"": false}]",4.0,UP,AWAY,13.5,2.15,-13.5,1.62,AWAY,110.39%,True,0.0,AWAY,ACCEPT,PRICE_CHANGED,True,HIGH_DIRECTION_ONLY,,clear_sharp_side_signal,equal_line_supplied_edge,False,AWAY,REJECT,sharp_movement: Minimum Pinnacle movement policy is not configured; no threshold invented,REJECT,ACCEPT,All rules passed,4160c77a38525a7b2b363c85f7ce9139b58e1d182ed1d595e4959e60acdefb62,ACCEPT,CONSISTENT_WITH_DOCUMENTED_RULE; policy/format limitations retained,Counterfactual only. Net direction and same-side offer checked; no profitability claim; production blocked by unset policy.
1231,1475314653,69262,2026-09-25T12:18:35.095+00:00,2026-09-25T12:18:35+00:00,DUPLICATE,,True,basketball,World - Intercontinental Cup,Rytas Vilnius vs Atletico Boca Juniors,TOTALS,167.5,172.5,,"[{""price"": ""1.869"", ""arrow"": null, ""parenthetical"": null, ""highlighted"": false}, {""price"": ""1.869"", ""arrow"": null, ""parenthetical"": null, ""highlighted"": false}]","[{""price"": ""1.840"", ""arrow"": ""\u2b07"", ""parenthetical"": ""1.884"", ""highlighted"": false}, {""price"": ""1.900"", ""arrow"": ""\u2b06"", ""parenthetical"": ""1.854"", ""highlighted"": false}]",5.0,UP,OVER,167.5,1.83,167.5,1.83,,None (not equal lines),False,5.0,OVER,ACCEPT,,True,HIGH_DIRECTION_ONLY,,clear_sharp_side_signal,favourable_line_unpriced,False,OVER,REJECT,sharp_movement: Minimum Pinnacle movement policy is not configured; no threshold invented,REJECT,ACCEPT,All rules passed,e2341b047782799db5a52df279c368f3269e7622e048dbfe43a2d0356fa576a0,ACCEPT,CONSISTENT_WITH_DOCUMENTED_RULE; policy/format limitations retained,Counterfactual only. Net direction and same-side offer checked; no profitability claim; production blocked by unset policy.
1237,1475314653,69271,2026-09-25T12:44:27.852+00:00,2026-09-25T12:44:27+00:00,PARSED,,True,basketball,World - Intercontinental Cup,Rytas Vilnius vs Atletico Boca Juniors,TOTALS,167.5,171,,"[{""price"": ""1.869"", ""arrow"": null, ""parenthetical"": null, ""highlighted"": false}, {""price"": ""1.869"", ""arrow"": null, ""parenthetical"": null, ""highlighted"": false}]","[{""price"": ""1.806"", ""arrow"": ""\u2b07"", ""parenthetical"": ""1.847"", ""highlighted"": false}, {""price"": ""1.934"", ""arrow"": ""\u2b06"", ""parenthetical"": ""1.892"", ""highlighted"": false}]",3.5,UP,OVER,167.5,1.83,167.5,1.83,,None (not equal lines),False,3.5,OVER,ACCEPT,TARGET_NOT_FOUND,True,HIGH_DIRECTION_ONLY,,clear_sharp_side_signal,favourable_line_unpriced,False,OVER,REJECT,sharp_movement: Minimum Pinnacle movement policy is not configured; no threshold invented,REJECT,ACCEPT,All rules passed,270a9caeeead6ac208df179cacee3676f3942766cb6fc8c54c26079cfbbb6b30,ACCEPT,CONSISTENT_WITH_DOCUMENTED_RULE; policy/format limitations retained,Counterfactual only. Net direction and same-side offer checked; no profitability claim; production blocked by unset policy.
1240,1475314653,69276,2026-09-25T12:53:39.288+00:00,2026-09-25T12:53:39+00:00,DUPLICATE,,True,basketball,Puerto Rico - Superior Nacional Women,Explosivas de Moca vs Leonas De Ponce,TOTALS,146,145.5,,"[{""price"": ""1.840"", ""arrow"": null, ""parenthetical"": null, ""highlighted"": false}, {""price"": ""1.826"", ""arrow"": null, ""parenthetical"": null, ""highlighted"": false}]","[{""price"": ""2.140"", ""arrow"": ""\u2b06"", ""parenthetical"": ""2.040"", ""highlighted"": false}, {""price"": ""1.598"", ""arrow"": ""\u2b07"", ""parenthetical"": ""1.657"", ""highlighted"": false}]",0.5,DOWN,UNDER,145.5,1.83,145.5,1.83,UNDER,106.73%,True,0.0,UNDER,ACCEPT,,True,HIGH_DIRECTION_ONLY,,clear_sharp_side_signal,equal_line_supplied_edge,False,UNDER,REJECT,sharp_movement: Minimum Pinnacle movement policy is not configured; no threshold invented,REJECT,ACCEPT,All rules passed,d786549adcb84edd6fcbcc138e0c77922848bd8003b6eb1b3eae28db72367369,ACCEPT,CONSISTENT_WITH_DOCUMENTED_RULE; policy/format limitations retained,Counterfactual only. Net direction and same-side offer checked; no profitability claim; production blocked by unset policy.
1251,1475314653,69290,2026-09-25T12:56:53.314+00:00,2026-09-25T12:56:53+00:00,DUPLICATE,,True,basketball,Puerto Rico - Superior Nacional Women,Explosivas de Moca vs Leonas De Ponce,TOTALS,146,139.5,,"[{""price"": ""1.840"", ""arrow"": null, ""parenthetical"": null, ""highlighted"": false}, {""price"": ""1.826"", ""arrow"": null, ""parenthetical"": null, ""highlighted"": false}]","[{""price"": ""1.952"", ""arrow"": ""\u2b06"", ""parenthetical"": ""1.840"", ""highlighted"": false}, {""price"": ""1.724"", ""arrow"": ""\u2b07"", ""parenthetical"": ""1.826"", ""highlighted"": false}]",6.5,DOWN,UNDER,145.5,1.83,145.5,1.83,,None (not equal lines),False,6.0,UNDER,ACCEPT,,True,HIGH_DIRECTION_ONLY,,clear_sharp_side_signal,favourable_line_unpriced,False,UNDER,REJECT,sharp_movement: Minimum Pinnacle movement policy is not configured; no threshold invented,REJECT,ACCEPT,All rules passed,48ce4b02f076cab299b86a039d33383bdf9254fb4ef0c9c12f6f74486d9e9757,ACCEPT,CONSISTENT_WITH_DOCUMENTED_RULE; policy/format limitations retained,Counterfactual only. Net direction and same-side offer checked; no profitability claim; production blocked by unset policy.
1253,1475314653,69292,2026-09-25T12:57:12.417+00:00,2026-09-25T12:57:12+00:00,DUPLICATE,,True,basketball,Puerto Rico - Superior Nacional Women,Explosivas de Moca vs Leonas De Ponce,TOTALS,146,137.5,,"[{""price"": ""1.840"", ""arrow"": null, ""parenthetical"": null, ""highlighted"": false}, {""price"": ""1.826"", ""arrow"": null, ""parenthetical"": null, ""highlighted"": false}]","[{""price"": ""1.943"", ""arrow"": ""\u2b06"", ""parenthetical"": ""1.813"", ""highlighted"": false}, {""price"": ""1.729"", ""arrow"": ""\u2b07"", ""parenthetical"": ""1.854"", ""highlighted"": false}]",8.5,DOWN,UNDER,145.5,1.83,145.5,1.83,,None (not equal lines),False,8.0,UNDER,ACCEPT,,True,HIGH_DIRECTION_ONLY,,clear_sharp_side_signal,favourable_line_unpriced,False,UNDER,REJECT,sharp_movement: Minimum Pinnacle movement policy is not configured; no threshold invented,REJECT,ACCEPT,All rules passed,ce0c984cb569c479ee55995badb431115c449f5d69d3bbd5d27251d03f77a8b0,ACCEPT,CONSISTENT_WITH_DOCUMENTED_RULE; policy/format limitations retained,Counterfactual only. Net direction and same-side offer checked; no profitability claim; production blocked by unset policy.
1258,1475314653,69299,2026-09-25T13:00:31.073+00:00,2026-09-25T13:00:31+00:00,DUPLICATE,,True,basketball,World - Club Friendlies,Seoul SK Knights vs Wonju Dongbu Promy,SPREAD,3.5,5.5,,"[{""price"": ""1.833"", ""arrow"": null, ""parenthetical"": null, ""highlighted"": false}, {""price"": ""1.833"", ""arrow"": null, ""parenthetical"": null, ""highlighted"": false}]","[{""price"": ""2.190"", ""arrow"": ""\u2b06"", ""parenthetical"": ""2.120"", ""highlighted"": false}, {""price"": ""1.552"", ""arrow"": ""\u2b07"", ""parenthetical"": ""1.591"", ""highlighted"": false}]",2.0,UP,AWAY,-5.5,1.83,5.5,1.83,AWAY,109.62%,True,0.0,AWAY,ACCEPT,,True,HIGH_DIRECTION_ONLY,,clear_sharp_side_signal,equal_line_supplied_edge,False,AWAY,REJECT,sharp_movement: Minimum Pinnacle movement policy is not configured; no threshold invented,REJECT,ACCEPT,All rules passed,e3f0b6525c95ca975aae23b477edd59a65711652977d1c5490e5b241ca934ff7,ACCEPT,CONSISTENT_WITH_DOCUMENTED_RULE; policy/format limitations retained,Counterfactual only. Net direction and same-side offer checked; no profitability claim; production blocked by unset policy.
1259,1475314653,69300,2026-09-25T13:00:47.622+00:00,2026-09-25T13:00:47+00:00,PARSED,,True,basketball,France - Championnat Pro B,ASC Denain vs Blois,TOTALS,160.5,168.5,,"[{""price"": ""1.917"", ""arrow"": null, ""parenthetical"": null, ""highlighted"": false}, {""price"": ""1.900"", ""arrow"": null, ""parenthetical"": null, ""highlighted"": false}]","[{""price"": ""1.724"", ""arrow"": ""\u2b07"", ""parenthetical"": ""1.917"", ""highlighted"": false}, {""price"": ""2.140"", ""arrow"": ""\u2b06"", ""parenthetical"": ""1.900"", ""highlighted"": false}]",8.0,UP,OVER,168.5,1.95,168.5,1.74,OVER,108.75%,True,0.0,OVER,ACCEPT,TARGET_NOT_FOUND,True,HIGH_DIRECTION_ONLY,,clear_sharp_side_signal,equal_line_supplied_edge,False,OVER,REJECT,sharp_movement: Minimum Pinnacle movement policy is not configured; no threshold invented,REJECT,ACCEPT,All rules passed,e6b78ff73ddfb9efb9421ce80109c16418884412f0c9eab03a3fa8b2153558d4,ACCEPT,CONSISTENT_WITH_DOCUMENTED_RULE; policy/format limitations retained,Counterfactual only. Net direction and same-side offer checked; no profitability claim; production blocked by unset policy.
1283,1475314653,69329,2026-09-25T13:56:38.130+00:00,2026-09-25T13:56:38+00:00,DUPLICATE,,True,basketball,World - Club Friendlies,AD Sanjoanense vs CD Campinho,SPREAD,-29.5,-26,,"[{""price"": ""1.826"", ""arrow"": null, ""parenthetical"": null, ""highlighted"": false}, {""price"": ""1.840"", ""arrow"": null, ""parenthetical"": null, ""highlighted"": false}]","[{""price"": ""1.961"", ""arrow"": ""\u2b06"", ""parenthetical"": ""1.869"", ""highlighted"": false}, {""price"": ""1.709"", ""arrow"": ""\u2b07"", ""parenthetical"": ""1.793"", ""highlighted"": false}]",3.5,UP,AWAY,29.5,1.83,-29.5,1.83,,None (not equal lines),False,3.5,AWAY,ACCEPT,,True,HIGH_DIRECTION_ONLY,,clear_sharp_side_signal,favourable_line_unpriced,False,AWAY,REJECT,sharp_movement: Minimum Pinnacle movement policy is not configured; no threshold invented,REJECT,ACCEPT,All rules passed,458a20d2d75401e076044e1495e7a6d409dace7b8df0578c693f2a33730262b8,ACCEPT,CONSISTENT_WITH_DOCUMENTED_RULE; policy/format limitations retained,Counterfactual only. Net direction and same-side offer checked; no profitability claim; production blocked by unset policy.
1299,1475314653,69345,2026-09-25T14:20:43.274+00:00,2026-09-25T14:20:43+00:00,DUPLICATE,,True,basketball,Europe - Eurocup Qualification Women,Elitzur Ramla vs AEO Proteas Voulas,SPREAD,-19.5,-18,,"[{""price"": ""1.819"", ""arrow"": null, ""parenthetical"": null, ""highlighted"": false}, {""price"": ""1.847"", ""arrow"": null, ""parenthetical"": null, ""highlighted"": false}]","[{""price"": ""1.970"", ""arrow"": ""\u2b06"", ""parenthetical"": ""1.892"", ""highlighted"": false}, {""price"": ""1.769"", ""arrow"": ""\u2b07"", ""parenthetical"": ""1.847"", ""highlighted"": false}]",1.5,UP,AWAY,20.5,1.83,-20.5,1.83,,None (not equal lines),False,2.5,AWAY,ACCEPT,,True,HIGH_DIRECTION_ONLY,,clear_sharp_side_signal,favourable_line_unpriced,False,AWAY,REJECT,sharp_movement: Minimum Pinnacle movement policy is not configured; no threshold invented,REJECT,ACCEPT,All rules passed,0c57af3776893f67cec4fee2f59358572024995c81c7a40de987ac6e4a7204e8,ACCEPT,CONSISTENT_WITH_DOCUMENTED_RULE; policy/format limitations retained,Counterfactual only. Net direction and same-side offer checked; no profitability claim; production blocked by unset policy.
1370,1475314653,69421,2026-09-25T16:27:42.922+00:00,2026-09-25T16:27:42+00:00,PARSED,,True,basketball,Estonia - I Liiga,Reinar Halliku KK vs Tamsalu Los Toros/Taltech,SPREAD,-6,6.5,,"[{""price"": ""1.833"", ""arrow"": null, ""parenthetical"": null, ""highlighted"": false}, {""price"": ""1.833"", ""arrow"": null, ""parenthetical"": null, ""highlighted"": false}]","[{""price"": ""2.180"", ""arrow"": ""\u2b06"", ""parenthetical"": ""1.980"", ""highlighted"": false}, {""price"": ""1.613"", ""arrow"": ""\u2b07"", ""parenthetical"": ""1.763"", ""highlighted"": false}]",12.5,UP,AWAY,-6.5,1.86,6.5,1.80,AWAY,108.61%,True,0.0,AWAY,ACCEPT,STALE,True,HIGH_DIRECTION_ONLY,,clear_sharp_side_signal,equal_line_supplied_edge,False,AWAY,REJECT,sharp_movement: Minimum Pinnacle movement policy is not configured; no threshold invented,REJECT,ACCEPT,All rules passed,764e535222b238af9dd72edb4afdddb6b614e5da536afbee2a03d7badc2f5672,ACCEPT,CONSISTENT_WITH_DOCUMENTED_RULE; policy/format limitations retained,Counterfactual only. Net direction and same-side offer checked; no profitability claim; production blocked by unset policy.
1436,1475314653,69498,2026-09-25T17:48:58.710+00:00,2026-09-25T17:48:58+00:00,DUPLICATE,,True,basketball,World - Club Friendlies,AD Sanjoanense vs CD Campinho,SPREAD,-29.5,-18.5,,"[{""price"": ""1.826"", ""arrow"": null, ""parenthetical"": null, ""highlighted"": false}, {""price"": ""1.840"", ""arrow"": null, ""parenthetical"": null, ""highlighted"": false}]","[{""price"": ""2.230"", ""arrow"": ""\u2b06"", ""parenthetical"": ""2.170"", ""highlighted"": false}, {""price"": ""1.531"", ""arrow"": ""\u2b07"", ""parenthetical"": ""1.561"", ""highlighted"": false}]",11.0,UP,AWAY,18.5,1.83,-18.5,1.83,AWAY,111.28%,True,0.0,AWAY,ACCEPT,,True,HIGH_DIRECTION_ONLY,,clear_sharp_side_signal,equal_line_supplied_edge,False,AWAY,REJECT,sharp_movement: Minimum Pinnacle movement policy is not configured; no threshold invented,REJECT,ACCEPT,All rules passed,4a064138aff2baf8851b21ce9b1dd833119ed4c5a766815723a950d23d53851e,ACCEPT,CONSISTENT_WITH_DOCUMENTED_RULE; policy/format limitations retained,Counterfactual only. Net direction and same-side offer checked; no profitability claim; production blocked by unset policy.
1462,1475314653,69526,2026-09-25T18:19:31.969+00:00,2026-09-25T18:19:31+00:00,DUPLICATE,,True,basketball,Japan - B2 League,Saitama Broncos vs Tokyo United BC,TOTALS,158.5,155,,"[{""price"": ""1.840"", ""arrow"": null, ""parenthetical"": null, ""highlighted"": false}, {""price"": ""1.826"", ""arrow"": null, ""parenthetical"": null, ""highlighted"": false}]","[{""price"": ""1.961"", ""arrow"": ""\u2b06"", ""parenthetical"": ""1.826"", ""highlighted"": false}, {""price"": ""1.719"", ""arrow"": ""\u2b07"", ""parenthetical"": ""1.840"", ""highlighted"": false}]",3.5,DOWN,UNDER,158.5,1.83,158.5,1.83,,None (not equal lines),False,3.5,UNDER,ACCEPT,,True,HIGH_DIRECTION_ONLY,,clear_sharp_side_signal,favourable_line_unpriced,False,UNDER,REJECT,sharp_movement: Minimum Pinnacle movement policy is not configured; no threshold invented,REJECT,ACCEPT,All rules passed,bb3b837c7ec395fd188302b43df9076f121ea99d82c7b51a8fc762acbb63ce06,ACCEPT,CONSISTENT_WITH_DOCUMENTED_RULE; policy/format limitations retained,Counterfactual only. Net direction and same-side offer checked; no profitability claim; production blocked by unset policy.
1476,1475314653,69544,2026-09-25T19:15:20.522+00:00,2026-09-25T19:15:20+00:00,PARSED,,True,basketball,Serbia - 1 ZLS Women,ZKK Kraljevo vs RAS Beograd,SPREAD,-5,-4.5,-6,"[{""price"": ""1.884"", ""arrow"": null, ""parenthetical"": null, ""highlighted"": false}, {""price"": ""1.724"", ""arrow"": null, ""parenthetical"": null, ""highlighted"": false}]","[{""price"": ""1.769"", ""arrow"": ""\u2b07"", ""parenthetical"": ""1.833"", ""highlighted"": false}, {""price"": ""1.826"", ""arrow"": ""\u2b06"", ""parenthetical"": ""1.763"", ""highlighted"": false}]",0.5,UP,AWAY,6.5,1.83,-6.5,1.83,,None (not equal lines),False,2.0,AWAY,ACCEPT,STALE,True,HIGH_DIRECTION_ONLY,,clear_sharp_side_signal,favourable_line_unpriced,False,AWAY,REJECT,sharp_movement: Minimum Pinnacle movement policy is not configured; no threshold invented,REJECT,ACCEPT,All rules passed,d19a105072b080ff3ab9d09c8c65d261cf188f6c0b586af169f1e57d5709401d,ACCEPT,CONSISTENT_WITH_DOCUMENTED_RULE; policy/format limitations retained,Counterfactual only. Net direction and same-side offer checked; no profitability claim; production blocked by unset policy.
18,1475314653,67970,2026-09-23T14:03:16.847+00:00,2026-09-23T14:03:16+00:00,PARSED,,True,basketball,Denmark - Basketligaen,Randers Cimbria vs Svendborg Rabbits,SPREAD,-4.5,-3,,"[{""price"": ""1.900"", ""arrow"": null, ""parenthetical"": null, ""highlighted"": false}, {""price"": ""1.840"", ""arrow"": null, ""parenthetical"": null, ""highlighted"": false}]","[{""price"": ""1.746"", ""arrow"": ""\u2b07"", ""parenthetical"": ""1.833"", ""highlighted"": false}, {""price"": ""1.990"", ""arrow"": ""\u2b06"", ""parenthetical"": ""1.900"", ""highlighted"": false}]",1.5,UP,AWAY,3,1.68,-3,2.10,HOME,112.66%,True,0,HOME,ACCEPT,STALE,False,HIGH_DIRECTION_ONLY,No supplied equal-line EV bound to the sharp side,clear_sharp_side_signal,no_proven_same_side_value,False,AWAY,REJECT,"bet_quality: UNFAVOURABLE (line EQUAL, price UNFAVOURABLE, EV SUPPLIED_FOR_OTHER_SIDE)",NO BET,REJECT,"bet_quality: UNFAVOURABLE (line EQUAL, price UNFAVOURABLE, EV SUPPLIED_FOR_OTHER_SIDE)",b58a964cd0aeda8963aa747f99103560f47a2c5bf1593830b383662e9f005783,NO BET,CONSISTENT_WITH_DOCUMENTED_RULE; policy/format limitations retained,Candidate preserved; worse same-side offer or EV belongs to other side. Opponent not substituted.
52,1475314653,68004,2026-09-23T14:47:36.251+00:00,2026-09-23T14:47:36+00:00,INVALID,,True,basketball,Finland - Suomen Cup,Bisons Loimaa vs Salon Vilpas Vikings,SPREAD,11.5,7,5,"[{""price"": ""1.800"", ""arrow"": null, ""parenthetical"": null, ""highlighted"": false}, {""price"": ""1.800"", ""arrow"": null, ""parenthetical"": null, ""highlighted"": false}]","[{""price"": ""1.833"", ""arrow"": ""\u2b06"", ""parenthetical"": ""1.833"", ""highlighted"": false}, {""price"": ""1.833"", ""arrow"": ""\u2b06"", ""parenthetical"": ""1.833"", ""highlighted"": false}]",4.5,DOWN,HOME,1.5,1.83,-1.5,1.83,,None (not equal lines),False,-5.5,AWAY,ACCEPT,,False,HIGH_DIRECTION_ONLY,,clear_sharp_side_signal,moved_too_far,True,HOME,REJECT,"bet_quality: UNFAVOURABLE (line UNFAVOURABLE, price NOT_COMPARABLE, EV NOT_AVAILABLE_UNEQUAL_LINES)",NO BET,REJECT,"bet_quality: UNFAVOURABLE (line UNFAVOURABLE, price NOT_COMPARABLE, EV NOT_AVAILABLE_UNEQUAL_LINES)",eaf816dce941da1ec83402495cfb700bc63f0426bc55c2e2d057730356019023,NO BET,CONSISTENT_WITH_DOCUMENTED_RULE; policy/format limitations retained,Candidate preserved; worse same-side offer or EV belongs to other side. Opponent not substituted.
54,1475314653,68006,2026-09-23T14:48:53.422+00:00,2026-09-23T14:48:53+00:00,INVALID,,True,basketball,World - Club Friendlies,GKK Sibenka vs KK Jazine Arbanasi,SPREAD,-13,-14.5,,"[{""price"": ""1.806"", ""arrow"": null, ""parenthetical"": null, ""highlighted"": false}, {""price"": ""1.862"", ""arrow"": null, ""parenthetical"": null, ""highlighted"": false}]","[{""price"": ""2.260"", ""arrow"": ""\u2b06"", ""parenthetical"": ""2.130"", ""highlighted"": false}, {""price"": ""1.571"", ""arrow"": ""\u2b07"", ""parenthetical"": ""1.641"", ""highlighted"": false}]",1.5,DOWN,HOME,-14.5,1.83,14.5,1.83,AWAY,109.99%,True,0.0,AWAY,ACCEPT,,False,HIGH_DIRECTION_ONLY,No supplied equal-line EV bound to the sharp side,clear_sharp_side_signal,no_proven_same_side_value,False,HOME,REJECT,"bet_quality: UNFAVOURABLE (line EQUAL, price UNFAVOURABLE, EV SUPPLIED_FOR_OTHER_SIDE)",NO BET,REJECT,"bet_quality: UNFAVOURABLE (line EQUAL, price UNFAVOURABLE, EV SUPPLIED_FOR_OTHER_SIDE)",7897d54d87c9fbac0b55f7f426c27421992da0c141c229c0f8da0dd6518756a6,NO BET,CONSISTENT_WITH_DOCUMENTED_RULE; policy/format limitations retained,Candidate preserved; worse same-side offer or EV belongs to other side. Opponent not substituted.
65,1475314653,68018,2026-09-23T15:10:10.198+00:00,2026-09-23T15:10:10+00:00,INVALID,,True,basketball,Finland - Suomen Cup,Kipina Basket vs Kauhajoki Karhu Basket,SPREAD,8.5,7.5,8,"[{""price"": ""1.800"", ""arrow"": null, ""parenthetical"": null, ""highlighted"": false}, {""price"": ""1.800"", ""arrow"": null, ""parenthetical"": null, ""highlighted"": false}]","[{""price"": ""1.800"", ""arrow"": ""\u2b06"", ""parenthetical"": ""1.769"", ""highlighted"": false}, {""price"": ""1.862"", ""arrow"": ""\u2b07"", ""parenthetical"": ""1.900"", ""highlighted"": false}]",1.0,DOWN,HOME,2.5,1.83,-2.5,1.83,,None (not equal lines),False,-5.0,AWAY,ACCEPT,,False,HIGH_DIRECTION_ONLY,,clear_sharp_side_signal,moved_too_far,False,HOME,REJECT,"bet_quality: UNFAVOURABLE (line UNFAVOURABLE, price NOT_COMPARABLE, EV NOT_AVAILABLE_UNEQUAL_LINES)",NO BET,REJECT,"bet_quality: UNFAVOURABLE (line UNFAVOURABLE, price NOT_COMPARABLE, EV NOT_AVAILABLE_UNEQUAL_LINES)",f24e3c440de8c2509b9f5a68b8b692dcf7669600186b025dae2bcfab6b3c0191,NO BET,CONSISTENT_WITH_DOCUMENTED_RULE; policy/format limitations retained,Candidate preserved; worse same-side offer or EV belongs to other side. Opponent not substituted.
190,1475314653,68148,2026-09-23T17:29:29.343+00:00,2026-09-23T17:29:29+00:00,PARSED_PARTIAL,,True,basketball,Uruguay - Liga Femenina,Malvin vs Defensor Sporting,TOTALS,128,126.5,,"[{""price"": ""1.847"", ""arrow"": null, ""parenthetical"": null, ""highlighted"": false}, {""price"": ""1.819"", ""arrow"": null, ""parenthetical"": null, ""highlighted"": false}]","[{""price"": ""1.781"", ""arrow"": ""\u2b07"", ""parenthetical"": ""1.819"", ""highlighted"": false}, {""price"": ""1.892"", ""arrow"": ""\u2b06"", ""parenthetical"": ""1.847"", ""highlighted"": false}]",1.5,DOWN,UNDER,123.5,1.83,123.5,1.83,,None (not equal lines),False,-3.0,OVER,ACCEPT,,False,HIGH_DIRECTION_ONLY,,clear_sharp_side_signal,moved_too_far,False,UNDER,REJECT,"bet_quality: UNFAVOURABLE (line UNFAVOURABLE, price NOT_COMPARABLE, EV NOT_AVAILABLE_UNEQUAL_LINES)",NO BET,REJECT,"bet_quality: UNFAVOURABLE (line UNFAVOURABLE, price NOT_COMPARABLE, EV NOT_AVAILABLE_UNEQUAL_LINES)",6c7535a147baaa5ceb437f636b9260262991aad1512d24a10ab5f04cf9ed3b38,NO BET,CONSISTENT_WITH_DOCUMENTED_RULE; policy/format limitations retained,Candidate preserved; worse same-side offer or EV belongs to other side. Opponent not substituted.
191,1475314653,68149,2026-09-23T17:29:42.193+00:00,2026-09-23T17:29:42+00:00,PARSED_PARTIAL,,True,basketball,Uruguay - Liga Femenina,Malvin vs Defensor Sporting,TOTALS,128,127,,"[{""price"": ""1.847"", ""arrow"": null, ""parenthetical"": null, ""highlighted"": false}, {""price"": ""1.819"", ""arrow"": null, ""parenthetical"": null, ""highlighted"": false}]","[{""price"": ""1.800"", ""arrow"": ""\u2b07"", ""parenthetical"": ""1.833"", ""highlighted"": false}, {""price"": ""1.869"", ""arrow"": ""\u2b06"", ""parenthetical"": ""1.833"", ""highlighted"": false}]",1,DOWN,UNDER,123.5,1.83,123.5,1.83,,None (not equal lines),False,-3.5,OVER,ACCEPT,,False,HIGH_DIRECTION_ONLY,,clear_sharp_side_signal,moved_too_far,False,UNDER,REJECT,"bet_quality: UNFAVOURABLE (line UNFAVOURABLE, price NOT_COMPARABLE, EV NOT_AVAILABLE_UNEQUAL_LINES)",NO BET,REJECT,"bet_quality: UNFAVOURABLE (line UNFAVOURABLE, price NOT_COMPARABLE, EV NOT_AVAILABLE_UNEQUAL_LINES)",3411243136e6fbabfeca156c7d4c9099487a53dc5728cbbe4980268e4bb1de02,NO BET,CONSISTENT_WITH_DOCUMENTED_RULE; policy/format limitations retained,Candidate preserved; worse same-side offer or EV belongs to other side. Opponent not substituted.
192,1475314653,68150,2026-09-23T17:29:58.325+00:00,2026-09-23T17:29:58+00:00,PARSED_PARTIAL,,True,basketball,Uruguay - Liga Femenina,Malvin vs Defensor Sporting,TOTALS,128,127.5,,"[{""price"": ""1.847"", ""arrow"": null, ""parenthetical"": null, ""highlighted"": false}, {""price"": ""1.819"", ""arrow"": null, ""parenthetical"": null, ""highlighted"": false}]","[{""price"": ""1.781"", ""arrow"": ""\u2b07"", ""parenthetical"": ""1.854"", ""highlighted"": false}, {""price"": ""1.892"", ""arrow"": ""\u2b06"", ""parenthetical"": ""1.813"", ""highlighted"": false}]",0.5,DOWN,UNDER,123.5,1.83,123.5,1.83,,None (not equal lines),False,-4.0,OVER,ACCEPT,,False,HIGH_DIRECTION_ONLY,,clear_sharp_side_signal,moved_too_far,False,UNDER,REJECT,"bet_quality: UNFAVOURABLE (line UNFAVOURABLE, price NOT_COMPARABLE, EV NOT_AVAILABLE_UNEQUAL_LINES)",NO BET,REJECT,"bet_quality: UNFAVOURABLE (line UNFAVOURABLE, price NOT_COMPARABLE, EV NOT_AVAILABLE_UNEQUAL_LINES)",88b201dc63d701d17b0e43d51ca643b4c954c2b97a741ac4b94ff1cb62dcae88,NO BET,CONSISTENT_WITH_DOCUMENTED_RULE; policy/format limitations retained,Candidate preserved; worse same-side offer or EV belongs to other side. Opponent not substituted.
197,1475314653,68157,2026-09-23T17:36:21.289+00:00,2026-09-23T17:36:21+00:00,PARSED,,True,basketball,Israel - League Cup,Hapoel Haemek vs Elitzur Kiryat Atta,SPREAD,-1,-13.5,,"[{""price"": ""1.806"", ""arrow"": null, ""parenthetical"": null, ""highlighted"": false}, {""price"": ""1.854"", ""arrow"": null, ""parenthetical"": null, ""highlighted"": false}]","[{""price"": ""2.300"", ""arrow"": ""\u2b06"", ""parenthetical"": ""2.220"", ""highlighted"": false}, {""price"": ""1.546"", ""arrow"": ""\u2b07"", ""parenthetical"": ""1.591"", ""highlighted"": false}]",12.5,DOWN,HOME,-13.5,1.95,13.5,1.74,AWAY,106.24%,True,0.0,AWAY,ACCEPT,STALE,False,HIGH_DIRECTION_ONLY,No supplied equal-line EV bound to the sharp side,clear_sharp_side_signal,no_proven_same_side_value,False,HOME,REJECT,"bet_quality: UNFAVOURABLE (line EQUAL, price UNFAVOURABLE, EV SUPPLIED_FOR_OTHER_SIDE)",NO BET,REJECT,"bet_quality: UNFAVOURABLE (line EQUAL, price UNFAVOURABLE, EV SUPPLIED_FOR_OTHER_SIDE)",25b20ee0f664bafcbcd7665a2d0bc2a1975fcf7269a5d398e4ca3e1f60912a88,NO BET,CONSISTENT_WITH_DOCUMENTED_RULE; policy/format limitations retained,Candidate preserved; worse same-side offer or EV belongs to other side. Opponent not substituted.
244,1475314653,68206,2026-09-23T19:58:40.429+00:00,2026-09-23T19:58:40+00:00,PARSED_PARTIAL,,True,basketball,Chile - LNB,CD Universidad De Concepcion vs CD Atletico Puerto Varas,SPREAD,-15.5,-22.5,-24.5,"[{""price"": ""1.869"", ""arrow"": null, ""parenthetical"": null, ""highlighted"": false}, {""price"": ""1.735"", ""arrow"": null, ""parenthetical"": null, ""highlighted"": false}]","[{""price"": ""1.819"", ""arrow"": ""\u2b07"", ""parenthetical"": ""1.917"", ""highlighted"": false}, {""price"": ""1.847"", ""arrow"": ""\u2b06"", ""parenthetical"": ""1.757"", ""highlighted"": false}]",7.0,DOWN,HOME,-25.5,1.83,25.5,1.83,,None (not equal lines),False,-3.0,AWAY,ACCEPT,,False,HIGH_DIRECTION_ONLY,,clear_sharp_side_signal,moved_too_far,True,HOME,REJECT,"bet_quality: UNFAVOURABLE (line UNFAVOURABLE, price NOT_COMPARABLE, EV NOT_AVAILABLE_UNEQUAL_LINES)",NO BET,REJECT,"bet_quality: UNFAVOURABLE (line UNFAVOURABLE, price NOT_COMPARABLE, EV NOT_AVAILABLE_UNEQUAL_LINES)",f3289dbbf06d55d7844c133df6d3f449f3ba58ad2521214336eb05e101eed806,NO BET,CONSISTENT_WITH_DOCUMENTED_RULE; policy/format limitations retained,Candidate preserved; worse same-side offer or EV belongs to other side. Opponent not substituted.
257,1475314653,68219,2026-09-23T20:08:38.844+00:00,2026-09-23T20:08:38+00:00,PARSED,,True,basketball,Europe - Eurocup Qualification Women,Geneva Elite Basket vs Saarlouis Royals,SPREAD,15.5,24.5,,"[{""price"": ""1.833"", ""arrow"": null, ""parenthetical"": null, ""highlighted"": false}, {""price"": ""1.833"", ""arrow"": null, ""parenthetical"": null, ""highlighted"": false}]","[{""price"": ""1.537"", ""arrow"": ""\u2b07"", ""parenthetical"": ""1.621"", ""highlighted"": false}, {""price"": ""2.220"", ""arrow"": ""\u2b06"", ""parenthetical"": ""2.080"", ""highlighted"": false}]",9.0,UP,AWAY,-24.5,1.83,24.5,1.83,HOME,110.83%,True,0.0,HOME,ACCEPT,STALE,False,HIGH_DIRECTION_ONLY,No supplied equal-line EV bound to the sharp side,clear_sharp_side_signal,no_proven_same_side_value,False,AWAY,REJECT,"bet_quality: UNFAVOURABLE (line EQUAL, price UNFAVOURABLE, EV SUPPLIED_FOR_OTHER_SIDE)",NO BET,REJECT,"bet_quality: UNFAVOURABLE (line EQUAL, price UNFAVOURABLE, EV SUPPLIED_FOR_OTHER_SIDE)",053d0c37e7d353be84ff28242e7a50e849970adeaefa95a62f99a3c5e529d7d9,NO BET,CONSISTENT_WITH_DOCUMENTED_RULE; policy/format limitations retained,Candidate preserved; worse same-side offer or EV belongs to other side. Opponent not substituted.
267,1475314653,68229,2026-09-23T21:28:06.346+00:00,2026-09-23T20:25:47+00:00,PARSED_PARTIAL,,True,basketball,Chile - LNB,CD Universidad De Concepcion vs CD Atletico Puerto Varas,SPREAD,-15.5,-23.5,-24,"[{""price"": ""1.869"", ""arrow"": null, ""parenthetical"": null, ""highlighted"": false}, {""price"": ""1.735"", ""arrow"": null, ""parenthetical"": null, ""highlighted"": false}]","[{""price"": ""1.847"", ""arrow"": ""\u2b06"", ""parenthetical"": ""1.833"", ""highlighted"": false}, {""price"": ""1.819"", ""arrow"": ""\u2b07"", ""parenthetical"": ""1.833"", ""highlighted"": false}]",8.0,DOWN,HOME,-25.5,1.83,25.5,1.83,,None (not equal lines),False,-2.0,AWAY,STALE,,False,HIGH_DIRECTION_ONLY,,clear_sharp_side_signal,moved_too_far,True,HOME,REJECT,"bet_quality: UNFAVOURABLE (line UNFAVOURABLE, price NOT_COMPARABLE, EV NOT_AVAILABLE_UNEQUAL_LINES)",NO BET,REJECT,"bet_quality: UNFAVOURABLE (line UNFAVOURABLE, price NOT_COMPARABLE, EV NOT_AVAILABLE_UNEQUAL_LINES)",74aaa5054f4859b92e605c8ee6f5e61e7c7bc3989167f59dce9dfbcb48441f4c,NO BET,CONSISTENT_WITH_DOCUMENTED_RULE; policy/format limitations retained,Candidate preserved; worse same-side offer or EV belongs to other side. Opponent not substituted.
268,1475314653,68230,2026-09-23T21:28:06.364+00:00,2026-09-23T20:30:04+00:00,PARSED,,True,basketball,Asian Games - Women,Chinese Taipei vs Philippines,SPREAD,-2.5,-6,,"[{""price"": ""1.909"", ""arrow"": null, ""parenthetical"": null, ""highlighted"": false}, {""price"": ""1.909"", ""arrow"": null, ""parenthetical"": null, ""highlighted"": false}]","[{""price"": ""2.050"", ""arrow"": ""\u2b06"", ""parenthetical"": ""1.909"", ""highlighted"": false}, {""price"": ""1.769"", ""arrow"": ""\u2b07"", ""parenthetical"": ""1.900"", ""highlighted"": false}]",3.5,DOWN,HOME,-6,1.68,6,2.05,AWAY,110.65%,True,0,AWAY,STALE,STALE,False,HIGH_DIRECTION_ONLY,No supplied equal-line EV bound to the sharp side,clear_sharp_side_signal,no_proven_same_side_value,False,HOME,REJECT,"bet_quality: UNFAVOURABLE (line EQUAL, price UNFAVOURABLE, EV SUPPLIED_FOR_OTHER_SIDE)",NO BET,REJECT,"bet_quality: UNFAVOURABLE (line EQUAL, price UNFAVOURABLE, EV SUPPLIED_FOR_OTHER_SIDE)",0607f91fcd3cc016a7b0738da8db9a97b704d85d1d9a09dabe0f6b8e0b23008f,NO BET,CONSISTENT_WITH_DOCUMENTED_RULE; policy/format limitations retained,Candidate preserved; worse same-side offer or EV belongs to other side. Opponent not substituted.
325,1475314653,68289,2026-09-23T23:43:23.078+00:00,2026-09-23T23:43:23+00:00,PARSED_PARTIAL,,True,basketball,Uruguay - Tercera de Ascenso,Yale vs Ateneo de Piriapolis,SPREAD,-12,-5,,"[{""price"": ""1.833"", ""arrow"": null, ""parenthetical"": null, ""highlighted"": false}, {""price"": ""1.833"", ""arrow"": null, ""parenthetical"": null, ""highlighted"": false}]","[{""price"": ""1.793"", ""arrow"": ""\u2b07"", ""parenthetical"": ""1.833"", ""highlighted"": false}, {""price"": ""1.869"", ""arrow"": ""\u2b06"", ""parenthetical"": ""1.826"", ""highlighted"": false}]",7,UP,AWAY,2.5,1.83,-2.5,1.83,,None (not equal lines),False,-2.5,HOME,ACCEPT,,False,HIGH_DIRECTION_ONLY,,clear_sharp_side_signal,moved_too_far,False,AWAY,REJECT,"bet_quality: UNFAVOURABLE (line UNFAVOURABLE, price NOT_COMPARABLE, EV NOT_AVAILABLE_UNEQUAL_LINES)",NO BET,REJECT,"bet_quality: UNFAVOURABLE (line UNFAVOURABLE, price NOT_COMPARABLE, EV NOT_AVAILABLE_UNEQUAL_LINES)",44936f075c7974612e766476edecc9e7ef9ce8f112c6f7edf846a79568cf1618,NO BET,CONSISTENT_WITH_DOCUMENTED_RULE; policy/format limitations retained,Candidate preserved; worse same-side offer or EV belongs to other side. Opponent not substituted.
333,1475314653,68298,2026-09-24T00:33:43.777+00:00,2026-09-24T00:33:43+00:00,PARSED,,True,basketball,Asian Games - Women,Republic of Korea vs Indonesia,SPREAD,-37.5,-39,,"[{""price"": ""1.900"", ""arrow"": null, ""parenthetical"": null, ""highlighted"": false}, {""price"": ""1.917"", ""arrow"": null, ""parenthetical"": null, ""highlighted"": false}]","[{""price"": ""1.925"", ""arrow"": ""\u2b06"", ""parenthetical"": ""1.840"", ""highlighted"": false}, {""price"": ""1.819"", ""arrow"": ""\u2b07"", ""parenthetical"": ""1.900"", ""highlighted"": false}]",1.5,DOWN,HOME,-39,1.64,39,2.12,AWAY,109.32%,True,0,AWAY,ACCEPT,STALE,False,HIGH_DIRECTION_ONLY,No supplied equal-line EV bound to the sharp side,clear_sharp_side_signal,no_proven_same_side_value,False,HOME,REJECT,"bet_quality: UNFAVOURABLE (line EQUAL, price UNFAVOURABLE, EV SUPPLIED_FOR_OTHER_SIDE)",NO BET,REJECT,"bet_quality: UNFAVOURABLE (line EQUAL, price UNFAVOURABLE, EV SUPPLIED_FOR_OTHER_SIDE)",218c16a814ddda222cd77474e6e0946770a115177f7f0cd17092e6862901ee46,NO BET,CONSISTENT_WITH_DOCUMENTED_RULE; policy/format limitations retained,Candidate preserved; worse same-side offer or EV belongs to other side. Opponent not substituted.
405,1475314653,68370,2026-09-24T03:01:27.786+00:00,2026-09-24T03:01:27+00:00,PARSED,,True,basketball,Asian Games - Women,Mongolia vs China,SPREAD,48.5,50.5,,"[{""price"": ""1.909"", ""arrow"": null, ""parenthetical"": null, ""highlighted"": false}, {""price"": ""1.909"", ""arrow"": null, ""parenthetical"": null, ""highlighted"": false}]","[{""price"": ""1.769"", ""arrow"": ""\u2b07"", ""parenthetical"": ""1.833"", ""highlighted"": false}, {""price"": ""1.980"", ""arrow"": ""\u2b06"", ""parenthetical"": ""1.909"", ""highlighted"": false}]",2.0,UP,AWAY,-50.5,1.68,50.5,2.05,HOME,108.90%,True,0.0,HOME,ACCEPT,STALE,False,HIGH_DIRECTION_ONLY,No supplied equal-line EV bound to the sharp side,clear_sharp_side_signal,no_proven_same_side_value,False,AWAY,REJECT,"bet_quality: UNFAVOURABLE (line EQUAL, price UNFAVOURABLE, EV SUPPLIED_FOR_OTHER_SIDE)",NO BET,REJECT,"bet_quality: UNFAVOURABLE (line EQUAL, price UNFAVOURABLE, EV SUPPLIED_FOR_OTHER_SIDE)",4014c6a6de81281014607bf3d1c447ae6fb83b69882ee17a907e529bb228df5b,NO BET,CONSISTENT_WITH_DOCUMENTED_RULE; policy/format limitations retained,Candidate preserved; worse same-side offer or EV belongs to other side. Opponent not substituted.
436,1475314653,68401,2026-09-24T03:30:33.047+00:00,2026-09-24T03:30:33+00:00,PARSED,,True,basketball,Asian Games - Women,Mongolia vs China,SPREAD,48.5,50.5,,"[{""price"": ""1.909"", ""arrow"": null, ""parenthetical"": null, ""highlighted"": false}, {""price"": ""1.909"", ""arrow"": null, ""parenthetical"": null, ""highlighted"": false}]","[{""price"": ""1.719"", ""arrow"": ""\u2b07"", ""parenthetical"": ""1.793"", ""highlighted"": false}, {""price"": ""2.050"", ""arrow"": ""\u2b06"", ""parenthetical"": ""1.952"", ""highlighted"": false}]",2.0,UP,AWAY,-50.5,1.68,50.5,2.05,HOME,112.47%,True,0.0,HOME,ACCEPT,STALE,False,HIGH_DIRECTION_ONLY,No supplied equal-line EV bound to the sharp side,clear_sharp_side_signal,no_proven_same_side_value,False,AWAY,REJECT,"bet_quality: UNFAVOURABLE (line EQUAL, price UNFAVOURABLE, EV SUPPLIED_FOR_OTHER_SIDE)",NO BET,REJECT,"bet_quality: UNFAVOURABLE (line EQUAL, price UNFAVOURABLE, EV SUPPLIED_FOR_OTHER_SIDE)",5451179c381e22e09370e0a727c4d55aae81ae2396cdd1ed366d0fc9d54393f3,NO BET,CONSISTENT_WITH_DOCUMENTED_RULE; policy/format limitations retained,Candidate preserved; worse same-side offer or EV belongs to other side. Opponent not substituted.
446,1475314653,68411,2026-09-24T03:36:05.034+00:00,2026-09-24T03:36:05+00:00,PARSED,,True,basketball,Asian Games - Women,Mongolia vs China,SPREAD,48.5,49.5,,"[{""price"": ""1.909"", ""arrow"": null, ""parenthetical"": null, ""highlighted"": false}, {""price"": ""1.909"", ""arrow"": null, ""parenthetical"": null, ""highlighted"": false}]","[{""price"": ""1.680"", ""arrow"": ""\u2b07"", ""parenthetical"": ""1.775"", ""highlighted"": false}, {""price"": ""2.100"", ""arrow"": ""\u2b06"", ""parenthetical"": ""1.970"", ""highlighted"": false}]",1.0,UP,AWAY,-49.5,1.60,49.5,2.20,HOME,123.58%,True,0.0,HOME,ACCEPT,STALE,False,HIGH_DIRECTION_ONLY,No supplied equal-line EV bound to the sharp side,clear_sharp_side_signal,no_proven_same_side_value,False,AWAY,REJECT,"bet_quality: UNFAVOURABLE (line EQUAL, price UNFAVOURABLE, EV SUPPLIED_FOR_OTHER_SIDE)",NO BET,REJECT,"bet_quality: UNFAVOURABLE (line EQUAL, price UNFAVOURABLE, EV SUPPLIED_FOR_OTHER_SIDE)",b058cb8934c1a4d5d5ae6bb21ac6249cef50f0cd934c4987277a7799535bfc7e,NO BET,CONSISTENT_WITH_DOCUMENTED_RULE; policy/format limitations retained,Candidate preserved; worse same-side offer or EV belongs to other side. Opponent not substituted.
463,1475314653,68428,2026-09-24T04:39:46.813+00:00,2026-09-24T04:39:46+00:00,PARSED,,True,basketball,Asian Games - Women,Japan vs Thailand,SPREAD,-49.5,-56.5,,"[{""price"": ""1.909"", ""arrow"": null, ""parenthetical"": null, ""highlighted"": false}, {""price"": ""1.909"", ""arrow"": null, ""parenthetical"": null, ""highlighted"": false}]","[{""price"": ""1.775"", ""arrow"": ""\u2b06"", ""parenthetical"": ""1.684"", ""highlighted"": false}, {""price"": ""1.980"", ""arrow"": ""\u2b07"", ""parenthetical"": ""2.090"", ""highlighted"": false}]",7.0,DOWN,HOME,-56.5,1.55,56.5,2.30,AWAY,108.06%,True,0.0,AWAY,ACCEPT,STALE,False,HIGH_DIRECTION_ONLY,No supplied equal-line EV bound to the sharp side,clear_sharp_side_signal,no_proven_same_side_value,False,HOME,REJECT,"bet_quality: UNFAVOURABLE (line EQUAL, price UNFAVOURABLE, EV SUPPLIED_FOR_OTHER_SIDE)",NO BET,REJECT,"bet_quality: UNFAVOURABLE (line EQUAL, price UNFAVOURABLE, EV SUPPLIED_FOR_OTHER_SIDE)",8f65e5dcfa0599637cc2b88af7904489d612e0f9ef03afe30256b4bd0c8f59e2,NO BET,CONSISTENT_WITH_DOCUMENTED_RULE; policy/format limitations retained,Candidate preserved; worse same-side offer or EV belongs to other side. Opponent not substituted.
465,1475314653,68430,2026-09-24T04:40:47.671+00:00,2026-09-24T04:40:47+00:00,PARSED_PARTIAL,,True,basketball,Asian Games - Women,Japan vs Thailand,SPREAD,-49.5,-55.5,-56.5,"[{""price"": ""1.909"", ""arrow"": null, ""parenthetical"": null, ""highlighted"": false}, {""price"": ""1.909"", ""arrow"": null, ""parenthetical"": null, ""highlighted"": false}]","[{""price"": ""1.862"", ""arrow"": ""\u2b06"", ""parenthetical"": ""1.862"", ""highlighted"": false}, {""price"": ""1.877"", ""arrow"": ""\u2b06"", ""parenthetical"": ""1.877"", ""highlighted"": false}]",6.0,DOWN,HOME,-60.5,1.83,60.5,1.83,,None (not equal lines),False,-5.0,AWAY,ACCEPT,,False,HIGH_DIRECTION_ONLY,,clear_sharp_side_signal,moved_too_far,True,HOME,REJECT,"bet_quality: UNFAVOURABLE (line UNFAVOURABLE, price NOT_COMPARABLE, EV NOT_AVAILABLE_UNEQUAL_LINES)",NO BET,REJECT,"bet_quality: UNFAVOURABLE (line UNFAVOURABLE, price NOT_COMPARABLE, EV NOT_AVAILABLE_UNEQUAL_LINES)",422f456ae430e618952fba87f11df3e98c446ae715757b037ebb09dc7166688a,NO BET,CONSISTENT_WITH_DOCUMENTED_RULE; policy/format limitations retained,Candidate preserved; worse same-side offer or EV belongs to other side. Opponent not substituted.
532,1475314653,68497,2026-09-24T07:08:59.381+00:00,2026-09-24T07:08:59+00:00,PARSED,,True,basketball,World - Club Friendlies,Goyang Skygunners vs Seoul SK Knights,SPREAD,2.5,7.5,,"[{""price"": ""1.833"", ""arrow"": null, ""parenthetical"": null, ""highlighted"": false}, {""price"": ""1.833"", ""arrow"": null, ""parenthetical"": null, ""highlighted"": false}]","[{""price"": ""1.581"", ""arrow"": ""\u2b07"", ""parenthetical"": ""1.617"", ""highlighted"": false}, {""price"": ""2.240"", ""arrow"": ""\u2b06"", ""parenthetical"": ""2.170"", ""highlighted"": false}]",5.0,UP,AWAY,-7.5,1.83,7.5,1.83,HOME,109.23%,True,0.0,HOME,ACCEPT,STALE,False,HIGH_DIRECTION_ONLY,No supplied equal-line EV bound to the sharp side,clear_sharp_side_signal,no_proven_same_side_value,False,AWAY,REJECT,"bet_quality: UNFAVOURABLE (line EQUAL, price UNFAVOURABLE, EV SUPPLIED_FOR_OTHER_SIDE)",NO BET,REJECT,"bet_quality: UNFAVOURABLE (line EQUAL, price UNFAVOURABLE, EV SUPPLIED_FOR_OTHER_SIDE)",58b76177e183988986a82206a920f5832d9a1141ef28b314c7a22a49f325fe5d,NO BET,CONSISTENT_WITH_DOCUMENTED_RULE; policy/format limitations retained,Candidate preserved; worse same-side offer or EV belongs to other side. Opponent not substituted.
547,1475314653,68517,2026-09-24T08:16:23.687+00:00,2026-09-24T08:16:23+00:00,PARSED,,True,basketball,Asian Games - Women,Japan vs Thailand,SPREAD,-49.5,-56.5,,"[{""price"": ""1.909"", ""arrow"": null, ""parenthetical"": null, ""highlighted"": false}, {""price"": ""1.909"", ""arrow"": null, ""parenthetical"": null, ""highlighted"": false}]","[{""price"": ""1.877"", ""arrow"": ""\u2b06"", ""parenthetical"": ""1.729"", ""highlighted"": false}, {""price"": ""1.854"", ""arrow"": ""\u2b07"", ""parenthetical"": ""2.030"", ""highlighted"": false}]",7.0,DOWN,HOME,-56.5,1.62,56.5,2.15,AWAY,108.24%,True,0.0,AWAY,ACCEPT,STALE,False,HIGH_DIRECTION_ONLY,No supplied equal-line EV bound to the sharp side,clear_sharp_side_signal,no_proven_same_side_value,False,HOME,REJECT,"bet_quality: UNFAVOURABLE (line EQUAL, price UNFAVOURABLE, EV SUPPLIED_FOR_OTHER_SIDE)",NO BET,REJECT,"bet_quality: UNFAVOURABLE (line EQUAL, price UNFAVOURABLE, EV SUPPLIED_FOR_OTHER_SIDE)",a3a5f6c57617378a03fce45fb4daf5d225095a0977086ce6d611283110258668,NO BET,CONSISTENT_WITH_DOCUMENTED_RULE; policy/format limitations retained,Candidate preserved; worse same-side offer or EV belongs to other side. Opponent not substituted.
551,1475314653,68521,2026-09-24T08:23:45.451+00:00,2026-09-24T08:23:45+00:00,DUPLICATE,,True,basketball,Asian Games - Women,Japan vs Thailand,SPREAD,-49.5,-56.5,,"[{""price"": ""1.909"", ""arrow"": null, ""parenthetical"": null, ""highlighted"": false}, {""price"": ""1.909"", ""arrow"": null, ""parenthetical"": null, ""highlighted"": false}]","[{""price"": ""2.000"", ""arrow"": ""\u2b06"", ""parenthetical"": ""1.909"", ""highlighted"": false}, {""price"": ""1.751"", ""arrow"": ""\u2b07"", ""parenthetical"": ""1.833"", ""highlighted"": false}]",7.0,DOWN,HOME,-56.5,1.62,56.5,2.15,AWAY,115.42%,True,0.0,AWAY,ACCEPT,,False,HIGH_DIRECTION_ONLY,No supplied equal-line EV bound to the sharp side,clear_sharp_side_signal,no_proven_same_side_value,False,HOME,REJECT,"bet_quality: UNFAVOURABLE (line EQUAL, price UNFAVOURABLE, EV SUPPLIED_FOR_OTHER_SIDE)",NO BET,REJECT,"bet_quality: UNFAVOURABLE (line EQUAL, price UNFAVOURABLE, EV SUPPLIED_FOR_OTHER_SIDE)",229666e5e7a98beb81cfdd0e751559c61f45ad182f8a7fe1629b14d9e1f97e02,NO BET,CONSISTENT_WITH_DOCUMENTED_RULE; policy/format limitations retained,Candidate preserved; worse same-side offer or EV belongs to other side. Opponent not substituted.
580,1475314653,68557,2026-09-24T09:46:50.741+00:00,2026-09-24T09:46:50+00:00,PARSED,,True,basketball,Europe - Eurocup Qualification Women,CAB Estepona vs Polisportiva A Galli San Giovanni Valdarno,TOTALS,134.5,139.5,,"[{""price"": ""1.840"", ""arrow"": null, ""parenthetical"": null, ""highlighted"": false}, {""price"": ""1.826"", ""arrow"": null, ""parenthetical"": null, ""highlighted"": false}]","[{""price"": ""2.150"", ""arrow"": ""\u2b06"", ""parenthetical"": ""2.060"", ""highlighted"": false}, {""price"": ""1.591"", ""arrow"": ""\u2b07"", ""parenthetical"": ""1.645"", ""highlighted"": false}]",5.0,UP,OVER,139.5,1.83,139.5,1.83,UNDER,107.21%,True,0.0,UNDER,ACCEPT,STALE,False,HIGH_DIRECTION_ONLY,No supplied equal-line EV bound to the sharp side,clear_sharp_side_signal,no_proven_same_side_value,False,OVER,REJECT,"bet_quality: UNFAVOURABLE (line EQUAL, price UNFAVOURABLE, EV SUPPLIED_FOR_OTHER_SIDE)",NO BET,REJECT,"bet_quality: UNFAVOURABLE (line EQUAL, price UNFAVOURABLE, EV SUPPLIED_FOR_OTHER_SIDE)",82022fb5a0418f3146f832ae88a59420d0ed3ff8726514657416462d2fe0b81a,NO BET,CONSISTENT_WITH_DOCUMENTED_RULE; policy/format limitations retained,Candidate preserved; worse same-side offer or EV belongs to other side. Opponent not substituted.
618,1475314653,68596,2026-09-24T11:48:03.587+00:00,2026-09-24T11:48:03+00:00,PARSED,,True,basketball,Australia - NBL,Brisbane Bullets vs Illawarra Hawks,TOTALS,185.5,185,,"[{""price"": ""1.892"", ""arrow"": null, ""parenthetical"": null, ""highlighted"": false}, {""price"": ""1.892"", ""arrow"": null, ""parenthetical"": null, ""highlighted"": false}]","[{""price"": ""1.813"", ""arrow"": ""\u2b07"", ""parenthetical"": ""1.877"", ""highlighted"": false}, {""price"": ""1.980"", ""arrow"": ""\u2b06"", ""parenthetical"": ""1.909"", ""highlighted"": false}]",0.5,DOWN,UNDER,185,1.75,185,2.05,OVER,107.40%,True,0,OVER,ACCEPT,STALE,False,HIGH_DIRECTION_ONLY,No supplied equal-line EV bound to the sharp side,clear_sharp_side_signal,no_proven_same_side_value,False,UNDER,REJECT,"bet_quality: UNFAVOURABLE (line EQUAL, price UNFAVOURABLE, EV SUPPLIED_FOR_OTHER_SIDE)",NO BET,REJECT,"bet_quality: UNFAVOURABLE (line EQUAL, price UNFAVOURABLE, EV SUPPLIED_FOR_OTHER_SIDE)",4f67f0188924be626abf1077695db567d4176fe8a451cf68c011ba349f06a2ff,NO BET,CONSISTENT_WITH_DOCUMENTED_RULE; policy/format limitations retained,Candidate preserved; worse same-side offer or EV belongs to other side. Opponent not substituted.
629,1475314653,68608,2026-09-24T12:05:29.854+00:00,2026-09-24T12:05:29+00:00,PARSED_PARTIAL,,True,basketball,Hungary - Nemzeti Bajnoksag I.A,Szolnoki Olaj vs OSE Lions,SPREAD,-15.5,-15,,"[{""price"": ""1.869"", ""arrow"": null, ""parenthetical"": null, ""highlighted"": false}, {""price"": ""1.800"", ""arrow"": null, ""parenthetical"": null, ""highlighted"": false}]","[{""price"": ""1.636"", ""arrow"": ""\u2b07"", ""parenthetical"": ""1.800"", ""highlighted"": false}, {""price"": ""2.050"", ""arrow"": ""\u2b06"", ""parenthetical"": ""1.862"", ""highlighted"": false}]",0.5,UP,AWAY,12.5,1.83,-12.5,1.83,,None (not equal lines),False,-2.5,HOME,ACCEPT,,False,HIGH_DIRECTION_ONLY,,clear_sharp_side_signal,moved_too_far,False,AWAY,REJECT,"bet_quality: UNFAVOURABLE (line UNFAVOURABLE, price NOT_COMPARABLE, EV NOT_AVAILABLE_UNEQUAL_LINES)",NO BET,REJECT,"bet_quality: UNFAVOURABLE (line UNFAVOURABLE, price NOT_COMPARABLE, EV NOT_AVAILABLE_UNEQUAL_LINES)",4a90388e0bc9b8493e89d45ba7a709a426aee2365f2a8b7369b3b1148a6c3e96,NO BET,CONSISTENT_WITH_DOCUMENTED_RULE; policy/format limitations retained,Candidate preserved; worse same-side offer or EV belongs to other side. Opponent not substituted.
638,1475314653,68617,2026-09-24T12:38:09.949+00:00,2026-09-24T12:38:09+00:00,PARSED,,True,basketball,Germany - Bundesliga,TBB Trier vs Baskets Bonn,SPREAD,3.5,4.5,,"[{""price"": ""1.900"", ""arrow"": null, ""parenthetical"": null, ""highlighted"": false}, {""price"": ""1.900"", ""arrow"": null, ""parenthetical"": null, ""highlighted"": false}]","[{""price"": ""1.617"", ""arrow"": ""\u2b07"", ""parenthetical"": ""1.675"", ""highlighted"": false}, {""price"": ""2.280"", ""arrow"": ""\u2b06"", ""parenthetical"": ""2.170"", ""highlighted"": false}]",1.0,UP,AWAY,-4.5,1.86,4.5,1.86,HOME,110.20%,True,0.0,HOME,ACCEPT,STALE,False,HIGH_DIRECTION_ONLY,No supplied equal-line EV bound to the sharp side,clear_sharp_side_signal,no_proven_same_side_value,False,AWAY,REJECT,"bet_quality: UNFAVOURABLE (line EQUAL, price UNFAVOURABLE, EV SUPPLIED_FOR_OTHER_SIDE)",NO BET,REJECT,"bet_quality: UNFAVOURABLE (line EQUAL, price UNFAVOURABLE, EV SUPPLIED_FOR_OTHER_SIDE)",903ad0f63ca774e0998815911d9263e798a2bef32cdcfd2a7bcdbf01f13e2302,NO BET,CONSISTENT_WITH_DOCUMENTED_RULE; policy/format limitations retained,Candidate preserved; worse same-side offer or EV belongs to other side. Opponent not substituted.
651,1475314653,68632,2026-09-24T13:16:06.282+00:00,2026-09-24T13:16:06+00:00,PARSED,,True,basketball,Europe - Eurocup Qualification Women,BC Beroe vs Ferrol,SPREAD,6.5,20,,"[{""price"": ""1.833"", ""arrow"": null, ""parenthetical"": null, ""highlighted"": false}, {""price"": ""1.833"", ""arrow"": null, ""parenthetical"": null, ""highlighted"": false}]","[{""price"": ""1.574"", ""arrow"": ""\u2b07"", ""parenthetical"": ""1.675"", ""highlighted"": false}, {""price"": ""2.250"", ""arrow"": ""\u2b06"", ""parenthetical"": ""2.090"", ""highlighted"": false}]",13.5,UP,AWAY,-20,1.83,20,1.83,HOME,109.70%,True,0,HOME,ACCEPT,STALE,False,HIGH_DIRECTION_ONLY,No supplied equal-line EV bound to the sharp side,clear_sharp_side_signal,no_proven_same_side_value,False,AWAY,REJECT,"bet_quality: UNFAVOURABLE (line EQUAL, price UNFAVOURABLE, EV SUPPLIED_FOR_OTHER_SIDE)",NO BET,REJECT,"bet_quality: UNFAVOURABLE (line EQUAL, price UNFAVOURABLE, EV SUPPLIED_FOR_OTHER_SIDE)",3cdf47e7adb9fcf51adb614bb691536f1fb1f1ebaaaeb7d0cab00fdd131b1369,NO BET,CONSISTENT_WITH_DOCUMENTED_RULE; policy/format limitations retained,Candidate preserved; worse same-side offer or EV belongs to other side. Opponent not substituted.
659,1475314653,68642,2026-09-24T14:47:28.262+00:00,2026-09-24T14:47:28+00:00,PARSED,,True,basketball,Hungary - Nemzeti Bajnoksag I.A,Soproni KC vs Debreceni EAC,SPREAD,-6,-6.5,,"[{""price"": ""1.869"", ""arrow"": null, ""parenthetical"": null, ""highlighted"": false}, {""price"": ""1.800"", ""arrow"": null, ""parenthetical"": null, ""highlighted"": false}]","[{""price"": ""2.180"", ""arrow"": ""\u2b06"", ""parenthetical"": ""2.080"", ""highlighted"": false}, {""price"": ""1.555"", ""arrow"": ""\u2b07"", ""parenthetical"": ""1.613"", ""highlighted"": false}]",0.5,DOWN,HOME,-6.5,1.83,6.5,1.83,AWAY,109.31%,True,0.0,AWAY,ACCEPT,STALE,False,HIGH_DIRECTION_ONLY,No supplied equal-line EV bound to the sharp side,clear_sharp_side_signal,no_proven_same_side_value,False,HOME,REJECT,"bet_quality: UNFAVOURABLE (line EQUAL, price UNFAVOURABLE, EV SUPPLIED_FOR_OTHER_SIDE)",NO BET,REJECT,"bet_quality: UNFAVOURABLE (line EQUAL, price UNFAVOURABLE, EV SUPPLIED_FOR_OTHER_SIDE)",9e005629377c1b0ac0d2d88fca1ebab3635c5324dcfa2625d4d3b94156e19c43,NO BET,CONSISTENT_WITH_DOCUMENTED_RULE; policy/format limitations retained,Candidate preserved; worse same-side offer or EV belongs to other side. Opponent not substituted.
691,1475314653,68676,2026-09-24T15:41:42.507+00:00,2026-09-24T15:41:42+00:00,DUPLICATE,,True,basketball,Puerto Rico - Superior Nacional Women,Explosivas de Moca vs Leonas De Ponce,SPREAD,-9,-9.5,,"[{""price"": ""1.847"", ""arrow"": null, ""parenthetical"": null, ""highlighted"": false}, {""price"": ""1.819"", ""arrow"": null, ""parenthetical"": null, ""highlighted"": false}]","[{""price"": ""2.190"", ""arrow"": ""\u2b06"", ""parenthetical"": ""2.120"", ""highlighted"": false}, {""price"": ""1.552"", ""arrow"": ""\u2b07"", ""parenthetical"": ""1.591"", ""highlighted"": false}]",0.5,DOWN,HOME,-9.5,1.83,9.5,1.83,AWAY,109.62%,True,0.0,AWAY,ACCEPT,,False,HIGH_DIRECTION_ONLY,No supplied equal-line EV bound to the sharp side,clear_sharp_side_signal,no_proven_same_side_value,False,HOME,REJECT,"bet_quality: UNFAVOURABLE (line EQUAL, price UNFAVOURABLE, EV SUPPLIED_FOR_OTHER_SIDE)",NO BET,REJECT,"bet_quality: UNFAVOURABLE (line EQUAL, price UNFAVOURABLE, EV SUPPLIED_FOR_OTHER_SIDE)",8ccac62d19aafdbe370d7b7777d03e5c076d12dc6ccc55a30481bb244a525454,NO BET,CONSISTENT_WITH_DOCUMENTED_RULE; policy/format limitations retained,Candidate preserved; worse same-side offer or EV belongs to other side. Opponent not substituted.
692,1475314653,68677,2026-09-24T15:41:48.491+00:00,2026-09-24T15:41:48+00:00,DUPLICATE,,True,basketball,Puerto Rico - Superior Nacional Women,Explosivas de Moca vs Leonas De Ponce,SPREAD,-9,-9.5,,"[{""price"": ""1.847"", ""arrow"": null, ""parenthetical"": null, ""highlighted"": false}, {""price"": ""1.819"", ""arrow"": null, ""parenthetical"": null, ""highlighted"": false}]","[{""price"": ""2.260"", ""arrow"": ""\u2b06"", ""parenthetical"": ""2.190"", ""highlighted"": false}, {""price"": ""1.518"", ""arrow"": ""\u2b07"", ""parenthetical"": ""1.552"", ""highlighted"": false}]",0.5,DOWN,HOME,-9.5,1.83,9.5,1.83,AWAY,112.39%,True,0.0,AWAY,ACCEPT,,False,HIGH_DIRECTION_ONLY,No supplied equal-line EV bound to the sharp side,clear_sharp_side_signal,no_proven_same_side_value,False,HOME,REJECT,"bet_quality: UNFAVOURABLE (line EQUAL, price UNFAVOURABLE, EV SUPPLIED_FOR_OTHER_SIDE)",NO BET,REJECT,"bet_quality: UNFAVOURABLE (line EQUAL, price UNFAVOURABLE, EV SUPPLIED_FOR_OTHER_SIDE)",9fcbd2e4c10a27db9eba612b5a3cc5a9da73e15590738dddec8e1311e6c82e14,NO BET,CONSISTENT_WITH_DOCUMENTED_RULE; policy/format limitations retained,Candidate preserved; worse same-side offer or EV belongs to other side. Opponent not substituted.
749,1475314653,68734,2026-09-24T17:14:34.121+00:00,2026-09-24T17:14:34+00:00,PARSED_PARTIAL,,True,basketball,Europe - Eurocup Qualification Women,Geneva Elite Basket vs Saarlouis Royals,SPREAD,15.5,22.5,,"[{""price"": ""1.833"", ""arrow"": null, ""parenthetical"": null, ""highlighted"": false}, {""price"": ""1.833"", ""arrow"": null, ""parenthetical"": null, ""highlighted"": false}]","[{""price"": ""1.735"", ""arrow"": ""\u2b07"", ""parenthetical"": ""1.869"", ""highlighted"": false}, {""price"": ""2.010"", ""arrow"": ""\u2b06"", ""parenthetical"": ""1.869"", ""highlighted"": false}]",7.0,UP,AWAY,-25.5,1.83,25.5,1.83,,None (not equal lines),False,-3.0,HOME,ACCEPT,,False,HIGH_DIRECTION_ONLY,,clear_sharp_side_signal,moved_too_far,False,AWAY,REJECT,"bet_quality: UNFAVOURABLE (line UNFAVOURABLE, price NOT_COMPARABLE, EV NOT_AVAILABLE_UNEQUAL_LINES)",NO BET,REJECT,"bet_quality: UNFAVOURABLE (line UNFAVOURABLE, price NOT_COMPARABLE, EV NOT_AVAILABLE_UNEQUAL_LINES)",8b9cc9cee43aa9a97ac12ca0be56d2f7c30c0eff8517d5561fd19b6481efcd9c,NO BET,CONSISTENT_WITH_DOCUMENTED_RULE; policy/format limitations retained,Candidate preserved; worse same-side offer or EV belongs to other side. Opponent not substituted.
786,1475314653,68773,2026-09-24T18:09:20.527+00:00,2026-09-24T18:09:20+00:00,PARSED,,True,basketball,Brazil - Paulista FPB U20,Araraquara vs Mogi Das Cruzes,TOTALS,153.5,154.5,,"[{""price"": ""1.813"", ""arrow"": null, ""parenthetical"": null, ""highlighted"": false}, {""price"": ""1.854"", ""arrow"": null, ""parenthetical"": null, ""highlighted"": false}]","[{""price"": ""2.180"", ""arrow"": ""\u2b06"", ""parenthetical"": ""2.140"", ""highlighted"": false}, {""price"": ""1.632"", ""arrow"": ""\u2b07"", ""parenthetical"": ""1.653"", ""highlighted"": false}]",1.0,UP,OVER,154.5,1.83,154.5,1.83,UNDER,106.11%,True,0.0,UNDER,ACCEPT,STALE,False,HIGH_DIRECTION_ONLY,No supplied equal-line EV bound to the sharp side,clear_sharp_side_signal,no_proven_same_side_value,False,OVER,REJECT,"bet_quality: UNFAVOURABLE (line EQUAL, price UNFAVOURABLE, EV SUPPLIED_FOR_OTHER_SIDE)",NO BET,REJECT,"bet_quality: UNFAVOURABLE (line EQUAL, price UNFAVOURABLE, EV SUPPLIED_FOR_OTHER_SIDE)",c2bbc4762b9fca2c14e405259eefdffff59c90e0c9227dc4d834ed21d244c99d,NO BET,CONSISTENT_WITH_DOCUMENTED_RULE; policy/format limitations retained,Candidate preserved; worse same-side offer or EV belongs to other side. Opponent not substituted.
800,1475314653,68787,2026-09-24T18:17:00.766+00:00,2026-09-24T18:17:00+00:00,PARSED,,True,basketball,Hungary - Nemzeti Bajnoksag I.A,Szolnoki Olaj vs OSE Lions,SPREAD,-15.5,-23.5,,"[{""price"": ""1.869"", ""arrow"": null, ""parenthetical"": null, ""highlighted"": false}, {""price"": ""1.800"", ""arrow"": null, ""parenthetical"": null, ""highlighted"": false}]","[{""price"": ""2.120"", ""arrow"": ""\u2b06"", ""parenthetical"": ""1.990"", ""highlighted"": false}, {""price"": ""1.591"", ""arrow"": ""\u2b07"", ""parenthetical"": ""1.689"", ""highlighted"": false}]",8.0,DOWN,HOME,-23.5,1.83,23.5,1.83,AWAY,106.63%,True,0.0,AWAY,ACCEPT,STALE,False,HIGH_DIRECTION_ONLY,No supplied equal-line EV bound to the sharp side,clear_sharp_side_signal,no_proven_same_side_value,False,HOME,REJECT,"bet_quality: UNFAVOURABLE (line EQUAL, price UNFAVOURABLE, EV SUPPLIED_FOR_OTHER_SIDE)",NO BET,REJECT,"bet_quality: UNFAVOURABLE (line EQUAL, price UNFAVOURABLE, EV SUPPLIED_FOR_OTHER_SIDE)",c66464b3f1107127b451e77404450fc4e3a6d284ef2c3b9dd23281d90fd49a7d,NO BET,CONSISTENT_WITH_DOCUMENTED_RULE; policy/format limitations retained,Candidate preserved; worse same-side offer or EV belongs to other side. Opponent not substituted.
801,1475314653,68788,2026-09-24T18:17:06.905+00:00,2026-09-24T18:17:06+00:00,DUPLICATE,,True,basketball,Hungary - Nemzeti Bajnoksag I.A,Szolnoki Olaj vs OSE Lions,SPREAD,-15.5,-23.5,,"[{""price"": ""1.869"", ""arrow"": null, ""parenthetical"": null, ""highlighted"": false}, {""price"": ""1.800"", ""arrow"": null, ""parenthetical"": null, ""highlighted"": false}]","[{""price"": ""2.190"", ""arrow"": ""\u2b06"", ""parenthetical"": ""2.120"", ""highlighted"": false}, {""price"": ""1.552"", ""arrow"": ""\u2b07"", ""parenthetical"": ""1.591"", ""highlighted"": false}]",8.0,DOWN,HOME,-23.5,1.83,23.5,1.83,AWAY,109.62%,True,0.0,AWAY,ACCEPT,,False,HIGH_DIRECTION_ONLY,No supplied equal-line EV bound to the sharp side,clear_sharp_side_signal,no_proven_same_side_value,False,HOME,REJECT,"bet_quality: UNFAVOURABLE (line EQUAL, price UNFAVOURABLE, EV SUPPLIED_FOR_OTHER_SIDE)",NO BET,REJECT,"bet_quality: UNFAVOURABLE (line EQUAL, price UNFAVOURABLE, EV SUPPLIED_FOR_OTHER_SIDE)",91bafe3197500fb77f1418171a6be529468e638db262cc2076e672913f83357d,NO BET,CONSISTENT_WITH_DOCUMENTED_RULE; policy/format limitations retained,Candidate preserved; worse same-side offer or EV belongs to other side. Opponent not substituted.
834,1475314653,68822,2026-09-24T19:13:25.632+00:00,2026-09-24T19:13:25+00:00,PARSED,,True,basketball,Puerto Rico - Superior Nacional Women,Cangrejeras de Santurce vs Cariduros de Fajardo,SPREAD,-9.5,-1.5,,"[{""price"": ""1.833"", ""arrow"": null, ""parenthetical"": null, ""highlighted"": false}, {""price"": ""1.833"", ""arrow"": null, ""parenthetical"": null, ""highlighted"": false}]","[{""price"": ""1.578"", ""arrow"": ""\u2b07"", ""parenthetical"": ""1.625"", ""highlighted"": false}, {""price"": ""2.240"", ""arrow"": ""\u2b06"", ""parenthetical"": ""2.160"", ""highlighted"": false}]",8.0,UP,AWAY,1.5,1.86,-1.5,1.80,HOME,107.56%,True,0.0,HOME,ACCEPT,STALE,False,HIGH_DIRECTION_ONLY,No supplied equal-line EV bound to the sharp side,clear_sharp_side_signal,no_proven_same_side_value,False,AWAY,REJECT,"bet_quality: UNFAVOURABLE (line EQUAL, price UNFAVOURABLE, EV SUPPLIED_FOR_OTHER_SIDE)",NO BET,REJECT,"bet_quality: UNFAVOURABLE (line EQUAL, price UNFAVOURABLE, EV SUPPLIED_FOR_OTHER_SIDE)",87e50c4f2682acf744b80c608799990ea6de02c97e95dc40d3d81b8d3340bafc,NO BET,CONSISTENT_WITH_DOCUMENTED_RULE; policy/format limitations retained,Candidate preserved; worse same-side offer or EV belongs to other side. Opponent not substituted.
835,1475314653,68823,2026-09-24T19:17:39.833+00:00,2026-09-24T19:17:39+00:00,DUPLICATE,,True,basketball,Puerto Rico - Superior Nacional Women,Cangrejeras de Santurce vs Cariduros de Fajardo,SPREAD,-9.5,-1.5,,"[{""price"": ""1.833"", ""arrow"": null, ""parenthetical"": null, ""highlighted"": false}, {""price"": ""1.833"", ""arrow"": null, ""parenthetical"": null, ""highlighted"": false}]","[{""price"": ""1.571"", ""arrow"": ""\u2b07"", ""parenthetical"": ""1.606"", ""highlighted"": false}, {""price"": ""2.260"", ""arrow"": ""\u2b06"", ""parenthetical"": ""2.190"", ""highlighted"": false}]",8.0,UP,AWAY,1.5,1.86,-1.5,1.80,HOME,108.19%,True,0.0,HOME,ACCEPT,,False,HIGH_DIRECTION_ONLY,No supplied equal-line EV bound to the sharp side,clear_sharp_side_signal,no_proven_same_side_value,False,AWAY,REJECT,"bet_quality: UNFAVOURABLE (line EQUAL, price UNFAVOURABLE, EV SUPPLIED_FOR_OTHER_SIDE)",NO BET,REJECT,"bet_quality: UNFAVOURABLE (line EQUAL, price UNFAVOURABLE, EV SUPPLIED_FOR_OTHER_SIDE)",d1b62047f78d3a903023f19b9c34cb14151d7ee8038f1d7d97acb44244469a47,NO BET,CONSISTENT_WITH_DOCUMENTED_RULE; policy/format limitations retained,Candidate preserved; worse same-side offer or EV belongs to other side. Opponent not substituted.
836,1475314653,68824,2026-09-24T19:19:09.335+00:00,2026-09-24T19:19:09+00:00,PARSED,,True,basketball,France - Nationale 1,Toulouse vs Rennes,SPREAD,-8,-8.5,,"[{""price"": ""1.862"", ""arrow"": null, ""parenthetical"": null, ""highlighted"": false}, {""price"": ""1.806"", ""arrow"": null, ""parenthetical"": null, ""highlighted"": false}]","[{""price"": ""2.170"", ""arrow"": ""\u2b06"", ""parenthetical"": ""2.060"", ""highlighted"": false}, {""price"": ""1.564"", ""arrow"": ""\u2b07"", ""parenthetical"": ""1.632"", ""highlighted"": false}]",0.5,DOWN,HOME,-8.5,1.83,8.5,1.83,AWAY,108.73%,True,0.0,AWAY,ACCEPT,STALE,False,HIGH_DIRECTION_ONLY,No supplied equal-line EV bound to the sharp side,clear_sharp_side_signal,no_proven_same_side_value,False,HOME,REJECT,"bet_quality: UNFAVOURABLE (line EQUAL, price UNFAVOURABLE, EV SUPPLIED_FOR_OTHER_SIDE)",NO BET,REJECT,"bet_quality: UNFAVOURABLE (line EQUAL, price UNFAVOURABLE, EV SUPPLIED_FOR_OTHER_SIDE)",32eaf032dc4b545e3bdd94f2a968cdccdb83e680515d26ab8d66a8d57204c256,NO BET,CONSISTENT_WITH_DOCUMENTED_RULE; policy/format limitations retained,Candidate preserved; worse same-side offer or EV belongs to other side. Opponent not substituted.
901,1475314653,68907,2026-09-24T21:58:19.841+00:00,2026-09-24T21:58:19+00:00,PARSED_PARTIAL,,True,basketball,Chile - LNB,CD Las Animas vs CD Espanol De Talca,SPREAD,-14,-9.5,,"[{""price"": ""1.884"", ""arrow"": null, ""parenthetical"": null, ""highlighted"": false}, {""price"": ""1.724"", ""arrow"": null, ""parenthetical"": null, ""highlighted"": false}]","[{""price"": ""1.769"", ""arrow"": ""\u2b07"", ""parenthetical"": ""1.854"", ""highlighted"": false}, {""price"": ""1.900"", ""arrow"": ""\u2b06"", ""parenthetical"": ""1.806"", ""highlighted"": false}]",4.5,UP,AWAY,6.5,1.83,-6.5,1.83,,None (not equal lines),False,-3.0,HOME,ACCEPT,,False,HIGH_DIRECTION_ONLY,,clear_sharp_side_signal,moved_too_far,False,AWAY,REJECT,"bet_quality: UNFAVOURABLE (line UNFAVOURABLE, price NOT_COMPARABLE, EV NOT_AVAILABLE_UNEQUAL_LINES)",NO BET,REJECT,"bet_quality: UNFAVOURABLE (line UNFAVOURABLE, price NOT_COMPARABLE, EV NOT_AVAILABLE_UNEQUAL_LINES)",526f8f258c1f450f34927387bbcd5f27582baefce86f69d37e46a6822e212e7c,NO BET,CONSISTENT_WITH_DOCUMENTED_RULE; policy/format limitations retained,Candidate preserved; worse same-side offer or EV belongs to other side. Opponent not substituted.
904,1475314653,68910,2026-09-24T21:58:42.308+00:00,2026-09-24T21:58:42+00:00,PARSED_PARTIAL,,True,basketball,Chile - LNB,CD Las Animas vs CD Espanol De Talca,SPREAD,-14,-9.5,-10,"[{""price"": ""1.884"", ""arrow"": null, ""parenthetical"": null, ""highlighted"": false}, {""price"": ""1.724"", ""arrow"": null, ""parenthetical"": null, ""highlighted"": false}]","[{""price"": ""1.847"", ""arrow"": ""\u2b06"", ""parenthetical"": ""1.847"", ""highlighted"": false}, {""price"": ""1.819"", ""arrow"": ""\u2b06"", ""parenthetical"": ""1.819"", ""highlighted"": false}]",4.5,UP,AWAY,6.5,1.83,-6.5,1.83,,None (not equal lines),False,-3.0,HOME,ACCEPT,,False,HIGH_DIRECTION_ONLY,,clear_sharp_side_signal,moved_too_far,False,AWAY,REJECT,"bet_quality: UNFAVOURABLE (line UNFAVOURABLE, price NOT_COMPARABLE, EV NOT_AVAILABLE_UNEQUAL_LINES)",NO BET,REJECT,"bet_quality: UNFAVOURABLE (line UNFAVOURABLE, price NOT_COMPARABLE, EV NOT_AVAILABLE_UNEQUAL_LINES)",4289165e11ff0929026c94403fcdd647e7cc7417378f29dec71a2383864382f5,NO BET,CONSISTENT_WITH_DOCUMENTED_RULE; policy/format limitations retained,Candidate preserved; worse same-side offer or EV belongs to other side. Opponent not substituted.
906,1475314653,68912,2026-09-24T21:59:00.460+00:00,2026-09-24T21:59:00+00:00,PARSED_PARTIAL,,True,basketball,Chile - LNB,CD Las Animas vs CD Espanol De Talca,SPREAD,-14,-8.5,-9,"[{""price"": ""1.884"", ""arrow"": null, ""parenthetical"": null, ""highlighted"": false}, {""price"": ""1.724"", ""arrow"": null, ""parenthetical"": null, ""highlighted"": false}]","[{""price"": ""1.826"", ""arrow"": ""\u2b07"", ""parenthetical"": ""1.840"", ""highlighted"": false}, {""price"": ""1.840"", ""arrow"": ""\u2b06"", ""parenthetical"": ""1.826"", ""highlighted"": false}]",5.5,UP,AWAY,6.5,1.83,-6.5,1.83,,None (not equal lines),False,-2.0,HOME,ACCEPT,,False,HIGH_DIRECTION_ONLY,,clear_sharp_side_signal,moved_too_far,False,AWAY,REJECT,"bet_quality: UNFAVOURABLE (line UNFAVOURABLE, price NOT_COMPARABLE, EV NOT_AVAILABLE_UNEQUAL_LINES)",NO BET,REJECT,"bet_quality: UNFAVOURABLE (line UNFAVOURABLE, price NOT_COMPARABLE, EV NOT_AVAILABLE_UNEQUAL_LINES)",10bcc907947356fe518e118399a377a1b037c7884bde424fd5c422199d1932ee,NO BET,CONSISTENT_WITH_DOCUMENTED_RULE; policy/format limitations retained,Candidate preserved; worse same-side offer or EV belongs to other side. Opponent not substituted.
958,1475314653,68964,2026-09-24T22:27:30.611+00:00,2026-09-24T22:27:30+00:00,DUPLICATE,,True,basketball,Uruguay - Tercera de Ascenso,Bohemios vs Reducto,SPREAD,-7,-9,,"[{""price"": ""1.826"", ""arrow"": null, ""parenthetical"": null, ""highlighted"": false}, {""price"": ""1.833"", ""arrow"": null, ""parenthetical"": null, ""highlighted"": false}]","[{""price"": ""2.220"", ""arrow"": ""\u2b06"", ""parenthetical"": ""2.190"", ""highlighted"": false}, {""price"": ""1.588"", ""arrow"": ""\u2b07"", ""parenthetical"": ""1.606"", ""highlighted"": false}]",2,DOWN,HOME,-9,1.83,9,1.83,AWAY,108.59%,True,0,AWAY,ACCEPT,,False,HIGH_DIRECTION_ONLY,No supplied equal-line EV bound to the sharp side,clear_sharp_side_signal,no_proven_same_side_value,False,HOME,REJECT,"bet_quality: UNFAVOURABLE (line EQUAL, price UNFAVOURABLE, EV SUPPLIED_FOR_OTHER_SIDE)",NO BET,REJECT,"bet_quality: UNFAVOURABLE (line EQUAL, price UNFAVOURABLE, EV SUPPLIED_FOR_OTHER_SIDE)",ce19953d8764c92059cbe73eee822de1d83307ebef30573a0def30444b874bbc,NO BET,CONSISTENT_WITH_DOCUMENTED_RULE; policy/format limitations retained,Candidate preserved; worse same-side offer or EV belongs to other side. Opponent not substituted.
997,1475314653,69003,2026-09-24T23:17:15.418+00:00,2026-09-24T23:17:15+00:00,PARSED,,True,basketball,Paraguay - Primera,Felix Perez Cardozo vs Amambay,SPREAD,6,15.5,,"[{""price"": ""1.847"", ""arrow"": null, ""parenthetical"": null, ""highlighted"": false}, {""price"": ""1.813"", ""arrow"": null, ""parenthetical"": null, ""highlighted"": false}]","[{""price"": ""1.625"", ""arrow"": ""\u2b07"", ""parenthetical"": ""1.657"", ""highlighted"": false}, {""price"": ""2.160"", ""arrow"": ""\u2b06"", ""parenthetical"": ""2.110"", ""highlighted"": false}]",9.5,UP,AWAY,-15.5,1.83,15.5,1.83,HOME,106.02%,True,0.0,HOME,ACCEPT,STALE,False,HIGH_DIRECTION_ONLY,No supplied equal-line EV bound to the sharp side,clear_sharp_side_signal,no_proven_same_side_value,False,AWAY,REJECT,"bet_quality: UNFAVOURABLE (line EQUAL, price UNFAVOURABLE, EV SUPPLIED_FOR_OTHER_SIDE)",NO BET,REJECT,"bet_quality: UNFAVOURABLE (line EQUAL, price UNFAVOURABLE, EV SUPPLIED_FOR_OTHER_SIDE)",63681681450de749807988b43820720ae1fdcd81ec60ddd9fa64edea72368d85,NO BET,CONSISTENT_WITH_DOCUMENTED_RULE; policy/format limitations retained,Candidate preserved; worse same-side offer or EV belongs to other side. Opponent not substituted.
1126,1475314653,69144,2026-09-25T04:51:26.292+00:00,2026-09-25T04:51:26+00:00,PARSED,,True,basketball,Puerto Rico - Superior Nacional Women,Explosivas de Moca vs Leonas De Ponce,SPREAD,-9,-1.5,-4,"[{""price"": ""1.847"", ""arrow"": null, ""parenthetical"": null, ""highlighted"": false}, {""price"": ""1.819"", ""arrow"": null, ""parenthetical"": null, ""highlighted"": false}]","[{""price"": ""1.581"", ""arrow"": ""\u2b07"", ""parenthetical"": ""1.813"", ""highlighted"": false}, {""price"": ""2.140"", ""arrow"": ""\u2b06"", ""parenthetical"": ""1.847"", ""highlighted"": false}]",7.5,UP,AWAY,1.5,1.83,-1.5,1.83,HOME,107.44%,True,0.0,HOME,ACCEPT,STALE,False,HIGH_DIRECTION_ONLY,No supplied equal-line EV bound to the sharp side,clear_sharp_side_signal,no_proven_same_side_value,False,AWAY,REJECT,"bet_quality: UNFAVOURABLE (line EQUAL, price UNFAVOURABLE, EV SUPPLIED_FOR_OTHER_SIDE)",NO BET,REJECT,"bet_quality: UNFAVOURABLE (line EQUAL, price UNFAVOURABLE, EV SUPPLIED_FOR_OTHER_SIDE)",3d49507812b565124bea4b316c1f398247a5420bcaea8b2c028b6e717f66a38b,NO BET,CONSISTENT_WITH_DOCUMENTED_RULE; policy/format limitations retained,Candidate preserved; worse same-side offer or EV belongs to other side. Opponent not substituted.
1136,1475314653,69154,2026-09-25T05:36:45.463+00:00,2026-09-25T05:36:45+00:00,DUPLICATE,,True,basketball,Puerto Rico - Superior Nacional Women,Explosivas de Moca vs Leonas De Ponce,SPREAD,-9,-1.5,,"[{""price"": ""1.847"", ""arrow"": null, ""parenthetical"": null, ""highlighted"": false}, {""price"": ""1.819"", ""arrow"": null, ""parenthetical"": null, ""highlighted"": false}]","[{""price"": ""1.540"", ""arrow"": ""\u2b07"", ""parenthetical"": ""1.568"", ""highlighted"": false}, {""price"": ""2.210"", ""arrow"": ""\u2b06"", ""parenthetical"": ""2.160"", ""highlighted"": false}]",7.5,UP,AWAY,1.5,1.83,-1.5,1.83,HOME,110.52%,True,0.0,HOME,ACCEPT,,False,HIGH_DIRECTION_ONLY,No supplied equal-line EV bound to the sharp side,clear_sharp_side_signal,no_proven_same_side_value,False,AWAY,REJECT,"bet_quality: UNFAVOURABLE (line EQUAL, price UNFAVOURABLE, EV SUPPLIED_FOR_OTHER_SIDE)",NO BET,REJECT,"bet_quality: UNFAVOURABLE (line EQUAL, price UNFAVOURABLE, EV SUPPLIED_FOR_OTHER_SIDE)",71f7a494cddfde6e36294ade07ac2aca260778c09e743d15bde08c34421f9342,NO BET,CONSISTENT_WITH_DOCUMENTED_RULE; policy/format limitations retained,Candidate preserved; worse same-side offer or EV belongs to other side. Opponent not substituted.
1154,1475314653,69172,2026-09-25T05:58:39.972+00:00,2026-09-25T05:58:39+00:00,PARSED_PARTIAL,,True,basketball,World - Club Friendlies,Anyang Jungkwanjang Red Boosters vs Suwon KT Sonicboom,SPREAD,-2.5,2.5,,"[{""price"": ""1.833"", ""arrow"": null, ""parenthetical"": null, ""highlighted"": false}, {""price"": ""1.833"", ""arrow"": null, ""parenthetical"": null, ""highlighted"": false}]","[{""price"": ""1.699"", ""arrow"": ""\u2b07"", ""parenthetical"": ""1.847"", ""highlighted"": false}, {""price"": ""2.040"", ""arrow"": ""\u2b06"", ""parenthetical"": ""1.892"", ""highlighted"": false}]",5.0,UP,AWAY,-4.5,1.83,4.5,1.83,,None (not equal lines),False,-2.0,HOME,ACCEPT,,False,HIGH_DIRECTION_ONLY,,clear_sharp_side_signal,moved_too_far,False,AWAY,REJECT,"bet_quality: UNFAVOURABLE (line UNFAVOURABLE, price NOT_COMPARABLE, EV NOT_AVAILABLE_UNEQUAL_LINES)",NO BET,REJECT,"bet_quality: UNFAVOURABLE (line UNFAVOURABLE, price NOT_COMPARABLE, EV NOT_AVAILABLE_UNEQUAL_LINES)",845b4e2534b5d4f6b893540c10b3cb7d6970a03bf1e2ab739677f924a0a8cd49,NO BET,CONSISTENT_WITH_DOCUMENTED_RULE; policy/format limitations retained,Candidate preserved; worse same-side offer or EV belongs to other side. Opponent not substituted.
1212,1475314653,69233,2026-09-25T09:41:04.877+00:00,2026-09-25T09:41:04+00:00,PARSED,,True,basketball,Germany - Bundesliga,Baskets Wurzburg vs Baskets Oldenburg,SPREAD,-5.5,-4,,"[{""price"": ""1.877"", ""arrow"": null, ""parenthetical"": null, ""highlighted"": false}, {""price"": ""1.925"", ""arrow"": null, ""parenthetical"": null, ""highlighted"": false}]","[{""price"": ""1.645"", ""arrow"": ""\u2b07"", ""parenthetical"": ""1.689"", ""highlighted"": false}, {""price"": ""2.220"", ""arrow"": ""\u2b06"", ""parenthetical"": ""2.140"", ""highlighted"": false}]",1.5,UP,AWAY,4,1.86,-4,1.86,HOME,108.07%,True,0,HOME,ACCEPT,STALE,False,HIGH_DIRECTION_ONLY,No supplied equal-line EV bound to the sharp side,clear_sharp_side_signal,no_proven_same_side_value,False,AWAY,REJECT,"bet_quality: UNFAVOURABLE (line EQUAL, price UNFAVOURABLE, EV SUPPLIED_FOR_OTHER_SIDE)",NO BET,REJECT,"bet_quality: UNFAVOURABLE (line EQUAL, price UNFAVOURABLE, EV SUPPLIED_FOR_OTHER_SIDE)",5d4fa61caff2c22467b01bc90bada95a3929d54c7ce0220906b30e73fd10178d,NO BET,CONSISTENT_WITH_DOCUMENTED_RULE; policy/format limitations retained,Candidate preserved; worse same-side offer or EV belongs to other side. Opponent not substituted.
1223,1475314653,69249,2026-09-25T11:36:43.337+00:00,2026-09-25T11:36:43+00:00,PARSED,,True,basketball,Sweden - Basketligan,Norrkoping Dolphins vs Umea Basket,SPREAD,-22,-25,,"[{""price"": ""1.900"", ""arrow"": null, ""parenthetical"": null, ""highlighted"": false}, {""price"": ""1.833"", ""arrow"": null, ""parenthetical"": null, ""highlighted"": false}]","[{""price"": ""2.090"", ""arrow"": ""\u2b06"", ""parenthetical"": ""1.862"", ""highlighted"": false}, {""price"": ""1.671"", ""arrow"": ""\u2b07"", ""parenthetical"": ""1.869"", ""highlighted"": false}]",3,DOWN,HOME,-27.5,1.83,27.5,1.83,,None (not equal lines),False,-2.5,AWAY,ACCEPT,TARGET_NOT_FOUND,False,HIGH_DIRECTION_ONLY,,clear_sharp_side_signal,moved_too_far,False,HOME,REJECT,"bet_quality: UNFAVOURABLE (line UNFAVOURABLE, price NOT_COMPARABLE, EV NOT_AVAILABLE_UNEQUAL_LINES)",NO BET,REJECT,"bet_quality: UNFAVOURABLE (line UNFAVOURABLE, price NOT_COMPARABLE, EV NOT_AVAILABLE_UNEQUAL_LINES)",83215b5cbf1013c254dc04a5aa242254f9af54daa4bd724a8cd59b0a7809435d,NO BET,CONSISTENT_WITH_DOCUMENTED_RULE; policy/format limitations retained,Candidate preserved; worse same-side offer or EV belongs to other side. Opponent not substituted.
1271,1475314653,69316,2026-09-25T13:16:11.818+00:00,2026-09-25T13:16:11+00:00,PARSED,,True,basketball,Puerto Rico - Superior Nacional Women,Explosivas de Moca vs Leonas De Ponce,SPREAD,-9,-4.5,,"[{""price"": ""1.847"", ""arrow"": null, ""parenthetical"": null, ""highlighted"": false}, {""price"": ""1.819"", ""arrow"": null, ""parenthetical"": null, ""highlighted"": false}]","[{""price"": ""1.568"", ""arrow"": ""\u2b07"", ""parenthetical"": ""1.602"", ""highlighted"": false}, {""price"": ""2.160"", ""arrow"": ""\u2b06"", ""parenthetical"": ""2.100"", ""highlighted"": false}]",4.5,UP,AWAY,4.5,1.83,-4.5,1.83,HOME,108.37%,True,0.0,HOME,ACCEPT,STALE,False,HIGH_DIRECTION_ONLY,No supplied equal-line EV bound to the sharp side,clear_sharp_side_signal,no_proven_same_side_value,False,AWAY,REJECT,"bet_quality: UNFAVOURABLE (line EQUAL, price UNFAVOURABLE, EV SUPPLIED_FOR_OTHER_SIDE)",NO BET,REJECT,"bet_quality: UNFAVOURABLE (line EQUAL, price UNFAVOURABLE, EV SUPPLIED_FOR_OTHER_SIDE)",b2419ab736d6c8141a378667cde092a7eb112c3b90a628c727f84ecd2160302a,NO BET,CONSISTENT_WITH_DOCUMENTED_RULE; policy/format limitations retained,Candidate preserved; worse same-side offer or EV belongs to other side. Opponent not substituted.
1294,1475314653,69340,2026-09-25T14:05:30.261+00:00,2026-09-25T14:05:30+00:00,DUPLICATE,,True,basketball,Estonia - I Liiga,Paide Viking Window vs Rae Koss/Hansaviimistlus,SPREAD,-7,-9.5,,"[{""price"": ""1.800"", ""arrow"": null, ""parenthetical"": null, ""highlighted"": false}, {""price"": ""1.862"", ""arrow"": null, ""parenthetical"": null, ""highlighted"": false}]","[{""price"": ""2.120"", ""arrow"": ""\u2b06"", ""parenthetical"": ""2.070"", ""highlighted"": false}, {""price"": ""1.653"", ""arrow"": ""\u2b07"", ""parenthetical"": ""1.689"", ""highlighted"": false}]",2.5,DOWN,HOME,-9.5,1.74,9.5,1.95,AWAY,111.01%,True,0.0,AWAY,ACCEPT,,False,HIGH_DIRECTION_ONLY,No supplied equal-line EV bound to the sharp side,clear_sharp_side_signal,no_proven_same_side_value,False,HOME,REJECT,"bet_quality: UNFAVOURABLE (line EQUAL, price UNFAVOURABLE, EV SUPPLIED_FOR_OTHER_SIDE)",NO BET,REJECT,"bet_quality: UNFAVOURABLE (line EQUAL, price UNFAVOURABLE, EV SUPPLIED_FOR_OTHER_SIDE)",c6dc6a28d2adbd08fbdc1dd209ba68574d75598227d1a0771141a9a679147d64,NO BET,CONSISTENT_WITH_DOCUMENTED_RULE; policy/format limitations retained,Candidate preserved; worse same-side offer or EV belongs to other side. Opponent not substituted.
1315,1475314653,69365,2026-09-25T15:16:56.323+00:00,2026-09-25T15:16:56+00:00,PARSED,,True,basketball,Czech Republic - 1. Liga,SKB Zlin vs BK Napos Vysoka Nad Labem,SPREAD,-13.5,-5.5,-6.5,"[{""price"": ""1.806"", ""arrow"": null, ""parenthetical"": null, ""highlighted"": false}, {""price"": ""1.793"", ""arrow"": null, ""parenthetical"": null, ""highlighted"": false}]","[{""price"": ""1.847"", ""arrow"": ""\u2b07"", ""parenthetical"": ""1.862"", ""highlighted"": false}, {""price"": ""1.819"", ""arrow"": ""\u2b06"", ""parenthetical"": ""1.806"", ""highlighted"": false}]",8.0,UP,AWAY,3.5,1.83,-3.5,1.83,,None (not equal lines),False,-2.0,HOME,ACCEPT,STALE,False,HIGH_DIRECTION_ONLY,,clear_sharp_side_signal,moved_too_far,False,AWAY,REJECT,"bet_quality: UNFAVOURABLE (line UNFAVOURABLE, price NOT_COMPARABLE, EV NOT_AVAILABLE_UNEQUAL_LINES)",NO BET,REJECT,"bet_quality: UNFAVOURABLE (line UNFAVOURABLE, price NOT_COMPARABLE, EV NOT_AVAILABLE_UNEQUAL_LINES)",df0d60fb6c82400dfbc72fce87a2d277f437d70bb46639de2c73d4f5464d2f87,NO BET,CONSISTENT_WITH_DOCUMENTED_RULE; policy/format limitations retained,Candidate preserved; worse same-side offer or EV belongs to other side. Opponent not substituted.
1320,1475314653,69371,2026-09-25T15:38:19.727+00:00,2026-09-25T15:38:19+00:00,PARSED,,True,basketball,Estonian - Latvian Basketball League,Valmiera Glass VIA vs BK Ventspils,SPREAD,-9.5,-3.5,,"[{""price"": ""1.833"", ""arrow"": null, ""parenthetical"": null, ""highlighted"": false}, {""price"": ""1.900"", ""arrow"": null, ""parenthetical"": null, ""highlighted"": false}]","[{""price"": ""1.595"", ""arrow"": ""\u2b07"", ""parenthetical"": ""1.751"", ""highlighted"": false}, {""price"": ""2.210"", ""arrow"": ""\u2b06"", ""parenthetical"": ""1.990"", ""highlighted"": false}]",6.0,UP,AWAY,3.5,1.83,-3.5,1.83,HOME,108.13%,True,0.0,HOME,ACCEPT,STALE,False,HIGH_DIRECTION_ONLY,No supplied equal-line EV bound to the sharp side,clear_sharp_side_signal,no_proven_same_side_value,False,AWAY,REJECT,"bet_quality: UNFAVOURABLE (line EQUAL, price UNFAVOURABLE, EV SUPPLIED_FOR_OTHER_SIDE)",NO BET,REJECT,"bet_quality: UNFAVOURABLE (line EQUAL, price UNFAVOURABLE, EV SUPPLIED_FOR_OTHER_SIDE)",9af064acfd8fe829a1d04cdbc222dcaf23668b1152563988022947f0c0074c39,NO BET,CONSISTENT_WITH_DOCUMENTED_RULE; policy/format limitations retained,Candidate preserved; worse same-side offer or EV belongs to other side. Opponent not substituted.
1325,1475314653,69376,2026-09-25T15:42:51.476+00:00,2026-09-25T15:42:51+00:00,PARSED,,True,basketball,Sweden - Basketligan,Norrkoping Dolphins vs Umea Basket,SPREAD,-22,-25.5,,"[{""price"": ""1.900"", ""arrow"": null, ""parenthetical"": null, ""highlighted"": false}, {""price"": ""1.833"", ""arrow"": null, ""parenthetical"": null, ""highlighted"": false}]","[{""price"": ""2.060"", ""arrow"": ""\u2b06"", ""parenthetical"": ""1.909"", ""highlighted"": false}, {""price"": ""1.689"", ""arrow"": ""\u2b07"", ""parenthetical"": ""1.833"", ""highlighted"": false}]",3.5,DOWN,HOME,-25.5,1.74,25.5,1.95,AWAY,108.31%,True,0.0,AWAY,ACCEPT,STALE,False,HIGH_DIRECTION_ONLY,No supplied equal-line EV bound to the sharp side,clear_sharp_side_signal,no_proven_same_side_value,False,HOME,REJECT,"bet_quality: UNFAVOURABLE (line EQUAL, price UNFAVOURABLE, EV SUPPLIED_FOR_OTHER_SIDE)",NO BET,REJECT,"bet_quality: UNFAVOURABLE (line EQUAL, price UNFAVOURABLE, EV SUPPLIED_FOR_OTHER_SIDE)",ba613d2d5d245757dffdeb1084e95911d11b79a83533ee04556ec5246e9411b8,NO BET,CONSISTENT_WITH_DOCUMENTED_RULE; policy/format limitations retained,Candidate preserved; worse same-side offer or EV belongs to other side. Opponent not substituted.
1327,1475314653,69378,2026-09-25T15:43:38.469+00:00,2026-09-25T15:43:38+00:00,DUPLICATE,,True,basketball,Sweden - Basketligan,Norrkoping Dolphins vs Umea Basket,SPREAD,-22,-24,,"[{""price"": ""1.900"", ""arrow"": null, ""parenthetical"": null, ""highlighted"": false}, {""price"": ""1.833"", ""arrow"": null, ""parenthetical"": null, ""highlighted"": false}]","[{""price"": ""1.952"", ""arrow"": ""\u2b06"", ""parenthetical"": ""1.892"", ""highlighted"": false}, {""price"": ""1.793"", ""arrow"": ""\u2b07"", ""parenthetical"": ""1.847"", ""highlighted"": false}]",2,DOWN,HOME,-24,1.62,24,2.15,AWAY,112.56%,True,0,AWAY,ACCEPT,,False,HIGH_DIRECTION_ONLY,No supplied equal-line EV bound to the sharp side,clear_sharp_side_signal,no_proven_same_side_value,False,HOME,REJECT,"bet_quality: UNFAVOURABLE (line EQUAL, price UNFAVOURABLE, EV SUPPLIED_FOR_OTHER_SIDE)",NO BET,REJECT,"bet_quality: UNFAVOURABLE (line EQUAL, price UNFAVOURABLE, EV SUPPLIED_FOR_OTHER_SIDE)",7f62a330eb63e7643c229f533fc54302ea4e6e59c435482454ada14f42b0bce2,NO BET,CONSISTENT_WITH_DOCUMENTED_RULE; policy/format limitations retained,Candidate preserved; worse same-side offer or EV belongs to other side. Opponent not substituted.
1372,1475314653,69426,2026-09-25T16:38:58.463+00:00,2026-09-25T16:38:58+00:00,PARSED,,True,basketball,Mexico - Liga Nacional de Baloncesto Profesional,Abejas de Leon vs Santos del Potosi,SPREAD,-5.5,-2.5,,"[{""price"": ""1.854"", ""arrow"": null, ""parenthetical"": null, ""highlighted"": false}, {""price"": ""1.813"", ""arrow"": null, ""parenthetical"": null, ""highlighted"": false}]","[{""price"": ""1.561"", ""arrow"": ""\u2b07"", ""parenthetical"": ""1.757"", ""highlighted"": false}, {""price"": ""2.170"", ""arrow"": ""\u2b06"", ""parenthetical"": ""1.909"", ""highlighted"": false}]",3.0,UP,AWAY,2.5,1.83,-2.5,1.83,HOME,108.86%,True,0.0,HOME,ACCEPT,STALE,False,HIGH_DIRECTION_ONLY,No supplied equal-line EV bound to the sharp side,clear_sharp_side_signal,no_proven_same_side_value,False,AWAY,REJECT,"bet_quality: UNFAVOURABLE (line EQUAL, price UNFAVOURABLE, EV SUPPLIED_FOR_OTHER_SIDE)",NO BET,REJECT,"bet_quality: UNFAVOURABLE (line EQUAL, price UNFAVOURABLE, EV SUPPLIED_FOR_OTHER_SIDE)",d54cca7d3c67ed58063a7eba0018c5bfa6fdc917c04197aeccc109bb8e446625,NO BET,CONSISTENT_WITH_DOCUMENTED_RULE; policy/format limitations retained,Candidate preserved; worse same-side offer or EV belongs to other side. Opponent not substituted.
1373,1475314653,69427,2026-09-25T16:39:22.609+00:00,2026-09-25T16:39:22+00:00,PARSED,,True,basketball,Poland - BLK Women,Wisla Krakow vs Sleza Wroclaw,SPREAD,13,8.5,,"[{""price"": ""1.847"", ""arrow"": null, ""parenthetical"": null, ""highlighted"": false}, {""price"": ""1.819"", ""arrow"": null, ""parenthetical"": null, ""highlighted"": false}]","[{""price"": ""2.110"", ""arrow"": ""\u2b06"", ""parenthetical"": ""1.925"", ""highlighted"": false}, {""price"": ""1.598"", ""arrow"": ""\u2b07"", ""parenthetical"": ""1.735"", ""highlighted"": false}]",4.5,DOWN,HOME,8.5,1.83,-8.5,1.83,AWAY,106.15%,True,0.0,AWAY,ACCEPT,STALE,False,HIGH_DIRECTION_ONLY,No supplied equal-line EV bound to the sharp side,clear_sharp_side_signal,no_proven_same_side_value,False,HOME,REJECT,"bet_quality: UNFAVOURABLE (line EQUAL, price UNFAVOURABLE, EV SUPPLIED_FOR_OTHER_SIDE)",NO BET,REJECT,"bet_quality: UNFAVOURABLE (line EQUAL, price UNFAVOURABLE, EV SUPPLIED_FOR_OTHER_SIDE)",5bdeb819d2ae5fc3c7dc275155fb32838e53b5664d8071712c96ba87089115d3,NO BET,CONSISTENT_WITH_DOCUMENTED_RULE; policy/format limitations retained,Candidate preserved; worse same-side offer or EV belongs to other side. Opponent not substituted.
1390,1475314653,69444,2026-09-25T16:46:30.235+00:00,2026-09-25T16:46:30+00:00,PARSED,,True,basketball,Puerto Rico - Superior Nacional Women,Explosivas de Moca vs Leonas De Ponce,SPREAD,-9,-8.5,,"[{""price"": ""1.847"", ""arrow"": null, ""parenthetical"": null, ""highlighted"": false}, {""price"": ""1.819"", ""arrow"": null, ""parenthetical"": null, ""highlighted"": false}]","[{""price"": ""1.671"", ""arrow"": ""\u2b07"", ""parenthetical"": ""1.840"", ""highlighted"": false}, {""price"": ""2.010"", ""arrow"": ""\u2b06"", ""parenthetical"": ""1.819"", ""highlighted"": false}]",0.5,UP,AWAY,6.5,1.95,-6.5,1.74,,None (not equal lines),False,-2.0,HOME,ACCEPT,STALE,False,HIGH_DIRECTION_ONLY,,clear_sharp_side_signal,moved_too_far,False,AWAY,REJECT,"bet_quality: UNFAVOURABLE (line UNFAVOURABLE, price NOT_COMPARABLE, EV NOT_AVAILABLE_UNEQUAL_LINES)",NO BET,REJECT,"bet_quality: UNFAVOURABLE (line UNFAVOURABLE, price NOT_COMPARABLE, EV NOT_AVAILABLE_UNEQUAL_LINES)",46186ad7073ddb6e19719a3a87ddcbf995839529e69dee0cbfd1433c5fe31fb6,NO BET,CONSISTENT_WITH_DOCUMENTED_RULE; policy/format limitations retained,Candidate preserved; worse same-side offer or EV belongs to other side. Opponent not substituted.
1403,1475314653,69458,2026-09-25T17:09:30.616+00:00,2026-09-25T17:09:30+00:00,PARSED,,True,basketball,New Zealand - NBL Women,Mainland Pouakai vs Southern Hoiho,SPREAD,-4,-6.5,,"[{""price"": ""1.800"", ""arrow"": null, ""parenthetical"": null, ""highlighted"": false}, {""price"": ""1.862"", ""arrow"": null, ""parenthetical"": null, ""highlighted"": false}]","[{""price"": ""2.280"", ""arrow"": ""\u2b06"", ""parenthetical"": ""2.180"", ""highlighted"": false}, {""price"": ""1.510"", ""arrow"": ""\u2b07"", ""parenthetical"": ""1.558"", ""highlighted"": false}]",2.5,DOWN,HOME,-6.5,1.83,6.5,1.83,AWAY,113.10%,True,0.0,AWAY,ACCEPT,STALE,False,HIGH_DIRECTION_ONLY,No supplied equal-line EV bound to the sharp side,clear_sharp_side_signal,no_proven_same_side_value,False,HOME,REJECT,"bet_quality: UNFAVOURABLE (line EQUAL, price UNFAVOURABLE, EV SUPPLIED_FOR_OTHER_SIDE)",NO BET,REJECT,"bet_quality: UNFAVOURABLE (line EQUAL, price UNFAVOURABLE, EV SUPPLIED_FOR_OTHER_SIDE)",b46103b6a05d55d564a2400fb10c221f4490190d476e42b1f9a68075c27c3faf,NO BET,CONSISTENT_WITH_DOCUMENTED_RULE; policy/format limitations retained,Candidate preserved; worse same-side offer or EV belongs to other side. Opponent not substituted.
1409,1475314653,69464,2026-09-25T17:13:44.090+00:00,2026-09-25T17:13:44+00:00,PARSED,,True,basketball,Estonian - Latvian Basketball League,BK Ogre vs VEF Riga,SPREAD,8,9.5,,"[{""price"": ""1.884"", ""arrow"": null, ""parenthetical"": null, ""highlighted"": false}, {""price"": ""1.854"", ""arrow"": null, ""parenthetical"": null, ""highlighted"": false}]","[{""price"": ""1.847"", ""arrow"": ""\u2b07"", ""parenthetical"": ""1.900"", ""highlighted"": false}, {""price"": ""1.892"", ""arrow"": ""\u2b06"", ""parenthetical"": ""1.840"", ""highlighted"": false}]",1.5,UP,AWAY,-9.5,1.64,9.5,2.12,HOME,107.41%,True,0.0,HOME,ACCEPT,STALE,False,HIGH_DIRECTION_ONLY,No supplied equal-line EV bound to the sharp side,clear_sharp_side_signal,no_proven_same_side_value,False,AWAY,REJECT,"bet_quality: UNFAVOURABLE (line EQUAL, price UNFAVOURABLE, EV SUPPLIED_FOR_OTHER_SIDE)",NO BET,REJECT,"bet_quality: UNFAVOURABLE (line EQUAL, price UNFAVOURABLE, EV SUPPLIED_FOR_OTHER_SIDE)",0a7e3de1d8deba3704d89b5e860d57a5a5fbc6149a6dd84dcf663d303a2ec52c,NO BET,CONSISTENT_WITH_DOCUMENTED_RULE; policy/format limitations retained,Candidate preserved; worse same-side offer or EV belongs to other side. Opponent not substituted.
1452,1475314653,69514,2026-09-25T17:55:55.772+00:00,2026-09-25T17:55:55+00:00,DUPLICATE,,True,basketball,France - Nationale 1,Orchies vs Lyon,SPREAD,-5.5,-3.5,,"[{""price"": ""1.869"", ""arrow"": null, ""parenthetical"": null, ""highlighted"": false}, {""price"": ""1.793"", ""arrow"": null, ""parenthetical"": null, ""highlighted"": false}]","[{""price"": ""1.609"", ""arrow"": ""\u2b07"", ""parenthetical"": ""1.666"", ""highlighted"": false}, {""price"": ""2.190"", ""arrow"": ""\u2b06"", ""parenthetical"": ""2.090"", ""highlighted"": false}]",2.0,UP,AWAY,3.5,1.83,-3.5,1.83,HOME,107.20%,True,0.0,HOME,ACCEPT,,False,HIGH_DIRECTION_ONLY,No supplied equal-line EV bound to the sharp side,clear_sharp_side_signal,no_proven_same_side_value,False,AWAY,REJECT,"bet_quality: UNFAVOURABLE (line EQUAL, price UNFAVOURABLE, EV SUPPLIED_FOR_OTHER_SIDE)",NO BET,REJECT,"bet_quality: UNFAVOURABLE (line EQUAL, price UNFAVOURABLE, EV SUPPLIED_FOR_OTHER_SIDE)",5303bb0970efbf9003c5b2cc5ca5892926455f65f15c299f326b321847ccfabb,NO BET,CONSISTENT_WITH_DOCUMENTED_RULE; policy/format limitations retained,Candidate preserved; worse same-side offer or EV belongs to other side. Opponent not substituted.
1457,1475314653,69521,2026-09-25T18:17:15.979+00:00,2026-09-25T18:17:15+00:00,PARSED,,True,basketball,France - Nationale 1,Toulouse vs Rennes,SPREAD,-8,-3.5,,"[{""price"": ""1.862"", ""arrow"": null, ""parenthetical"": null, ""highlighted"": false}, {""price"": ""1.806"", ""arrow"": null, ""parenthetical"": null, ""highlighted"": false}]","[{""price"": ""1.591"", ""arrow"": ""\u2b07"", ""parenthetical"": ""1.653"", ""highlighted"": false}, {""price"": ""2.220"", ""arrow"": ""\u2b06"", ""parenthetical"": ""2.120"", ""highlighted"": false}]",4.5,UP,AWAY,3.5,1.83,-3.5,1.83,HOME,108.47%,True,0.0,HOME,ACCEPT,STALE,False,HIGH_DIRECTION_ONLY,No supplied equal-line EV bound to the sharp side,clear_sharp_side_signal,no_proven_same_side_value,False,AWAY,REJECT,"bet_quality: UNFAVOURABLE (line EQUAL, price UNFAVOURABLE, EV SUPPLIED_FOR_OTHER_SIDE)",NO BET,REJECT,"bet_quality: UNFAVOURABLE (line EQUAL, price UNFAVOURABLE, EV SUPPLIED_FOR_OTHER_SIDE)",d441510ae93dc765306642176b2589c25f1518b5deab46006deea75382d7a877,NO BET,CONSISTENT_WITH_DOCUMENTED_RULE; policy/format limitations retained,Candidate preserved; worse same-side offer or EV belongs to other side. Opponent not substituted.
13,1475314653,67954,2026-09-23T13:58:21.226+00:00,2026-09-23T13:39:06+00:00,PARSED,,True,basketball,Slovakia - Extraliga,Kosice Wolves vs BK Inter Bratislava,SPREAD,11,11.5,,"[{""price"": ""1.833"", ""arrow"": null, ""parenthetical"": null, ""highlighted"": false}, {""price"": ""1.833"", ""arrow"": null, ""parenthetical"": null, ""highlighted"": false}]","[{""price"": ""2.270"", ""arrow"": ""\u2b06"", ""parenthetical"": ""2.170"", ""highlighted"": false}, {""price"": ""1.512"", ""arrow"": ""\u2b07"", ""parenthetical"": ""1.561"", ""highlighted"": false}]",0.5,UP,AWAY,-11.5,1.83,11.5,1.83,AWAY,112.84%,True,0.0,AWAY,STALE,STALE,True,HIGH_DIRECTION_ONLY,,clear_sharp_side_signal,equal_line_supplied_edge,False,AWAY,REJECT,sharp_movement: Minimum Pinnacle movement policy is not configured; no threshold invented,REJECT,STALE,alert_age: 1155s old (limit 300s),c6e63846eaef9c24df58c15003d4b99c341f2b7e9df01ee63e4a7fb38cb4ee4e,STALE,CONSISTENT_WITH_DOCUMENTED_RULE; policy/format limitations retained,Receipt vs Telegram timestamp exceeds 300s; all 18 timing cases checked.
14,1475314653,67953,2026-09-23T13:58:21.286+00:00,2026-09-23T13:39:00+00:00,PARSED,,True,basketball,Slovakia - Extraliga,Kosice Wolves vs BK Inter Bratislava,SPREAD,11,11.5,,"[{""price"": ""1.833"", ""arrow"": null, ""parenthetical"": null, ""highlighted"": false}, {""price"": ""1.833"", ""arrow"": null, ""parenthetical"": null, ""highlighted"": false}]","[{""price"": ""2.170"", ""arrow"": ""\u2b06"", ""parenthetical"": ""2.100"", ""highlighted"": false}, {""price"": ""1.561"", ""arrow"": ""\u2b07"", ""parenthetical"": ""1.606"", ""highlighted"": false}]",0.5,UP,AWAY,-11.5,1.83,11.5,1.83,AWAY,108.86%,True,0.0,AWAY,STALE,STALE,True,HIGH_DIRECTION_ONLY,,clear_sharp_side_signal,equal_line_supplied_edge,False,AWAY,REJECT,sharp_movement: Minimum Pinnacle movement policy is not configured; no threshold invented,REJECT,STALE,alert_age: 1161s old (limit 300s),f69be2450f4bf281d0c4d550543d1fcc5f0ca7eda89a114165ffd16a2a32f816,STALE,CONSISTENT_WITH_DOCUMENTED_RULE; policy/format limitations retained,Receipt vs Telegram timestamp exceeds 300s; all 18 timing cases checked.
15,1475314653,67958,2026-09-23T13:58:54.176+00:00,2026-09-23T13:52:28+00:00,INVALID,,True,basketball,Finland - Suomen Cup,Bisons Loimaa vs Salon Vilpas Vikings,TOTALS,167.5,164.5,162.5,"[{""price"": ""1.806"", ""arrow"": null, ""parenthetical"": null, ""highlighted"": false}, {""price"": ""1.793"", ""arrow"": null, ""parenthetical"": null, ""highlighted"": false}]","[{""price"": ""1.806"", ""arrow"": ""\u2b07"", ""parenthetical"": ""1.840"", ""highlighted"": false}, {""price"": ""1.862"", ""arrow"": ""\u2b06"", ""parenthetical"": ""1.826"", ""highlighted"": false}]",3.0,DOWN,UNDER,166.5,1.83,166.5,1.83,,None (not equal lines),False,2.0,UNDER,STALE,,True,HIGH_DIRECTION_ONLY,,clear_sharp_side_signal,favourable_line_unpriced,True,UNDER,REJECT,sharp_movement: Minimum Pinnacle movement policy is not configured; no threshold invented,REJECT,STALE,alert_age: 386s old (limit 300s),8e8b9ff1aac8935577075006b55f9cd3b65729ec83d3b45717d443fdd138888b,STALE,CONSISTENT_WITH_DOCUMENTED_RULE; policy/format limitations retained,Receipt vs Telegram timestamp exceeds 300s; all 18 timing cases checked.
265,1475314653,68227,2026-09-23T21:28:06.309+00:00,2026-09-23T20:21:50+00:00,PARSED_PARTIAL,,True,basketball,Europe - Eurocup Qualification Women,BC Beroe vs Ferrol,SPREAD,6.5,17.5,,"[{""price"": ""1.833"", ""arrow"": null, ""parenthetical"": null, ""highlighted"": false}, {""price"": ""1.833"", ""arrow"": null, ""parenthetical"": null, ""highlighted"": false}]","[{""price"": ""1.934"", ""arrow"": ""\u2b06"", ""parenthetical"": ""1.800"", ""highlighted"": false}, {""price"": ""1.735"", ""arrow"": ""\u2b07"", ""parenthetical"": ""1.862"", ""highlighted"": false}]",11.0,UP,AWAY,-14.5,1.83,14.5,1.83,,None (not equal lines),False,3.0,AWAY,STALE,,True,HIGH_DIRECTION_ONLY,,clear_sharp_side_signal,favourable_line_unpriced,False,AWAY,REJECT,sharp_movement: Minimum Pinnacle movement policy is not configured; no threshold invented,REJECT,STALE,alert_age: 3976s old (limit 300s),99a32e0b8080428f4d2f45f29c1f8a34c13bdb6162abbf2f6aaeb6369b75fb0f,STALE,CONSISTENT_WITH_DOCUMENTED_RULE; policy/format limitations retained,Receipt vs Telegram timestamp exceeds 300s; all 18 timing cases checked.
266,1475314653,68228,2026-09-23T21:28:06.330+00:00,2026-09-23T20:24:36+00:00,PARSED_PARTIAL,,True,basketball,Europe - Eurocup Qualification Women,BC Beroe vs Ferrol,SPREAD,6.5,17.5,,"[{""price"": ""1.833"", ""arrow"": null, ""parenthetical"": null, ""highlighted"": false}, {""price"": ""1.833"", ""arrow"": null, ""parenthetical"": null, ""highlighted"": false}]","[{""price"": ""1.934"", ""arrow"": ""\u2b06"", ""parenthetical"": ""1.833"", ""highlighted"": false}, {""price"": ""1.735"", ""arrow"": ""\u2b07"", ""parenthetical"": ""1.826"", ""highlighted"": false}]",11.0,UP,AWAY,-14.5,1.83,14.5,1.83,,None (not equal lines),False,3.0,AWAY,STALE,,True,HIGH_DIRECTION_ONLY,,clear_sharp_side_signal,favourable_line_unpriced,False,AWAY,REJECT,sharp_movement: Minimum Pinnacle movement policy is not configured; no threshold invented,REJECT,STALE,alert_age: 3810s old (limit 300s),a8f6fdb2db59f043188d7e59792b0ab372c5f284274c1ac788e4cf76c8d41ed7,STALE,CONSISTENT_WITH_DOCUMENTED_RULE; policy/format limitations retained,Receipt vs Telegram timestamp exceeds 300s; all 18 timing cases checked.
269,1475314653,68231,2026-09-23T21:28:06.425+00:00,2026-09-23T20:35:45+00:00,PARSED,,True,basketball,World - Intercontinental Cup,Atletico Boca Juniors vs NBA G League United,SPREAD,13,12.5,,"[{""price"": ""1.869"", ""arrow"": null, ""parenthetical"": null, ""highlighted"": false}, {""price"": ""1.869"", ""arrow"": null, ""parenthetical"": null, ""highlighted"": false}]","[{""price"": ""1.680"", ""arrow"": ""\u2b07"", ""parenthetical"": ""1.833"", ""highlighted"": false}, {""price"": ""2.070"", ""arrow"": ""\u2b06"", ""parenthetical"": ""1.909"", ""highlighted"": false}]",0.5,DOWN,HOME,12.5,1.95,-12.5,1.74,HOME,108.88%,True,0.0,HOME,STALE,STALE,True,HIGH_DIRECTION_ONLY,,clear_sharp_side_signal,equal_line_supplied_edge,False,HOME,REJECT,sharp_movement: Minimum Pinnacle movement policy is not configured; no threshold invented,REJECT,STALE,alert_age: 3141s old (limit 300s),f9870dff7134f0a14ffda0015e83bd7c42faa9647c4188bbf0e7c6ce018f10f7,STALE,CONSISTENT_WITH_DOCUMENTED_RULE; policy/format limitations retained,Receipt vs Telegram timestamp exceeds 300s; all 18 timing cases checked.
270,1475314653,68232,2026-09-23T21:28:06.443+00:00,2026-09-23T20:58:21+00:00,PARSED_PARTIAL,,True,basketball,Brazil - Paulista League Women,Apagebask Guarulhos vs Santo Andre,TOTALS,127.5,130,,"[{""price"": ""1.800"", ""arrow"": null, ""parenthetical"": null, ""highlighted"": false}, {""price"": ""1.800"", ""arrow"": null, ""parenthetical"": null, ""highlighted"": false}]","[{""price"": ""1.746"", ""arrow"": ""\u2b07"", ""parenthetical"": ""1.781"", ""highlighted"": false}, {""price"": ""1.854"", ""arrow"": ""\u2b06"", ""parenthetical"": ""1.819"", ""highlighted"": false}]",2.5,UP,OVER,127.5,1.83,127.5,1.83,,None (not equal lines),False,2.5,OVER,STALE,,True,HIGH_DIRECTION_ONLY,,clear_sharp_side_signal,favourable_line_unpriced,False,OVER,REJECT,sharp_movement: Minimum Pinnacle movement policy is not configured; no threshold invented,REJECT,STALE,alert_age: 1785s old (limit 300s),1f2a836d1fd386fa6949466439f65eabc2adaf1a3a79c2da216b75a428b8de2a,STALE,CONSISTENT_WITH_DOCUMENTED_RULE; policy/format limitations retained,Receipt vs Telegram timestamp exceeds 300s; all 18 timing cases checked.
271,1475314653,68233,2026-09-23T21:28:06.460+00:00,2026-09-23T20:58:34+00:00,PARSED_PARTIAL,,True,basketball,Brazil - Paulista League Women,Apagebask Guarulhos vs Santo Andre,SPREAD,26.5,33.5,32.5,"[{""price"": ""1.819"", ""arrow"": null, ""parenthetical"": null, ""highlighted"": false}, {""price"": ""1.781"", ""arrow"": null, ""parenthetical"": null, ""highlighted"": false}]","[{""price"": ""1.775"", ""arrow"": ""\u2b07"", ""parenthetical"": ""1.877"", ""highlighted"": false}, {""price"": ""1.826"", ""arrow"": ""\u2b06"", ""parenthetical"": ""1.724"", ""highlighted"": false}]",7.0,UP,AWAY,-31.5,1.83,31.5,1.83,,None (not equal lines),False,2.0,AWAY,STALE,,True,HIGH_DIRECTION_ONLY,,clear_sharp_side_signal,favourable_line_unpriced,False,AWAY,REJECT,sharp_movement: Minimum Pinnacle movement policy is not configured; no threshold invented,REJECT,STALE,alert_age: 1772s old (limit 300s),1af3036aa75a529bf163acf2c0c1ac352d43efe4edc5b9b2af51236db4c5f929,STALE,CONSISTENT_WITH_DOCUMENTED_RULE; policy/format limitations retained,Receipt vs Telegram timestamp exceeds 300s; all 18 timing cases checked.
272,1475314653,68234,2026-09-23T21:28:06.472+00:00,2026-09-23T20:58:34+00:00,PARSED_PARTIAL,,True,basketball,Brazil - Paulista League Women,Apagebask Guarulhos vs Santo Andre,TOTALS,127.5,131,130,"[{""price"": ""1.800"", ""arrow"": null, ""parenthetical"": null, ""highlighted"": false}, {""price"": ""1.800"", ""arrow"": null, ""parenthetical"": null, ""highlighted"": false}]","[{""price"": ""1.806"", ""arrow"": ""\u2b06"", ""parenthetical"": ""1.724"", ""highlighted"": false}, {""price"": ""1.793"", ""arrow"": ""\u2b07"", ""parenthetical"": ""1.877"", ""highlighted"": false}]",3.5,UP,OVER,127.5,1.83,127.5,1.83,,None (not equal lines),False,3.5,OVER,STALE,,True,HIGH_DIRECTION_ONLY,,clear_sharp_side_signal,favourable_line_unpriced,False,OVER,REJECT,sharp_movement: Minimum Pinnacle movement policy is not configured; no threshold invented,REJECT,STALE,alert_age: 1772s old (limit 300s),5a305c33e439129c6c3f239667e5ed39e650f369479942fc43d8488228aa828c,STALE,CONSISTENT_WITH_DOCUMENTED_RULE; policy/format limitations retained,Receipt vs Telegram timestamp exceeds 300s; all 18 timing cases checked.
273,1475314653,68235,2026-09-23T21:28:06.489+00:00,2026-09-23T21:00:15+00:00,PARSED_PARTIAL,,True,basketball,World - Club Friendlies Women,CTBC Business School vs University of Taipei,SPREAD,40.5,43,41,"[{""price"": ""1.781"", ""arrow"": null, ""parenthetical"": null, ""highlighted"": false}, {""price"": ""1.819"", ""arrow"": null, ""parenthetical"": null, ""highlighted"": false}]","[{""price"": ""1.800"", ""arrow"": ""\u2b07"", ""parenthetical"": ""1.884"", ""highlighted"": false}, {""price"": ""1.800"", ""arrow"": ""\u2b06"", ""parenthetical"": ""1.719"", ""highlighted"": false}]",2.5,UP,AWAY,-40.5,1.83,40.5,1.83,,None (not equal lines),False,2.5,AWAY,STALE,,True,HIGH_DIRECTION_ONLY,,clear_sharp_side_signal,favourable_line_unpriced,False,AWAY,REJECT,sharp_movement: Minimum Pinnacle movement policy is not configured; no threshold invented,REJECT,STALE,alert_age: 1671s old (limit 300s),bbfe7f3722efe97cd51c2de5573d4cb20a28c6e2fdde1841148ccc6c116203ca,STALE,CONSISTENT_WITH_DOCUMENTED_RULE; policy/format limitations retained,Receipt vs Telegram timestamp exceeds 300s; all 18 timing cases checked.
274,1475314653,68236,2026-09-23T21:28:06.505+00:00,2026-09-23T21:01:09+00:00,PARSED_PARTIAL,,True,basketball,World - Club Friendlies Women,CTBC Business School vs University of Taipei,SPREAD,40.5,43,,"[{""price"": ""1.781"", ""arrow"": null, ""parenthetical"": null, ""highlighted"": false}, {""price"": ""1.819"", ""arrow"": null, ""parenthetical"": null, ""highlighted"": false}]","[{""price"": ""1.854"", ""arrow"": ""\u2b06"", ""parenthetical"": ""1.800"", ""highlighted"": false}, {""price"": ""1.751"", ""arrow"": ""\u2b07"", ""parenthetical"": ""1.800"", ""highlighted"": false}]",2.5,UP,AWAY,-40.5,1.83,40.5,1.83,,None (not equal lines),False,2.5,AWAY,STALE,,True,HIGH_DIRECTION_ONLY,,clear_sharp_side_signal,favourable_line_unpriced,False,AWAY,REJECT,sharp_movement: Minimum Pinnacle movement policy is not configured; no threshold invented,REJECT,STALE,alert_age: 1617s old (limit 300s),10256a5bd63215259f248016f5e0fffff39772a3d8aa71e7e9e603b01e7e3636,STALE,CONSISTENT_WITH_DOCUMENTED_RULE; policy/format limitations retained,Receipt vs Telegram timestamp exceeds 300s; all 18 timing cases checked.
275,1475314653,68237,2026-09-23T21:28:06.522+00:00,2026-09-23T21:01:37+00:00,PARSED_PARTIAL,,True,basketball,Brazil - Paulista League Women,Apagebask Guarulhos vs Santo Andre,TOTALS,127.5,130,132,"[{""price"": ""1.800"", ""arrow"": null, ""parenthetical"": null, ""highlighted"": false}, {""price"": ""1.800"", ""arrow"": null, ""parenthetical"": null, ""highlighted"": false}]","[{""price"": ""1.787"", ""arrow"": ""\u2b07"", ""parenthetical"": ""1.800"", ""highlighted"": false}, {""price"": ""1.813"", ""arrow"": ""\u2b06"", ""parenthetical"": ""1.800"", ""highlighted"": false}]",2.5,UP,OVER,127.5,1.83,127.5,1.83,,None (not equal lines),False,2.5,OVER,STALE,,True,HIGH_DIRECTION_ONLY,,clear_sharp_side_signal,favourable_line_unpriced,True,OVER,REJECT,sharp_movement: Minimum Pinnacle movement policy is not configured; no threshold invented,REJECT,STALE,alert_age: 1589s old (limit 300s),2ef424da3899828b3d417839f8f5034922fbcde08da1fd5dc52c811b7e739162,STALE,CONSISTENT_WITH_DOCUMENTED_RULE; policy/format limitations retained,Receipt vs Telegram timestamp exceeds 300s; all 18 timing cases checked.
276,1475314653,68238,2026-09-23T21:28:06.537+00:00,2026-09-23T21:08:45+00:00,PARSED,,True,basketball,Japan - B League,Gunma Crane Thunders vs Altiri Chiba,SPREAD,-11,-12,,"[{""price"": ""1.892"", ""arrow"": null, ""parenthetical"": null, ""highlighted"": false}, {""price"": ""1.892"", ""arrow"": null, ""parenthetical"": null, ""highlighted"": false}]","[{""price"": ""1.800"", ""arrow"": ""\u2b07"", ""parenthetical"": ""1.892"", ""highlighted"": false}, {""price"": ""1.990"", ""arrow"": ""\u2b06"", ""parenthetical"": ""1.892"", ""highlighted"": false}]",1,DOWN,HOME,-12,2.05,12,1.68,HOME,108.09%,True,0,HOME,STALE,STALE,True,HIGH_DIRECTION_ONLY,,clear_sharp_side_signal,equal_line_supplied_edge,False,HOME,REJECT,sharp_movement: Minimum Pinnacle movement policy is not configured; no threshold invented,REJECT,STALE,alert_age: 1161s old (limit 300s),2ff89a684ea00a74163efee9207ae084498adf6f4a10690f008ed14c9573faa4,STALE,CONSISTENT_WITH_DOCUMENTED_RULE; policy/format limitations retained,Receipt vs Telegram timestamp exceeds 300s; all 18 timing cases checked.
278,1475314653,68240,2026-09-23T21:28:06.571+00:00,2026-09-23T21:16:57+00:00,PARSED,,True,basketball,Europe - Eurocup Qualification Women,BC Beroe vs Ferrol,SPREAD,6.5,14.5,17.5,"[{""price"": ""1.833"", ""arrow"": null, ""parenthetical"": null, ""highlighted"": false}, {""price"": ""1.833"", ""arrow"": null, ""parenthetical"": null, ""highlighted"": false}]","[{""price"": ""2.130"", ""arrow"": ""\u2b06"", ""parenthetical"": ""1.854"", ""highlighted"": false}, {""price"": ""1.588"", ""arrow"": ""\u2b07"", ""parenthetical"": ""1.806"", ""highlighted"": false}]",8.0,UP,AWAY,-14.5,1.83,14.5,1.83,AWAY,106.95%,True,0.0,AWAY,STALE,STALE,True,HIGH_DIRECTION_ONLY,,clear_sharp_side_signal,equal_line_supplied_edge,True,AWAY,REJECT,sharp_movement: Minimum Pinnacle movement policy is not configured; no threshold invented,REJECT,STALE,alert_age: 669s old (limit 300s),5e33e780d88c5ae0eb8ad3aef60cb6d60c977d595e0c7fac1f0447f60ff59036,STALE,CONSISTENT_WITH_DOCUMENTED_RULE; policy/format limitations retained,Receipt vs Telegram timestamp exceeds 300s; all 18 timing cases checked.
279,1475314653,68241,2026-09-23T21:28:06.591+00:00,2026-09-23T21:17:03+00:00,PARSED_PARTIAL,,True,basketball,Europe - Eurocup Qualification Women,BC Beroe vs Ferrol,SPREAD,6.5,16.5,,"[{""price"": ""1.833"", ""arrow"": null, ""parenthetical"": null, ""highlighted"": false}, {""price"": ""1.833"", ""arrow"": null, ""parenthetical"": null, ""highlighted"": false}]","[{""price"": ""2.070"", ""arrow"": ""\u2b06"", ""parenthetical"": ""1.819"", ""highlighted"": false}, {""price"": ""1.628"", ""arrow"": ""\u2b07"", ""parenthetical"": ""1.847"", ""highlighted"": false}]",10.0,UP,AWAY,-14.5,1.83,14.5,1.83,,None (not equal lines),False,2.0,AWAY,STALE,,True,HIGH_DIRECTION_ONLY,,clear_sharp_side_signal,favourable_line_unpriced,False,AWAY,REJECT,sharp_movement: Minimum Pinnacle movement policy is not configured; no threshold invented,REJECT,STALE,alert_age: 663s old (limit 300s),978a628da1dcf3f710dd6e8f8109e3ae983a0840a2df1cc79486faaf2cab7939,STALE,CONSISTENT_WITH_DOCUMENTED_RULE; policy/format limitations retained,Receipt vs Telegram timestamp exceeds 300s; all 18 timing cases checked.
280,1475314653,68242,2026-09-23T21:28:06.605+00:00,2026-09-23T21:17:20+00:00,PARSED,,True,basketball,Europe - Eurocup Qualification Women,BC Beroe vs Ferrol,SPREAD,6.5,14.5,17.5,"[{""price"": ""1.833"", ""arrow"": null, ""parenthetical"": null, ""highlighted"": false}, {""price"": ""1.833"", ""arrow"": null, ""parenthetical"": null, ""highlighted"": false}]","[{""price"": ""2.160"", ""arrow"": ""\u2b06"", ""parenthetical"": ""1.833"", ""highlighted"": false}, {""price"": ""1.568"", ""arrow"": ""\u2b07"", ""parenthetical"": ""1.833"", ""highlighted"": false}]",8.0,UP,AWAY,-14.5,1.83,14.5,1.83,AWAY,108.37%,True,0.0,AWAY,STALE,STALE,True,HIGH_DIRECTION_ONLY,,clear_sharp_side_signal,equal_line_supplied_edge,True,AWAY,REJECT,sharp_movement: Minimum Pinnacle movement policy is not configured; no threshold invented,REJECT,STALE,alert_age: 646s old (limit 300s),f892885e3b59ca63f0f7bc9494f117a13b57c63ec787598c33c5ad30fcd5ddca,STALE,CONSISTENT_WITH_DOCUMENTED_RULE; policy/format limitations retained,Receipt vs Telegram timestamp exceeds 300s; all 18 timing cases checked.
281,1475314653,68243,2026-09-23T21:28:06.622+00:00,2026-09-23T21:17:27+00:00,PARSED,,True,basketball,Europe - Eurocup Qualification Women,BC Beroe vs Ferrol,SPREAD,6.5,14.5,,"[{""price"": ""1.833"", ""arrow"": null, ""parenthetical"": null, ""highlighted"": false}, {""price"": ""1.833"", ""arrow"": null, ""parenthetical"": null, ""highlighted"": false}]","[{""price"": ""2.340"", ""arrow"": ""\u2b06"", ""parenthetical"": ""2.160"", ""highlighted"": false}, {""price"": ""1.478"", ""arrow"": ""\u2b07"", ""parenthetical"": ""1.568"", ""highlighted"": false}]",8.0,UP,AWAY,-14.5,1.83,14.5,1.83,AWAY,115.62%,True,0.0,AWAY,STALE,STALE,True,HIGH_DIRECTION_ONLY,,clear_sharp_side_signal,equal_line_supplied_edge,False,AWAY,REJECT,sharp_movement: Minimum Pinnacle movement policy is not configured; no threshold invented,REJECT,STALE,alert_age: 639s old (limit 300s),624939e14af153344dc77bcc4faa7799ed3c8878b8bb320d1eea825a52718709,STALE,CONSISTENT_WITH_DOCUMENTED_RULE; policy/format limitations retained,Receipt vs Telegram timestamp exceeds 300s; all 18 timing cases checked.
282,1475314653,68244,2026-09-23T21:28:06.639+00:00,2026-09-23T21:20:39+00:00,PARSED_PARTIAL,,True,basketball,Europe - Eurocup Qualification Women,BC Beroe vs Ferrol,SPREAD,6.5,17.5,,"[{""price"": ""1.833"", ""arrow"": null, ""parenthetical"": null, ""highlighted"": false}, {""price"": ""1.833"", ""arrow"": null, ""parenthetical"": null, ""highlighted"": false}]","[{""price"": ""1.877"", ""arrow"": ""\u2b06"", ""parenthetical"": ""1.806"", ""highlighted"": false}, {""price"": ""1.787"", ""arrow"": ""\u2b07"", ""parenthetical"": ""1.854"", ""highlighted"": false}]",11.0,UP,AWAY,-14.5,1.83,14.5,1.83,,None (not equal lines),False,3.0,AWAY,STALE,,True,HIGH_DIRECTION_ONLY,,clear_sharp_side_signal,favourable_line_unpriced,False,AWAY,REJECT,sharp_movement: Minimum Pinnacle movement policy is not configured; no threshold invented,REJECT,STALE,alert_age: 447s old (limit 300s),3b6a3bff0a9fe86d00910748157fcf5177db6849c903f984c2d771d6672cd0be,STALE,CONSISTENT_WITH_DOCUMENTED_RULE; policy/format limitations retained,Receipt vs Telegram timestamp exceeds 300s; all 18 timing cases checked.
863,1475314653,68856,2026-09-24T20:28:42.583+00:00,2026-09-24T20:28:42+00:00,INVALID,,True,basketball,Asian Games - Women,Japan vs Chinese Taipei,SPREAD,-23,-26.5,,"[{""price"": ""1.952"", ""arrow"": null, ""parenthetical"": null, ""highlighted"": false}, {""price"": ""1.869"", ""arrow"": null, ""parenthetical"": null, ""highlighted"": false}]","[{""price"": ""2.240"", ""arrow"": ""\u2b06"", ""parenthetical"": ""2.170"", ""highlighted"": false}, {""price"": ""1.641"", ""arrow"": ""\u2b07"", ""parenthetical"": ""1.684"", ""highlighted"": false}]",3.5,DOWN,HOME,26.5,1.83,-26.5,1.83,AWAY,106.83%,False,53.0,,INVALID,,,HIGH_DIRECTION_ONLY,Cross-book favourite disagreement; Bet365 orientation needs verification,clear_sharp_side_signal,ambiguous,False,,INVALID,Malformed or contradictory alert: EV supplied although Bet365 line is absent or differs from Pinnacle line,INVALID,INVALID,Malformed or contradictory alert: EV supplied although Bet365 line is absent or differs from Pinnacle line,84ed63bbe88b689785a992a57a252af3618b22b758f73c41592ba814e9b0610a,INVALID,CONSISTENT_WITH_DOCUMENTED_RULE; policy/format limitations retained,Opposite-signed spread with numeric equal-line EV; all 10 contradictions checked.
991,1475314653,68997,2026-09-24T22:57:01.827+00:00,2026-09-24T22:57:01+00:00,INVALID,,True,basketball,Asian Games - Women,Japan vs Chinese Taipei,SPREAD,-23,-26.5,,"[{""price"": ""1.952"", ""arrow"": null, ""parenthetical"": null, ""highlighted"": false}, {""price"": ""1.869"", ""arrow"": null, ""parenthetical"": null, ""highlighted"": false}]","[{""price"": ""2.300"", ""arrow"": ""\u2b06"", ""parenthetical"": ""2.260"", ""highlighted"": false}, {""price"": ""1.609"", ""arrow"": ""\u2b07"", ""parenthetical"": ""1.628"", ""highlighted"": false}]",3.5,DOWN,HOME,26.5,1.83,-26.5,1.83,AWAY,109.07%,False,53.0,,INVALID,,,HIGH_DIRECTION_ONLY,Cross-book favourite disagreement; Bet365 orientation needs verification,clear_sharp_side_signal,ambiguous,False,,INVALID,Malformed or contradictory alert: EV supplied although Bet365 line is absent or differs from Pinnacle line,INVALID,INVALID,Malformed or contradictory alert: EV supplied although Bet365 line is absent or differs from Pinnacle line,dcbe88860a2f0fbc0f6fc46f5b481061741eefa5b77e0ef607672bcf23a913bc,INVALID,CONSISTENT_WITH_DOCUMENTED_RULE; policy/format limitations retained,Opposite-signed spread with numeric equal-line EV; all 10 contradictions checked.
1095,1475314653,69113,2026-09-25T03:20:51.114+00:00,2026-09-25T03:20:51+00:00,INVALID,,True,basketball,Asian Games - Women,Republic of Korea vs China,SPREAD,16,16.5,,"[{""price"": ""1.952"", ""arrow"": null, ""parenthetical"": null, ""highlighted"": false}, {""price"": ""1.869"", ""arrow"": null, ""parenthetical"": null, ""highlighted"": false}]","[{""price"": ""1.598"", ""arrow"": ""\u2b07"", ""parenthetical"": ""1.641"", ""highlighted"": false}, {""price"": ""2.320"", ""arrow"": ""\u2b06"", ""parenthetical"": ""2.240"", ""highlighted"": false}]",0.5,UP,AWAY,16.5,1.83,-16.5,1.83,HOME,109.83%,False,33.0,,INVALID,,,HIGH_DIRECTION_ONLY,Cross-book favourite disagreement; Bet365 orientation needs verification,clear_sharp_side_signal,ambiguous,False,,INVALID,Malformed or contradictory alert: EV supplied although Bet365 line is absent or differs from Pinnacle line,INVALID,INVALID,Malformed or contradictory alert: EV supplied although Bet365 line is absent or differs from Pinnacle line,5065808d170a23975e32a8d21a1877ef9b21214af54eaffd00d4cff6c5d4c668,INVALID,CONSISTENT_WITH_DOCUMENTED_RULE; policy/format limitations retained,Opposite-signed spread with numeric equal-line EV; all 10 contradictions checked.
1096,1475314653,69114,2026-09-25T03:22:32.670+00:00,2026-09-25T03:22:32+00:00,INVALID,,True,basketball,Asian Games - Women,Republic of Korea vs China,SPREAD,16,16.5,,"[{""price"": ""1.952"", ""arrow"": null, ""parenthetical"": null, ""highlighted"": false}, {""price"": ""1.869"", ""arrow"": null, ""parenthetical"": null, ""highlighted"": false}]","[{""price"": ""1.602"", ""arrow"": ""\u2b07"", ""parenthetical"": ""1.680"", ""highlighted"": false}, {""price"": ""2.310"", ""arrow"": ""\u2b06"", ""parenthetical"": ""2.170"", ""highlighted"": false}]",0.5,UP,AWAY,16.5,1.83,-16.5,1.83,HOME,109.51%,False,33.0,,INVALID,,,HIGH_DIRECTION_ONLY,Cross-book favourite disagreement; Bet365 orientation needs verification,clear_sharp_side_signal,ambiguous,False,,INVALID,Malformed or contradictory alert: EV supplied although Bet365 line is absent or differs from Pinnacle line,INVALID,INVALID,Malformed or contradictory alert: EV supplied although Bet365 line is absent or differs from Pinnacle line,ac9520f3041b4b0395d143356616779c634a1a9cf37581197ea41b503ec91522,INVALID,CONSISTENT_WITH_DOCUMENTED_RULE; policy/format limitations retained,Opposite-signed spread with numeric equal-line EV; all 10 contradictions checked.
1097,1475314653,69115,2026-09-25T03:22:36.528+00:00,2026-09-25T03:22:36+00:00,INVALID,,True,basketball,Asian Games - Women,Republic of Korea vs China,SPREAD,16,16.5,,"[{""price"": ""1.952"", ""arrow"": null, ""parenthetical"": null, ""highlighted"": false}, {""price"": ""1.869"", ""arrow"": null, ""parenthetical"": null, ""highlighted"": false}]","[{""price"": ""1.558"", ""arrow"": ""\u2b07"", ""parenthetical"": ""1.602"", ""highlighted"": false}, {""price"": ""2.400"", ""arrow"": ""\u2b06"", ""parenthetical"": ""2.310"", ""highlighted"": false}]",0.5,UP,AWAY,16.5,1.83,-16.5,1.83,HOME,112.71%,False,33.0,,INVALID,,,HIGH_DIRECTION_ONLY,Cross-book favourite disagreement; Bet365 orientation needs verification,clear_sharp_side_signal,ambiguous,False,,INVALID,Malformed or contradictory alert: EV supplied although Bet365 line is absent or differs from Pinnacle line,INVALID,INVALID,Malformed or contradictory alert: EV supplied although Bet365 line is absent or differs from Pinnacle line,5f81916055b60be74af314d9b6e64838bae41da840a8c8bd6434a803e8e4f01a,INVALID,CONSISTENT_WITH_DOCUMENTED_RULE; policy/format limitations retained,Opposite-signed spread with numeric equal-line EV; all 10 contradictions checked.
1098,1475314653,69116,2026-09-25T03:23:39.561+00:00,2026-09-25T03:23:39+00:00,INVALID,,True,basketball,Asian Games - Women,Republic of Korea vs China,SPREAD,16,16.5,,"[{""price"": ""1.952"", ""arrow"": null, ""parenthetical"": null, ""highlighted"": false}, {""price"": ""1.869"", ""arrow"": null, ""parenthetical"": null, ""highlighted"": false}]","[{""price"": ""1.564"", ""arrow"": ""\u2b07"", ""parenthetical"": ""1.591"", ""highlighted"": false}, {""price"": ""2.390"", ""arrow"": ""\u2b06"", ""parenthetical"": ""2.330"", ""highlighted"": false}]",0.5,UP,AWAY,16.5,1.83,-16.5,1.83,HOME,112.31%,False,33.0,,INVALID,,,HIGH_DIRECTION_ONLY,Cross-book favourite disagreement; Bet365 orientation needs verification,clear_sharp_side_signal,ambiguous,False,,INVALID,Malformed or contradictory alert: EV supplied although Bet365 line is absent or differs from Pinnacle line,INVALID,INVALID,Malformed or contradictory alert: EV supplied although Bet365 line is absent or differs from Pinnacle line,902403a9e6b812173fcb7fa61761c57e4da25355e49c29d4bb50cbbd58134294,INVALID,CONSISTENT_WITH_DOCUMENTED_RULE; policy/format limitations retained,Opposite-signed spread with numeric equal-line EV; all 10 contradictions checked.
1100,1475314653,69118,2026-09-25T03:38:02.380+00:00,2026-09-25T03:38:02+00:00,INVALID,,True,basketball,Asian Games - Women,Republic of Korea vs China,SPREAD,16,15.5,,"[{""price"": ""1.952"", ""arrow"": null, ""parenthetical"": null, ""highlighted"": false}, {""price"": ""1.869"", ""arrow"": null, ""parenthetical"": null, ""highlighted"": false}]","[{""price"": ""1.645"", ""arrow"": ""\u2b07"", ""parenthetical"": ""1.671"", ""highlighted"": false}, {""price"": ""2.230"", ""arrow"": ""\u2b06"", ""parenthetical"": ""2.200"", ""highlighted"": false}]",0.5,DOWN,HOME,-15.5,1.83,15.5,1.83,HOME,106.50%,False,-31.0,,INVALID,,,HIGH_DIRECTION_ONLY,Cross-book favourite disagreement; Bet365 orientation needs verification,clear_sharp_side_signal,ambiguous,False,,INVALID,Malformed or contradictory alert: EV supplied although Bet365 line is absent or differs from Pinnacle line,INVALID,INVALID,Malformed or contradictory alert: EV supplied although Bet365 line is absent or differs from Pinnacle line,369654e067ea90ac0cf557a269b8dc7e74e067acded5bc2e67820d21b547ee0d,INVALID,CONSISTENT_WITH_DOCUMENTED_RULE; policy/format limitations retained,Opposite-signed spread with numeric equal-line EV; all 10 contradictions checked.
1103,1475314653,69121,2026-09-25T03:54:32.719+00:00,2026-09-25T03:54:32+00:00,INVALID,,True,basketball,Asian Games - Women,Republic of Korea vs China,SPREAD,16,15.5,13,"[{""price"": ""1.952"", ""arrow"": null, ""parenthetical"": null, ""highlighted"": false}, {""price"": ""1.869"", ""arrow"": null, ""parenthetical"": null, ""highlighted"": false}]","[{""price"": ""1.636"", ""arrow"": ""\u2b07"", ""parenthetical"": ""1.892"", ""highlighted"": false}, {""price"": ""2.250"", ""arrow"": ""\u2b06"", ""parenthetical"": ""1.917"", ""highlighted"": false}]",0.5,DOWN,HOME,-15.5,1.83,15.5,1.83,HOME,107.19%,False,-31.0,,INVALID,,,HIGH_DIRECTION_ONLY,Cross-book favourite disagreement; Bet365 orientation needs verification,clear_sharp_side_signal,ambiguous,True,,INVALID,Malformed or contradictory alert: EV supplied although Bet365 line is absent or differs from Pinnacle line,INVALID,INVALID,Malformed or contradictory alert: EV supplied although Bet365 line is absent or differs from Pinnacle line,b331e73e3e8fa684d5cf34343f0e3ee2cb1c9314a0e6c2b533b797343777f54c,INVALID,CONSISTENT_WITH_DOCUMENTED_RULE; policy/format limitations retained,Opposite-signed spread with numeric equal-line EV; all 10 contradictions checked.
1104,1475314653,69122,2026-09-25T04:05:43.979+00:00,2026-09-25T04:05:43+00:00,INVALID,,True,basketball,Asian Games - Women,Republic of Korea vs China,SPREAD,16,15.5,,"[{""price"": ""1.952"", ""arrow"": null, ""parenthetical"": null, ""highlighted"": false}, {""price"": ""1.869"", ""arrow"": null, ""parenthetical"": null, ""highlighted"": false}]","[{""price"": ""1.641"", ""arrow"": ""\u2b07"", ""parenthetical"": ""1.671"", ""highlighted"": false}, {""price"": ""2.240"", ""arrow"": ""\u2b06"", ""parenthetical"": ""2.190"", ""highlighted"": false}]",0.5,DOWN,HOME,-15.5,1.83,15.5,1.83,HOME,106.83%,False,-31.0,,INVALID,,,HIGH_DIRECTION_ONLY,Cross-book favourite disagreement; Bet365 orientation needs verification,clear_sharp_side_signal,ambiguous,False,,INVALID,Malformed or contradictory alert: EV supplied although Bet365 line is absent or differs from Pinnacle line,INVALID,INVALID,Malformed or contradictory alert: EV supplied although Bet365 line is absent or differs from Pinnacle line,ae49632110fdcf4ebe8a3ddc1b314068c22abad421cfd7b2c32b2b7322a58ac2,INVALID,CONSISTENT_WITH_DOCUMENTED_RULE; policy/format limitations retained,Opposite-signed spread with numeric equal-line EV; all 10 contradictions checked.
1119,1475314653,69137,2026-09-25T04:34:37.746+00:00,2026-09-25T04:34:37+00:00,INVALID,,True,basketball,Asian Games - Women,Republic of Korea vs China,SPREAD,16,15.5,,"[{""price"": ""1.952"", ""arrow"": null, ""parenthetical"": null, ""highlighted"": false}, {""price"": ""1.869"", ""arrow"": null, ""parenthetical"": null, ""highlighted"": false}]","[{""price"": ""1.602"", ""arrow"": ""\u2b07"", ""parenthetical"": ""1.653"", ""highlighted"": false}, {""price"": ""2.310"", ""arrow"": ""\u2b06"", ""parenthetical"": ""2.220"", ""highlighted"": false}]",0.5,DOWN,HOME,-15.5,1.83,15.5,1.83,HOME,109.51%,False,-31.0,,INVALID,,,HIGH_DIRECTION_ONLY,Cross-book favourite disagreement; Bet365 orientation needs verification,clear_sharp_side_signal,ambiguous,False,,INVALID,Malformed or contradictory alert: EV supplied although Bet365 line is absent or differs from Pinnacle line,INVALID,INVALID,Malformed or contradictory alert: EV supplied although Bet365 line is absent or differs from Pinnacle line,3ec7eb5caa82d8746d8d9709ade36fe0cf04161e7d9c3b16746f0693123b1eb7,INVALID,CONSISTENT_WITH_DOCUMENTED_RULE; policy/format limitations retained,Opposite-signed spread with numeric equal-line EV; all 10 contradictions checked.
1479,1475314653,69547,2026-09-25T19:32:12.413+00:00,2026-09-25T19:32:12+00:00,PARSED,,True,basketball,Turkey - Super League Women,Fenerbahce SK vs Emlak Konut SK,SPREAD,-17.5,-8.5,,"[{""price"": ""1.819"", ""arrow"": null, ""parenthetical"": null, ""highlighted"": false}, {""price"": ""1.781"", ""arrow"": null, ""parenthetical"": null, ""highlighted"": false}]","[{""price"": ""2.220"", ""arrow"": ""\u2b06"", ""parenthetical"": ""2.140"", ""highlighted"": false}, {""price"": ""1.485"", ""arrow"": ""\u2b07"", ""parenthetical"": ""1.529"", ""highlighted"": false}]",9.0,UP,AWAY,8.5,1.80,-8.5,1.86,AWAY,111.49%,True,0.0,AWAY,ACCEPT,STALE,True,HIGH_DIRECTION_ONLY,,clear_sharp_side_signal,equal_line_supplied_edge,False,AWAY,REJECT,sharp_movement: Minimum Pinnacle movement policy is not configured; no threshold invented,REJECT,ACCEPT,All rules passed,5ff01e4b0f7ac2459ccdff125a2e8bff6937533ac6b41c7531a48b51861b4fb1,ALL_POSTCUTOFF,CONSISTENT_WITH_DOCUMENTED_RULE; policy/format limitations retained,"Reviewed net opening/current direction, candidate offer and highlight binding; unapproved movement floor still blocks otherwise qualifying offers."
1480,1475314653,69548,2026-09-25T19:33:45.292+00:00,2026-09-25T19:33:45+00:00,DUPLICATE,,True,basketball,Turkey - Super League Women,Fenerbahce SK vs Emlak Konut SK,SPREAD,-17.5,-5.5,,"[{""price"": ""1.819"", ""arrow"": null, ""parenthetical"": null, ""highlighted"": false}, {""price"": ""1.781"", ""arrow"": null, ""parenthetical"": null, ""highlighted"": false}]","[{""price"": ""1.869"", ""arrow"": ""\u2b06"", ""parenthetical"": ""1.813"", ""highlighted"": false}, {""price"": ""1.735"", ""arrow"": ""\u2b07"", ""parenthetical"": ""1.787"", ""highlighted"": false}]",12.0,UP,AWAY,8.5,1.80,-8.5,1.86,,None (not equal lines),False,3.0,AWAY,ACCEPT,,True,HIGH_DIRECTION_ONLY,,clear_sharp_side_signal,favourable_line_unpriced,False,AWAY,REJECT,sharp_movement: Minimum Pinnacle movement policy is not configured; no threshold invented,REJECT,ACCEPT,All rules passed,c51813c08b48754869406ad7ed073317aa1262ec07ad6de8ebf06e45e64b36ca,ALL_POSTCUTOFF,CONSISTENT_WITH_DOCUMENTED_RULE; policy/format limitations retained,"Reviewed net opening/current direction, candidate offer and highlight binding; unapproved movement floor still blocks otherwise qualifying offers."
1481,1475314653,69551,2026-09-25T19:35:44.349+00:00,2026-09-25T19:35:44+00:00,PARSED,,True,basketball,World - Club Friendlies,Seoul SK Knights vs Wonju Dongbu Promy,SPREAD,3.5,12.5,,"[{""price"": ""1.833"", ""arrow"": null, ""parenthetical"": null, ""highlighted"": false}, {""price"": ""1.833"", ""arrow"": null, ""parenthetical"": null, ""highlighted"": false}]","[{""price"": ""1.884"", ""arrow"": ""\u2b06"", ""parenthetical"": ""1.800"", ""highlighted"": false}, {""price"": ""1.787"", ""arrow"": ""\u2b07"", ""parenthetical"": ""1.869"", ""highlighted"": false}]",9.0,UP,AWAY,-9.5,1.83,9.5,1.83,,None (not equal lines),False,3.0,AWAY,ACCEPT,STALE,True,HIGH_DIRECTION_ONLY,,clear_sharp_side_signal,favourable_line_unpriced,False,AWAY,REJECT,sharp_movement: Minimum Pinnacle movement policy is not configured; no threshold invented,REJECT,ACCEPT,All rules passed,dfbe83179e440fe464fd51ad5cf35ac4d36865be5fec146facbd177d502c06db,ALL_POSTCUTOFF,CONSISTENT_WITH_DOCUMENTED_RULE; policy/format limitations retained,"Reviewed net opening/current direction, candidate offer and highlight binding; unapproved movement floor still blocks otherwise qualifying offers."
1482,1475314653,69552,2026-09-25T19:37:10.388+00:00,2026-09-25T19:37:10+00:00,PARSED,,True,basketball,New Zealand - NBL Women,Tokomanawa Queens vs Northern Kahu,SPREAD,-14,-2.5,,"[{""price"": ""1.854"", ""arrow"": null, ""parenthetical"": null, ""highlighted"": false}, {""price"": ""1.813"", ""arrow"": null, ""parenthetical"": null, ""highlighted"": false}]","[{""price"": ""1.606"", ""arrow"": ""\u2b07"", ""parenthetical"": ""1.675"", ""highlighted"": false}, {""price"": ""2.100"", ""arrow"": ""\u2b06"", ""parenthetical"": ""2.000"", ""highlighted"": false}]",11.5,UP,AWAY,2.5,1.80,-2.5,1.86,HOME,107.35%,True,0.0,HOME,ACCEPT,STALE,False,HIGH_DIRECTION_ONLY,No supplied equal-line EV bound to the sharp side,clear_sharp_side_signal,no_proven_same_side_value,False,AWAY,REJECT,"bet_quality: UNFAVOURABLE (line EQUAL, price UNFAVOURABLE, EV SUPPLIED_FOR_OTHER_SIDE)",NO BET,REJECT,"bet_quality: UNFAVOURABLE (line EQUAL, price UNFAVOURABLE, EV SUPPLIED_FOR_OTHER_SIDE)",ba68c436a2fa25dcba6ccd72d036bb9e175a5f8c45efa46cd98b519f0521eadc,ALL_POSTCUTOFF,CONSISTENT_WITH_DOCUMENTED_RULE; policy/format limitations retained,"Reviewed net opening/current direction, candidate offer and highlight binding; unapproved movement floor still blocks otherwise qualifying offers."
1483,1475314653,69553,2026-09-25T19:43:25.560+00:00,2026-09-25T19:43:25+00:00,PARSED,,True,basketball,World - Club Friendlies,Seoul SK Knights vs Wonju Dongbu Promy,SPREAD,3.5,12.5,,"[{""price"": ""1.833"", ""arrow"": null, ""parenthetical"": null, ""highlighted"": false}, {""price"": ""1.833"", ""arrow"": null, ""parenthetical"": null, ""highlighted"": false}]","[{""price"": ""1.909"", ""arrow"": ""\u2b06"", ""parenthetical"": ""1.833"", ""highlighted"": false}, {""price"": ""1.757"", ""arrow"": ""\u2b07"", ""parenthetical"": ""1.833"", ""highlighted"": false}]",9.0,UP,AWAY,-9.5,1.83,9.5,1.83,,None (not equal lines),False,3.0,AWAY,ACCEPT,STALE,True,HIGH_DIRECTION_ONLY,,clear_sharp_side_signal,favourable_line_unpriced,False,AWAY,REJECT,sharp_movement: Minimum Pinnacle movement policy is not configured; no threshold invented,REJECT,ACCEPT,All rules passed,dfb95642a6c7103a0cd2493c3974b3d06b5c1b434317064539c79e1a970d0cf9,ALL_POSTCUTOFF,CONSISTENT_WITH_DOCUMENTED_RULE; policy/format limitations retained,"Reviewed net opening/current direction, candidate offer and highlight binding; unapproved movement floor still blocks otherwise qualifying offers."
1484,1475314653,69554,2026-09-25T19:43:49.394+00:00,2026-09-25T19:43:49+00:00,DUPLICATE,,True,basketball,World - Club Friendlies,Seoul SK Knights vs Wonju Dongbu Promy,SPREAD,3.5,13,,"[{""price"": ""1.833"", ""arrow"": null, ""parenthetical"": null, ""highlighted"": false}, {""price"": ""1.833"", ""arrow"": null, ""parenthetical"": null, ""highlighted"": false}]","[{""price"": ""1.833"", ""arrow"": ""\u2b06"", ""parenthetical"": ""1.793"", ""highlighted"": false}, {""price"": ""1.826"", ""arrow"": ""\u2b07"", ""parenthetical"": ""1.869"", ""highlighted"": false}]",9.5,UP,AWAY,-9.5,1.83,9.5,1.83,,None (not equal lines),False,3.5,AWAY,ACCEPT,,True,HIGH_DIRECTION_ONLY,,clear_sharp_side_signal,favourable_line_unpriced,False,AWAY,REJECT,sharp_movement: Minimum Pinnacle movement policy is not configured; no threshold invented,REJECT,ACCEPT,All rules passed,5215d1bcb8e0ebc9fe0d52a1c240a2173d37e1b7956779f4aa676d9d47ba365a,ALL_POSTCUTOFF,CONSISTENT_WITH_DOCUMENTED_RULE; policy/format limitations retained,"Reviewed net opening/current direction, candidate offer and highlight binding; unapproved movement floor still blocks otherwise qualifying offers."
1485,1475314653,69555,2026-09-25T19:53:15.681+00:00,2026-09-25T19:53:15+00:00,PARSED,,True,basketball,Japan - B2 League,Ehime Orange Vikings vs Aomori Wats,SPREAD,-13.5,-3.5,,"[{""price"": ""1.862"", ""arrow"": null, ""parenthetical"": null, ""highlighted"": false}, {""price"": ""1.806"", ""arrow"": null, ""parenthetical"": null, ""highlighted"": false}]","[{""price"": ""1.584"", ""arrow"": ""\u2b07"", ""parenthetical"": ""1.787"", ""highlighted"": false}, {""price"": ""2.130"", ""arrow"": ""\u2b06"", ""parenthetical"": ""1.877"", ""highlighted"": false}]",10.0,UP,AWAY,3.5,1.83,-3.5,1.83,HOME,107.12%,True,0.0,HOME,ACCEPT,STALE,False,HIGH_DIRECTION_ONLY,No supplied equal-line EV bound to the sharp side,clear_sharp_side_signal,no_proven_same_side_value,False,AWAY,REJECT,"bet_quality: UNFAVOURABLE (line EQUAL, price UNFAVOURABLE, EV SUPPLIED_FOR_OTHER_SIDE)",NO BET,REJECT,"bet_quality: UNFAVOURABLE (line EQUAL, price UNFAVOURABLE, EV SUPPLIED_FOR_OTHER_SIDE)",a3ef995746b171c384a2f1640b0918562b7daa511ac22dbf03ae5cc6fffc4af3,ALL_POSTCUTOFF,CONSISTENT_WITH_DOCUMENTED_RULE; policy/format limitations retained,"Reviewed net opening/current direction, candidate offer and highlight binding; unapproved movement floor still blocks otherwise qualifying offers."
1486,1475314653,69556,2026-09-25T19:56:55.541+00:00,2026-09-25T19:56:55+00:00,PARSED,,True,basketball,New Zealand - NBL Women,Mainland Pouakai vs Southern Hoiho,TOTALS,165,158,,"[{""price"": ""1.854"", ""arrow"": null, ""parenthetical"": null, ""highlighted"": false}, {""price"": ""1.813"", ""arrow"": null, ""parenthetical"": null, ""highlighted"": false}]","[{""price"": ""1.909"", ""arrow"": ""\u2b06"", ""parenthetical"": ""1.813"", ""highlighted"": false}, {""price"": ""1.763"", ""arrow"": ""\u2b07"", ""parenthetical"": ""1.854"", ""highlighted"": false}]",7,DOWN,UNDER,160.5,1.83,160.5,1.83,,None (not equal lines),False,2.5,UNDER,ACCEPT,STALE,True,HIGH_DIRECTION_ONLY,,clear_sharp_side_signal,favourable_line_unpriced,False,UNDER,REJECT,sharp_movement: Minimum Pinnacle movement policy is not configured; no threshold invented,REJECT,ACCEPT,All rules passed,2a7e71c027f28d472b8f8a42da98d2a1314df489e0a4cb7dc310622f3be10901,ALL_POSTCUTOFF,CONSISTENT_WITH_DOCUMENTED_RULE; policy/format limitations retained,"Reviewed net opening/current direction, candidate offer and highlight binding; unapproved movement floor still blocks otherwise qualifying offers."
1487,1475314653,69557,2026-09-25T19:59:48.483+00:00,2026-09-25T19:59:48+00:00,AMBIGUOUS,,True,basketball,Serbia - 1 ZLS Women,ZKK Kraljevo vs RAS Beograd,MONEYLINE,,,,"[{""price"": ""1.380"", ""arrow"": null, ""parenthetical"": null, ""highlighted"": false}, {""price"": ""2.510"", ""arrow"": null, ""parenthetical"": null, ""highlighted"": false}]","[{""price"": ""1.943"", ""arrow"": ""\u2b06"", ""parenthetical"": ""1.806"", ""highlighted"": false}, {""price"": ""1.675"", ""arrow"": ""\u2b07"", ""parenthetical"": ""1.793"", ""highlighted"": false}]",,,,,,,,UNVERIFIED_POSITION_2,120.71%,,,,AMBIGUOUS,,,INSUFFICIENT,Missing opening/current line or unverified market/quote mapping,insufficient_data,insufficient_data,False,,AMBIGUOUS,UNSUPPORTED_MAPPING: basketball MONEYLINE has no production-verified layout/ordering (Invalid or unsupported linked label: '[ZKK Kraljevo vs RAS Beograd](https://oddshub.io/basketball/serbia-1-zls-women/74791968?market=ML)'),AMBIGUOUS,AMBIGUOUS,UNSUPPORTED_MAPPING: basketball MONEYLINE has no production-verified layout/ordering (Invalid or unsupported linked label: '[ZKK Kraljevo vs RAS Beograd](https://oddshub.io/basketball/serbia-1-zls-women/74791968?market=ML)'),724db3113d1c61060a5d7a06537a3282bde9a45f9805f32cfd198f5fabcadff8,ALL_POSTCUTOFF,CONSISTENT_WITH_DOCUMENTED_RULE; policy/format limitations retained,"Reviewed net opening/current direction, candidate offer and highlight binding; unapproved movement floor still blocks otherwise qualifying offers."
1488,1475314653,69558,2026-09-25T19:59:48.522+00:00,2026-09-25T19:59:48+00:00,PARSED,,True,basketball,Serbia - 1 ZLS Women,ZKK Kraljevo vs RAS Beograd,SPREAD,-5,2,-1,"[{""price"": ""1.884"", ""arrow"": null, ""parenthetical"": null, ""highlighted"": false}, {""price"": ""1.724"", ""arrow"": null, ""parenthetical"": null, ""highlighted"": false}]","[{""price"": ""1.769"", ""arrow"": ""\u2b07"", ""parenthetical"": ""1.854"", ""highlighted"": false}, {""price"": ""1.833"", ""arrow"": ""\u2b06"", ""parenthetical"": ""1.751"", ""highlighted"": false}]",7,UP,AWAY,3,1.83,-3,1.83,,None (not equal lines),False,5,AWAY,ACCEPT,STALE,True,HIGH_DIRECTION_ONLY,Cross-book favourite disagreement; Bet365 orientation needs verification,clear_sharp_side_signal,ambiguous,False,,AMBIGUOUS,Pinnacle (2) and Bet365 (-3) favour different teams by 5 points: the Bet365 spread appears to have an unresolved sign reference; do not assume a perspective correction,AMBIGUOUS,AMBIGUOUS,Pinnacle (2) and Bet365 (-3) favour different teams by 5 points: the Bet365 spread appears to have an unresolved sign reference; do not assume a perspective correction,0d7613e19e7eca5478df1d5340c516e95370fb1058bfb513af8ea9a150b2d944,ALL_POSTCUTOFF,CONSISTENT_WITH_DOCUMENTED_RULE; policy/format limitations retained,"Reviewed net opening/current direction, candidate offer and highlight binding; unapproved movement floor still blocks otherwise qualifying offers."
1489,1475314653,69559,2026-09-25T20:00:42.251+00:00,2026-09-25T20:00:42+00:00,PARSED,,True,basketball,World - Club Friendlies,Seoul SK Knights vs Wonju Dongbu Promy,SPREAD,3.5,9.5,13.5,"[{""price"": ""1.833"", ""arrow"": null, ""parenthetical"": null, ""highlighted"": false}, {""price"": ""1.833"", ""arrow"": null, ""parenthetical"": null, ""highlighted"": false}]","[{""price"": ""2.250"", ""arrow"": ""\u2b06"", ""parenthetical"": ""1.854"", ""highlighted"": false}, {""price"": ""1.520"", ""arrow"": ""\u2b07"", ""parenthetical"": ""1.806"", ""highlighted"": false}]",6.0,UP,AWAY,-9.5,1.83,9.5,1.83,AWAY,112.13%,True,0.0,AWAY,ACCEPT,STALE,True,HIGH_DIRECTION_ONLY,,clear_sharp_side_signal,equal_line_supplied_edge,True,AWAY,REJECT,sharp_movement: Minimum Pinnacle movement policy is not configured; no threshold invented,REJECT,ACCEPT,All rules passed,e57f29f41f9001a2865300ce539a08386248957f5b3ff4f833b1333095db15da,ALL_POSTCUTOFF,CONSISTENT_WITH_DOCUMENTED_RULE; policy/format limitations retained,"Reviewed net opening/current direction, candidate offer and highlight binding; unapproved movement floor still blocks otherwise qualifying offers."
1490,1475314653,69560,2026-09-25T20:02:08.652+00:00,2026-09-25T20:02:08+00:00,DUPLICATE,,True,basketball,World - Club Friendlies,Seoul SK Knights vs Wonju Dongbu Promy,SPREAD,3.5,12,,"[{""price"": ""1.833"", ""arrow"": null, ""parenthetical"": null, ""highlighted"": false}, {""price"": ""1.833"", ""arrow"": null, ""parenthetical"": null, ""highlighted"": false}]","[{""price"": ""1.970"", ""arrow"": ""\u2b06"", ""parenthetical"": ""1.854"", ""highlighted"": false}, {""price"": ""1.704"", ""arrow"": ""\u2b07"", ""parenthetical"": ""1.813"", ""highlighted"": false}]",8.5,UP,AWAY,-9.5,1.83,9.5,1.83,,None (not equal lines),False,2.5,AWAY,ACCEPT,,True,HIGH_DIRECTION_ONLY,,clear_sharp_side_signal,favourable_line_unpriced,False,AWAY,REJECT,sharp_movement: Minimum Pinnacle movement policy is not configured; no threshold invented,REJECT,ACCEPT,All rules passed,e818bc11a9f0858b545a1fa6581eb3ad941a85996436ab833c2bd41e1edad16d,ALL_POSTCUTOFF,CONSISTENT_WITH_DOCUMENTED_RULE; policy/format limitations retained,"Reviewed net opening/current direction, candidate offer and highlight binding; unapproved movement floor still blocks otherwise qualifying offers."
1491,1475314653,69561,2026-09-25T20:04:04.471+00:00,2026-09-25T20:04:04+00:00,DUPLICATE,,True,basketball,Serbia - 1 ZLS Women,ZKK Kraljevo vs RAS Beograd,SPREAD,-5,1.5,2,"[{""price"": ""1.884"", ""arrow"": null, ""parenthetical"": null, ""highlighted"": false}, {""price"": ""1.724"", ""arrow"": null, ""parenthetical"": null, ""highlighted"": false}]","[{""price"": ""1.781"", ""arrow"": ""\u2b06"", ""parenthetical"": ""1.763"", ""highlighted"": false}, {""price"": ""1.819"", ""arrow"": ""\u2b07"", ""parenthetical"": ""1.840"", ""highlighted"": false}]",6.5,UP,AWAY,3,1.83,-3,1.83,,None (not equal lines),False,4.5,AWAY,ACCEPT,,True,HIGH_DIRECTION_ONLY,Cross-book favourite disagreement; Bet365 orientation needs verification,clear_sharp_side_signal,ambiguous,True,,AMBIGUOUS,Pinnacle (1.5) and Bet365 (-3) favour different teams by 4.5 points: the Bet365 spread appears to have an unresolved sign reference; do not assume a perspective correction,AMBIGUOUS,AMBIGUOUS,Pinnacle (1.5) and Bet365 (-3) favour different teams by 4.5 points: the Bet365 spread appears to have an unresolved sign reference; do not assume a perspective correction,2be5ca18ee8c3b3f58f1d3fce7a702c41827f0c15a992fd768d7c4bb5e7a33d5,ALL_POSTCUTOFF,CONSISTENT_WITH_DOCUMENTED_RULE; policy/format limitations retained,"Reviewed net opening/current direction, candidate offer and highlight binding; unapproved movement floor still blocks otherwise qualifying offers."
1492,1475314653,69562,2026-09-25T20:04:29.241+00:00,2026-09-25T20:04:29+00:00,AMBIGUOUS,,True,basketball,Japan - B League,Kobe Storks vs Osaka Evessa,MONEYLINE,,,,"[{""price"": ""2.620"", ""arrow"": null, ""parenthetical"": null, ""highlighted"": false}, {""price"": ""1.469"", ""arrow"": null, ""parenthetical"": null, ""highlighted"": false}]","[{""price"": ""2.160"", ""arrow"": ""\u2b07"", ""parenthetical"": ""2.620"", ""highlighted"": false}, {""price"": ""1.680"", ""arrow"": ""\u2b06"", ""parenthetical"": ""1.469"", ""highlighted"": false}]",,,,,,,,UNVERIFIED_POSITION_1,110.14%,,,,AMBIGUOUS,,,INSUFFICIENT,Missing opening/current line or unverified market/quote mapping,insufficient_data,insufficient_data,False,,AMBIGUOUS,UNSUPPORTED_MAPPING: basketball MONEYLINE has no production-verified layout/ordering (Invalid or unsupported linked label: '[Kobe Storks vs Osaka Evessa](https://oddshub.io/basketball/japan-b1-league/72695920?market=ML)'),AMBIGUOUS,AMBIGUOUS,UNSUPPORTED_MAPPING: basketball MONEYLINE has no production-verified layout/ordering (Invalid or unsupported linked label: '[Kobe Storks vs Osaka Evessa](https://oddshub.io/basketball/japan-b1-league/72695920?market=ML)'),71a3fc86adcfcd9c21d14bb06a3d3d5e33da935d82bc96b19ca38476fb78e606,ALL_POSTCUTOFF,CONSISTENT_WITH_DOCUMENTED_RULE; policy/format limitations retained,"Reviewed net opening/current direction, candidate offer and highlight binding; unapproved movement floor still blocks otherwise qualifying offers."
1493,1475314653,69563,2026-09-25T20:04:42.706+00:00,2026-09-25T20:04:42+00:00,AMBIGUOUS,,True,basketball,Japan - B League,Kobe Storks vs Osaka Evessa,MONEYLINE,,,,"[{""price"": ""2.620"", ""arrow"": null, ""parenthetical"": null, ""highlighted"": false}, {""price"": ""1.469"", ""arrow"": null, ""parenthetical"": null, ""highlighted"": false}]","[{""price"": ""1.980"", ""arrow"": ""\u2b07"", ""parenthetical"": ""2.160"", ""highlighted"": false}, {""price"": ""1.806"", ""arrow"": ""\u2b06"", ""parenthetical"": ""1.680"", ""highlighted"": false}]",,,,,,,,UNVERIFIED_POSITION_1,121.11%,,,,AMBIGUOUS,,,INSUFFICIENT,Missing opening/current line or unverified market/quote mapping,insufficient_data,insufficient_data,False,,AMBIGUOUS,UNSUPPORTED_MAPPING: basketball MONEYLINE has no production-verified layout/ordering (Invalid or unsupported linked label: '[Kobe Storks vs Osaka Evessa](https://oddshub.io/basketball/japan-b1-league/72695920?market=ML)'),AMBIGUOUS,AMBIGUOUS,UNSUPPORTED_MAPPING: basketball MONEYLINE has no production-verified layout/ordering (Invalid or unsupported linked label: '[Kobe Storks vs Osaka Evessa](https://oddshub.io/basketball/japan-b1-league/72695920?market=ML)'),8578d1d0f03aa6748084fc2f68fa64a9435f19e703c0823ad9bacd3cf88ab937,ALL_POSTCUTOFF,CONSISTENT_WITH_DOCUMENTED_RULE; policy/format limitations retained,"Reviewed net opening/current direction, candidate offer and highlight binding; unapproved movement floor still blocks otherwise qualifying offers."
1494,1475314653,69564,2026-09-25T20:05:06.933+00:00,2026-09-25T20:05:06+00:00,PARSED,,True,basketball,Japan - B League,Kobe Storks vs Osaka Evessa,SPREAD,4.5,3,,"[{""price"": ""1.892"", ""arrow"": null, ""parenthetical"": null, ""highlighted"": false}, {""price"": ""1.892"", ""arrow"": null, ""parenthetical"": null, ""highlighted"": false}]","[{""price"": ""1.714"", ""arrow"": ""\u2b07"", ""parenthetical"": ""1.877"", ""highlighted"": false}, {""price"": ""2.090"", ""arrow"": ""\u2b06"", ""parenthetical"": ""1.900"", ""highlighted"": false}]",1.5,DOWN,HOME,3,2.05,-3,1.68,HOME,113.59%,True,0,HOME,ACCEPT,STALE,True,HIGH_DIRECTION_ONLY,,clear_sharp_side_signal,equal_line_supplied_edge,False,HOME,REJECT,sharp_movement: Minimum Pinnacle movement policy is not configured; no threshold invented,REJECT,ACCEPT,All rules passed,88f16fb590d3beed743bf74841932082819ccfc4037ff8bf08acd2d62b85393d,ALL_POSTCUTOFF,CONSISTENT_WITH_DOCUMENTED_RULE; policy/format limitations retained,"Reviewed net opening/current direction, candidate offer and highlight binding; unapproved movement floor still blocks otherwise qualifying offers."
1495,1475314653,69565,2026-09-25T20:05:06.975+00:00,2026-09-25T20:05:06+00:00,AMBIGUOUS,,True,basketball,Japan - B League,Kobe Storks vs Osaka Evessa,MONEYLINE,,,,"[{""price"": ""2.620"", ""arrow"": null, ""parenthetical"": null, ""highlighted"": false}, {""price"": ""1.469"", ""arrow"": null, ""parenthetical"": null, ""highlighted"": false}]","[{""price"": ""1.826"", ""arrow"": ""\u2b07"", ""parenthetical"": ""1.980"", ""highlighted"": false}, {""price"": ""1.970"", ""arrow"": ""\u2b06"", ""parenthetical"": ""1.806"", ""highlighted"": false}]",,,,,,,,UNVERIFIED_POSITION_1,132.74%,,,,AMBIGUOUS,,,INSUFFICIENT,Missing opening/current line or unverified market/quote mapping,insufficient_data,insufficient_data,False,,AMBIGUOUS,UNSUPPORTED_MAPPING: basketball MONEYLINE has no production-verified layout/ordering (Invalid or unsupported linked label: '[Kobe Storks vs Osaka Evessa](https://oddshub.io/basketball/japan-b1-league/72695920?market=ML)'),AMBIGUOUS,AMBIGUOUS,UNSUPPORTED_MAPPING: basketball MONEYLINE has no production-verified layout/ordering (Invalid or unsupported linked label: '[Kobe Storks vs Osaka Evessa](https://oddshub.io/basketball/japan-b1-league/72695920?market=ML)'),8e592d674bd9a08c001016925f7c939ece052441f957d6d0f65b5c6da0691af5,ALL_POSTCUTOFF,CONSISTENT_WITH_DOCUMENTED_RULE; policy/format limitations retained,"Reviewed net opening/current direction, candidate offer and highlight binding; unapproved movement floor still blocks otherwise qualifying offers."
1496,1475314653,69566,2026-09-25T20:08:14.136+00:00,2026-09-25T20:08:14+00:00,PARSED,,True,basketball,World - Club Friendlies,Seoul SK Knights vs Wonju Dongbu Promy,SPREAD,3.5,12.5,,"[{""price"": ""1.833"", ""arrow"": null, ""parenthetical"": null, ""highlighted"": false}, {""price"": ""1.833"", ""arrow"": null, ""parenthetical"": null, ""highlighted"": false}]","[{""price"": ""1.909"", ""arrow"": ""\u2b06"", ""parenthetical"": ""1.862"", ""highlighted"": false}, {""price"": ""1.757"", ""arrow"": ""\u2b07"", ""parenthetical"": ""1.793"", ""highlighted"": false}]",9.0,UP,AWAY,-9.5,1.83,9.5,1.83,,None (not equal lines),False,3.0,AWAY,ACCEPT,QUEUED,True,HIGH_DIRECTION_ONLY,,clear_sharp_side_signal,favourable_line_unpriced,False,AWAY,REJECT,sharp_movement: Minimum Pinnacle movement policy is not configured; no threshold invented,REJECT,ACCEPT,All rules passed,b692b2d5a741bd4631c104b222c7bd6a97fc94699840a02f3c479d87e257d51f,ALL_POSTCUTOFF,CONSISTENT_WITH_DOCUMENTED_RULE; policy/format limitations retained,"Reviewed net opening/current direction, candidate offer and highlight binding; unapproved movement floor still blocks otherwise qualifying offers."
1497,1475314653,69567,2026-09-25T20:08:35.416+00:00,2026-09-25T20:08:35+00:00,DUPLICATE,,True,basketball,World - Club Friendlies,Seoul SK Knights vs Wonju Dongbu Promy,SPREAD,3.5,13,,"[{""price"": ""1.833"", ""arrow"": null, ""parenthetical"": null, ""highlighted"": false}, {""price"": ""1.833"", ""arrow"": null, ""parenthetical"": null, ""highlighted"": false}]","[{""price"": ""1.869"", ""arrow"": ""\u2b06"", ""parenthetical"": ""1.826"", ""highlighted"": false}, {""price"": ""1.800"", ""arrow"": ""\u2b07"", ""parenthetical"": ""1.840"", ""highlighted"": false}]",9.5,UP,AWAY,-9.5,1.83,9.5,1.83,,None (not equal lines),False,3.5,AWAY,ACCEPT,,True,HIGH_DIRECTION_ONLY,,clear_sharp_side_signal,favourable_line_unpriced,False,AWAY,REJECT,sharp_movement: Minimum Pinnacle movement policy is not configured; no threshold invented,REJECT,ACCEPT,All rules passed,0c51aeb4fe2db81b6712c2404945b238711ee0ca950ada7bd8e90ab9ac2c567d,ALL_POSTCUTOFF,CONSISTENT_WITH_DOCUMENTED_RULE; policy/format limitations retained,"Reviewed net opening/current direction, candidate offer and highlight binding; unapproved movement floor still blocks otherwise qualifying offers."
1498,1475314653,69568,2026-09-25T20:09:25.615+00:00,2026-09-25T20:09:25+00:00,AMBIGUOUS,,True,basketball,Japan - B League,Kobe Storks vs Osaka Evessa,MONEYLINE,,,,"[{""price"": ""2.620"", ""arrow"": null, ""parenthetical"": null, ""highlighted"": false}, {""price"": ""1.469"", ""arrow"": null, ""parenthetical"": null, ""highlighted"": false}]","[{""price"": ""1.900"", ""arrow"": ""\u2b07"", ""parenthetical"": ""2.000"", ""highlighted"": false}, {""price"": ""1.884"", ""arrow"": ""\u2b06"", ""parenthetical"": ""1.793"", ""highlighted"": false}]",,,,,,,,UNVERIFIED_POSITION_1,126.91%,,,,AMBIGUOUS,,,INSUFFICIENT,Missing opening/current line or unverified market/quote mapping,insufficient_data,insufficient_data,False,,AMBIGUOUS,UNSUPPORTED_MAPPING: basketball MONEYLINE has no production-verified layout/ordering (Invalid or unsupported linked label: '[Kobe Storks vs Osaka Evessa](https://oddshub.io/basketball/japan-b1-league/72695920?market=ML)'),AMBIGUOUS,AMBIGUOUS,UNSUPPORTED_MAPPING: basketball MONEYLINE has no production-verified layout/ordering (Invalid or unsupported linked label: '[Kobe Storks vs Osaka Evessa](https://oddshub.io/basketball/japan-b1-league/72695920?market=ML)'),3dae054694389de4db09efd9b4c205cadad584fb24797a4d148fd9349e2a291c,ALL_POSTCUTOFF,CONSISTENT_WITH_DOCUMENTED_RULE; policy/format limitations retained,"Reviewed net opening/current direction, candidate offer and highlight binding; unapproved movement floor still blocks otherwise qualifying offers."
1499,1475314653,69569,2026-09-25T20:09:26.012+00:00,2026-09-25T20:09:25+00:00,DUPLICATE,,True,basketball,World - Club Friendlies,Seoul SK Knights vs Wonju Dongbu Promy,SPREAD,3.5,13,,"[{""price"": ""1.833"", ""arrow"": null, ""parenthetical"": null, ""highlighted"": false}, {""price"": ""1.833"", ""arrow"": null, ""parenthetical"": null, ""highlighted"": false}]","[{""price"": ""1.917"", ""arrow"": ""\u2b06"", ""parenthetical"": ""1.869"", ""highlighted"": false}, {""price"": ""1.757"", ""arrow"": ""\u2b07"", ""parenthetical"": ""1.800"", ""highlighted"": false}]",9.5,UP,AWAY,-9.5,1.83,9.5,1.83,,None (not equal lines),False,3.5,AWAY,ACCEPT,,True,HIGH_DIRECTION_ONLY,,clear_sharp_side_signal,favourable_line_unpriced,False,AWAY,REJECT,sharp_movement: Minimum Pinnacle movement policy is not configured; no threshold invented,REJECT,ACCEPT,All rules passed,874070898d2ed7a63cac9c8b8afa711316a7575497ce8f96391ba68e0fec8bf3,ALL_POSTCUTOFF,CONSISTENT_WITH_DOCUMENTED_RULE; policy/format limitations retained,"Reviewed net opening/current direction, candidate offer and highlight binding; unapproved movement floor still blocks otherwise qualifying offers."
1500,1475314653,69570,2026-09-25T20:09:38.147+00:00,2026-09-25T20:09:38+00:00,PARSED,,True,basketball,Japan - B League,Kobe Storks vs Osaka Evessa,SPREAD,4.5,2.5,,"[{""price"": ""1.892"", ""arrow"": null, ""parenthetical"": null, ""highlighted"": false}, {""price"": ""1.892"", ""arrow"": null, ""parenthetical"": null, ""highlighted"": false}]","[{""price"": ""1.636"", ""arrow"": ""\u2b07"", ""parenthetical"": ""1.675"", ""highlighted"": false}, {""price"": ""2.200"", ""arrow"": ""\u2b06"", ""parenthetical"": ""2.140"", ""highlighted"": false}]",2.0,DOWN,HOME,2.5,1.83,-2.5,1.83,HOME,106.32%,True,0.0,HOME,ACCEPT,QUEUED,True,HIGH_DIRECTION_ONLY,,clear_sharp_side_signal,equal_line_supplied_edge,False,HOME,REJECT,sharp_movement: Minimum Pinnacle movement policy is not configured; no threshold invented,REJECT,ACCEPT,All rules passed,a33fb04cd7701936799ffa2a9b40198bb48f091e8bdadab0b299a2a7db5a02bf,ALL_POSTCUTOFF,CONSISTENT_WITH_DOCUMENTED_RULE; policy/format limitations retained,"Reviewed net opening/current direction, candidate offer and highlight binding; unapproved movement floor still blocks otherwise qualifying offers."
1501,1475314653,69571,2026-09-25T20:09:38.212+00:00,2026-09-25T20:09:38+00:00,AMBIGUOUS,,True,basketball,Japan - B League,Kobe Storks vs Osaka Evessa,MONEYLINE,,,,"[{""price"": ""2.620"", ""arrow"": null, ""parenthetical"": null, ""highlighted"": false}, {""price"": ""1.469"", ""arrow"": null, ""parenthetical"": null, ""highlighted"": false}]","[{""price"": ""1.806"", ""arrow"": ""\u2b07"", ""parenthetical"": ""1.900"", ""highlighted"": false}, {""price"": ""1.980"", ""arrow"": ""\u2b06"", ""parenthetical"": ""1.884"", ""highlighted"": false}]",,,,,,,,UNVERIFIED_POSITION_1,133.89%,,,,AMBIGUOUS,,,INSUFFICIENT,Missing opening/current line or unverified market/quote mapping,insufficient_data,insufficient_data,False,,AMBIGUOUS,UNSUPPORTED_MAPPING: basketball MONEYLINE has no production-verified layout/ordering (Invalid or unsupported linked label: '[Kobe Storks vs Osaka Evessa](https://oddshub.io/basketball/japan-b1-league/72695920?market=ML)'),AMBIGUOUS,AMBIGUOUS,UNSUPPORTED_MAPPING: basketball MONEYLINE has no production-verified layout/ordering (Invalid or unsupported linked label: '[Kobe Storks vs Osaka Evessa](https://oddshub.io/basketball/japan-b1-league/72695920?market=ML)'),35727b591de12dc9f8115bf208a28be9f26602674105570d2ba8ea74098b418b,ALL_POSTCUTOFF,CONSISTENT_WITH_DOCUMENTED_RULE; policy/format limitations retained,"Reviewed net opening/current direction, candidate offer and highlight binding; unapproved movement floor still blocks otherwise qualifying offers."
1502,1475314653,69572,2026-09-25T20:09:39.424+00:00,2026-09-25T20:09:39+00:00,PARSED,,True,basketball,Italy - Lega A,Pallacanestro Reggiana vs Aquila Trento,TOTALS,165.5,166.5,,"[{""price"": ""1.909"", ""arrow"": null, ""parenthetical"": null, ""highlighted"": false}, {""price"": ""1.877"", ""arrow"": null, ""parenthetical"": null, ""highlighted"": false}]","[{""price"": ""1.970"", ""arrow"": ""\u2b06"", ""parenthetical"": ""1.917"", ""highlighted"": false}, {""price"": ""1.826"", ""arrow"": ""\u2b07"", ""parenthetical"": ""1.869"", ""highlighted"": false}]",1.0,UP,OVER,168.5,1.86,168.5,1.86,,None (not equal lines),False,-2.0,UNDER,ACCEPT,QUEUED,False,HIGH_DIRECTION_ONLY,,clear_sharp_side_signal,moved_too_far,False,OVER,REJECT,"bet_quality: UNFAVOURABLE (line UNFAVOURABLE, price NOT_COMPARABLE, EV NOT_AVAILABLE_UNEQUAL_LINES)",NO BET,REJECT,"bet_quality: UNFAVOURABLE (line UNFAVOURABLE, price NOT_COMPARABLE, EV NOT_AVAILABLE_UNEQUAL_LINES)",fc6f23c89646400459d255dae0ed31b3fd4352312b4e06b94264ef33936743bd,ALL_POSTCUTOFF,CONSISTENT_WITH_DOCUMENTED_RULE; policy/format limitations retained,"Reviewed net opening/current direction, candidate offer and highlight binding; unapproved movement floor still blocks otherwise qualifying offers."
1503,1475314653,69573,2026-09-25T20:10:13.429+00:00,2026-09-25T20:10:13+00:00,DUPLICATE,,True,basketball,World - Club Friendlies,Seoul SK Knights vs Wonju Dongbu Promy,SPREAD,3.5,13.5,,"[{""price"": ""1.833"", ""arrow"": null, ""parenthetical"": null, ""highlighted"": false}, {""price"": ""1.833"", ""arrow"": null, ""parenthetical"": null, ""highlighted"": false}]","[{""price"": ""1.900"", ""arrow"": ""\u2b06"", ""parenthetical"": ""1.826"", ""highlighted"": false}, {""price"": ""1.769"", ""arrow"": ""\u2b07"", ""parenthetical"": ""1.833"", ""highlighted"": false}]",10.0,UP,AWAY,-9.5,1.83,9.5,1.83,,None (not equal lines),False,4.0,AWAY,ACCEPT,,True,HIGH_DIRECTION_ONLY,,clear_sharp_side_signal,favourable_line_unpriced,False,AWAY,REJECT,sharp_movement: Minimum Pinnacle movement policy is not configured; no threshold invented,REJECT,ACCEPT,All rules passed,e0dd27bea48ccae5abc55374c91d77f3d2d7b77f7ddbb1c345867a5b703ca1b7,ALL_POSTCUTOFF,CONSISTENT_WITH_DOCUMENTED_RULE; policy/format limitations retained,"Reviewed net opening/current direction, candidate offer and highlight binding; unapproved movement floor still blocks otherwise qualifying offers."
1504,1475314653,69574,2026-09-25T20:10:26.426+00:00,2026-09-25T20:10:26+00:00,DUPLICATE,,True,basketball,World - Club Friendlies,Seoul SK Knights vs Wonju Dongbu Promy,SPREAD,3.5,14,,"[{""price"": ""1.833"", ""arrow"": null, ""parenthetical"": null, ""highlighted"": false}, {""price"": ""1.833"", ""arrow"": null, ""parenthetical"": null, ""highlighted"": false}]","[{""price"": ""1.862"", ""arrow"": ""\u2b06"", ""parenthetical"": ""1.819"", ""highlighted"": false}, {""price"": ""1.806"", ""arrow"": ""\u2b07"", ""parenthetical"": ""1.847"", ""highlighted"": false}]",10.5,UP,AWAY,-9.5,1.83,9.5,1.83,,None (not equal lines),False,4.5,AWAY,ACCEPT,,True,HIGH_DIRECTION_ONLY,,clear_sharp_side_signal,favourable_line_unpriced,False,AWAY,REJECT,sharp_movement: Minimum Pinnacle movement policy is not configured; no threshold invented,REJECT,ACCEPT,All rules passed,c39a35e252dd2c482770d9c35053b55b9aad41dd118d32adbda66b56c6841085,ALL_POSTCUTOFF,CONSISTENT_WITH_DOCUMENTED_RULE; policy/format limitations retained,"Reviewed net opening/current direction, candidate offer and highlight binding; unapproved movement floor still blocks otherwise qualifying offers."
1505,1475314653,69575,2026-09-25T20:10:49.522+00:00,2026-09-25T20:10:49+00:00,AMBIGUOUS,,True,basketball,Japan - B League,Kobe Storks vs Osaka Evessa,MONEYLINE,,,,"[{""price"": ""2.620"", ""arrow"": null, ""parenthetical"": null, ""highlighted"": false}, {""price"": ""1.469"", ""arrow"": null, ""parenthetical"": null, ""highlighted"": false}]","[{""price"": ""1.877"", ""arrow"": ""\u2b07"", ""parenthetical"": ""1.934"", ""highlighted"": false}, {""price"": ""1.909"", ""arrow"": ""\u2b06"", ""parenthetical"": ""1.854"", ""highlighted"": false}]",,,,,,,,UNVERIFIED_POSITION_1,128.67%,,,,AMBIGUOUS,,,INSUFFICIENT,Missing opening/current line or unverified market/quote mapping,insufficient_data,insufficient_data,False,,AMBIGUOUS,UNSUPPORTED_MAPPING: basketball MONEYLINE has no production-verified layout/ordering (Invalid or unsupported linked label: '[Kobe Storks vs Osaka Evessa](https://oddshub.io/basketball/japan-b1-league/72695920?market=ML)'),AMBIGUOUS,AMBIGUOUS,UNSUPPORTED_MAPPING: basketball MONEYLINE has no production-verified layout/ordering (Invalid or unsupported linked label: '[Kobe Storks vs Osaka Evessa](https://oddshub.io/basketball/japan-b1-league/72695920?market=ML)'),808451054881c51988ddb5971386316a7d59417b00071c9d29530f8e4b217a88,ALL_POSTCUTOFF,CONSISTENT_WITH_DOCUMENTED_RULE; policy/format limitations retained,"Reviewed net opening/current direction, candidate offer and highlight binding; unapproved movement floor still blocks otherwise qualifying offers."
1506,1475314653,69576,2026-09-25T20:12:16.494+00:00,2026-09-25T20:12:16+00:00,AMBIGUOUS,,True,basketball,Japan - B League,Kobe Storks vs Osaka Evessa,MONEYLINE,,,,"[{""price"": ""2.620"", ""arrow"": null, ""parenthetical"": null, ""highlighted"": false}, {""price"": ""1.469"", ""arrow"": null, ""parenthetical"": null, ""highlighted"": false}]","[{""price"": ""1.840"", ""arrow"": ""\u2b07"", ""parenthetical"": ""1.884"", ""highlighted"": false}, {""price"": ""1.952"", ""arrow"": ""\u2b06"", ""parenthetical"": ""1.900"", ""highlighted"": false}]",,,,,,,,UNVERIFIED_POSITION_1,131.59%,,,,AMBIGUOUS,,,INSUFFICIENT,Missing opening/current line or unverified market/quote mapping,insufficient_data,insufficient_data,False,,AMBIGUOUS,UNSUPPORTED_MAPPING: basketball MONEYLINE has no production-verified layout/ordering (Invalid or unsupported linked label: '[Kobe Storks vs Osaka Evessa](https://oddshub.io/basketball/japan-b1-league/72695920?market=ML)'),AMBIGUOUS,AMBIGUOUS,UNSUPPORTED_MAPPING: basketball MONEYLINE has no production-verified layout/ordering (Invalid or unsupported linked label: '[Kobe Storks vs Osaka Evessa](https://oddshub.io/basketball/japan-b1-league/72695920?market=ML)'),e791c4987626108515b1ee973ddd5fc0bee1190a0bb930dc48b23b2d72a11723,ALL_POSTCUTOFF,CONSISTENT_WITH_DOCUMENTED_RULE; policy/format limitations retained,"Reviewed net opening/current direction, candidate offer and highlight binding; unapproved movement floor still blocks otherwise qualifying offers."
